berglund|human|ATP2A1`|ENSG00000196296|16|28914939|28915102|+|dn_3intron	570	120	254	234
berglund|human|ATP2A1`|ENSG00000196296|16|28914939|28915102|+|dn_5intron	182	155	96	41
berglund|human|ATP2A1`|ENSG00000196296|16|28914939|28915102|+|exon	528	440	155	254
berglund|human|ATP2A1`|ENSG00000196296|16|28914939|28915102|+|up_3intron	207	382	256	50
berglund|human|ATP2A1`|ENSG00000196296|16|28914939|28915102|+|up_5intron	18	34	19	11
berglund|human|ATP2A1`|ENSG00000196296|16|28914939|28915102|+|up_exon	408	205	2	8
berglund|human|TNNT2|ENSG00000118194|1|201338914|201339027|-|dn_3intron	705	1281	2302	235
berglund|human|TNNT2|ENSG00000118194|1|201338914|201339027|-|dn_5intron	267	183	34	12
berglund|human|TNNT2|ENSG00000118194|1|201338914|201339027|-|dn_exon	675	383	467	139
berglund|human|TNNT2|ENSG00000118194|1|201338914|201339027|-|exon	334	355	95	66
berglund|human|TNNT2|ENSG00000118194|1|201338914|201339027|-|up_3intron	663	253	97	210
berglund|human|TNNT2|ENSG00000118194|1|201338914|201339027|-|up_5intron	593	172	102	67
berglund|human|TNNT2|ENSG00000118194|1|201338914|201339027|-|up_exon	410	158	43	60
berglund|mouse|NFIX|ENSMUSG00000001911|8|87247611|87247774|-|dn_3intron	956	522	386	1264
berglund|mouse|NFIX|ENSMUSG00000001911|8|87247611|87247774|-|dn_5intron	106	36	47	8
berglund|mouse|NFIX|ENSMUSG00000001911|8|87247611|87247774|-|dn_exon	193	360	124	76
berglund|mouse|NFIX|ENSMUSG00000001911|8|87247611|87247774|-|exon	1665	600	535	439
berglund|mouse|NFIX|ENSMUSG00000001911|8|87247611|87247774|-|up_3intron	274	42	45	19
berglund|mouse|NFIX|ENSMUSG00000001911|8|87247611|87247774|-|up_5intron	276	109	187	150
berglund|mouse|NFIX|ENSMUSG00000001911|8|87247611|87247774|-|up_exon	540	103	31	30
const|mouse|0610010F05Rik|ENSMUSG00000042208|11|23520229|23520467|-|dn_3intron	220	11	33	28
const|mouse|0610010F05Rik|ENSMUSG00000042208|11|23520229|23520467|-|dn_5intron	454	82	134	376
const|mouse|0610010F05Rik|ENSMUSG00000042208|11|23520229|23520467|-|dn_exon	306	31	89	137
const|mouse|0610010F05Rik|ENSMUSG00000042208|11|23520229|23520467|-|exon	470	34	60	106
const|mouse|0610010F05Rik|ENSMUSG00000042208|11|23520229|23520467|-|up_3intron	223	86	205	1263
const|mouse|0610010F05Rik|ENSMUSG00000042208|11|23520229|23520467|-|up_5intron	417	250	518	1507
const|mouse|0610010F05Rik|ENSMUSG00000042208|11|23520229|23520467|-|up_exon	458	82	159	113
const|mouse|1190002N15Rik|ENSMUSG00000045414|9|94424811|94425114|-|deep_dn	460	71	38	34
const|mouse|1190002N15Rik|ENSMUSG00000045414|9|94424811|94425114|-|deep_up	360	102	101	91
const|mouse|1190002N15Rik|ENSMUSG00000045414|9|94424811|94425114|-|dn_3intron	441	186	381	584
const|mouse|1190002N15Rik|ENSMUSG00000045414|9|94424811|94425114|-|exon	351	315	594	708
const|mouse|1190002N15Rik|ENSMUSG00000045414|9|94424811|94425114|-|up_3intron	104	60	47	29
const|mouse|1190002N15Rik|ENSMUSG00000045414|9|94424811|94425114|-|up_5intron	303	62	241	355
const|mouse|1190002N15Rik|ENSMUSG00000045414|9|94424811|94425114|-|up_exon	1279	422	585	404
const|mouse|2810403A07Rik|ENSMUSG00000028060|3|88504183|88504870|+|dn_3intron	172	51	80	599
const|mouse|2810403A07Rik|ENSMUSG00000028060|3|88504183|88504870|+|dn_5intron	328	92	33	95
const|mouse|2810403A07Rik|ENSMUSG00000028060|3|88504183|88504870|+|dn_exon	291	5876	19885	3176
const|mouse|2810403A07Rik|ENSMUSG00000028060|3|88504183|88504870|+|exon	1070	207	94	277
const|mouse|2810403A07Rik|ENSMUSG00000028060|3|88504183|88504870|+|up_3intron	397	145	125	558
const|mouse|2810403A07Rik|ENSMUSG00000028060|3|88504183|88504870|+|up_5intron	435	86	125	215
const|mouse|2810403A07Rik|ENSMUSG00000028060|3|88504183|88504870|+|up_exon	1077	158	221	201
const|mouse|2900006K08Rik|ENSMUSG00000057265|12|85751987|85752215|+|dn_3intron	448	168	197	184
const|mouse|2900006K08Rik|ENSMUSG00000057265|12|85751987|85752215|+|exon	81	37	60	17
const|mouse|2900006K08Rik|ENSMUSG00000057265|12|85751987|85752215|+|up_3intron	42	11	13	10
const|mouse|2900006K08Rik|ENSMUSG00000057265|12|85751987|85752215|+|up_5intron	1193	484	952	1354
const|mouse|2900006K08Rik|ENSMUSG00000057265|12|85751987|85752215|+|up_exon	128	192	16	4
const|mouse|3110002H16Rik|ENSMUSG00000024410|18|12347069|12347146|+|dn_3intron	462	112	33	74
const|mouse|3110002H16Rik|ENSMUSG00000024410|18|12347069|12347146|+|dn_exon	639	250	76	468
const|mouse|3110002H16Rik|ENSMUSG00000024410|18|12347069|12347146|+|exon	412	107	42	9
const|mouse|3110002H16Rik|ENSMUSG00000024410|18|12347069|12347146|+|up_3intron	636	191	134	277
const|mouse|3110002H16Rik|ENSMUSG00000024410|18|12347069|12347146|+|up_5intron	411	211	277	218
const|mouse|3110002H16Rik|ENSMUSG00000024410|18|12347069|12347146|+|up_exon	92	154	54	91
const|mouse|4922501C03Rik|ENSMUSG00000056919|9|87134650|87134768|-|dn_3intron	549	127	156	384
const|mouse|4922501C03Rik|ENSMUSG00000056919|9|87134650|87134768|-|dn_5intron	506	275	926	1583
const|mouse|4922501C03Rik|ENSMUSG00000056919|9|87134650|87134768|-|dn_exon	209	34	36	31
const|mouse|4922501C03Rik|ENSMUSG00000056919|9|87134650|87134768|-|exon	261	87	12	27
const|mouse|4922501C03Rik|ENSMUSG00000056919|9|87134650|87134768|-|up_3intron	154	63	91	112
const|mouse|4922501C03Rik|ENSMUSG00000056919|9|87134650|87134768|-|up_5intron	19	104	31	31
const|mouse|4922501C03Rik|ENSMUSG00000056919|9|87134650|87134768|-|up_exon	187	42	62	209
const|mouse|4930402H24Rik|ENSMUSG00000027309|2|130636558|130636826|-|dn_3intron	394	75	66	58
const|mouse|4930402H24Rik|ENSMUSG00000027309|2|130636558|130636826|-|dn_5intron	232	94	35	63
const|mouse|4930402H24Rik|ENSMUSG00000027309|2|130636558|130636826|-|dn_exon	169	193	48	40
const|mouse|4930402H24Rik|ENSMUSG00000027309|2|130636558|130636826|-|exon	1155	270	847	2870
const|mouse|4930402H24Rik|ENSMUSG00000027309|2|130636558|130636826|-|up_3intron	236	27	37	48
const|mouse|4930402H24Rik|ENSMUSG00000027309|2|130636558|130636826|-|up_5intron	53	75	63	48
const|mouse|4930402H24Rik|ENSMUSG00000027309|2|130636558|130636826|-|up_exon	388	253	797	508
const|mouse|AA986860|ENSMUSG00000042510|1|132637580|132637760|+|dn_3intron	202	97	131	73
const|mouse|AA986860|ENSMUSG00000042510|1|132637580|132637760|+|dn_5intron	343	78	15	30
const|mouse|AA986860|ENSMUSG00000042510|1|132637580|132637760|+|dn_exon	187	97	447	185
const|mouse|AA986860|ENSMUSG00000042510|1|132637580|132637760|+|exon	430	87	15	17
const|mouse|AA986860|ENSMUSG00000042510|1|132637580|132637760|+|up_3intron	498	154	194	105
const|mouse|AA986860|ENSMUSG00000042510|1|132637580|132637760|+|up_5intron	412	195	270	300
const|mouse|AA986860|ENSMUSG00000042510|1|132637580|132637760|+|up_exon	212	60	27	15
const|mouse|Abca1|ENSMUSG00000015243|4|53090815|53090986|-|dn_3intron	370	63	63	131
const|mouse|Abca1|ENSMUSG00000015243|4|53090815|53090986|-|dn_5intron	578	129	258	192
const|mouse|Abca1|ENSMUSG00000015243|4|53090815|53090986|-|dn_exon	402	111	17	34
const|mouse|Abca1|ENSMUSG00000015243|4|53092443|53092557|-|up_3intron	1275	211	243	347
const|mouse|Abca1|ENSMUSG00000015243|4|53092443|53092557|-|up_5intron	224	168	295	380
const|mouse|Abca1|ENSMUSG00000015243|4|53092443|53092557|-|up_exon	241	162	26	42
const|mouse|Abca5|ENSMUSG00000018800|11|110166164|110166339|-|dn_3intron	404	16	37	128
const|mouse|Abca5|ENSMUSG00000018800|11|110166164|110166339|-|dn_5intron	88	21	33	93
const|mouse|Abca5|ENSMUSG00000018800|11|110166164|110166339|-|dn_exon	126	66	180	244
const|mouse|Abca5|ENSMUSG00000018800|11|110166164|110166339|-|exon	485	50	20	50
const|mouse|Abca5|ENSMUSG00000018800|11|110166164|110166339|-|up_3intron	225	175	246	1473
const|mouse|Abca5|ENSMUSG00000018800|11|110166164|110166339|-|up_5intron	338	47	17	70
const|mouse|Abca5|ENSMUSG00000018800|11|110166164|110166339|-|up_exon	551	101	77	116
const|mouse|Abcc5|ENSMUSG00000022822|16|20333659|20333833|-|dn_3intron	262	321	42	29
const|mouse|Abcc5|ENSMUSG00000022822|16|20333659|20333833|-|dn_5intron	321	143	335	248
const|mouse|Abcc5|ENSMUSG00000022822|16|20333659|20333833|-|dn_exon	634	160	181	468
const|mouse|Abcc5|ENSMUSG00000022822|16|20333659|20333833|-|exon	631	367	482	1161
const|mouse|Abcc5|ENSMUSG00000022822|16|20333659|20333833|-|up_3intron	401	107	85	113
const|mouse|Abcc5|ENSMUSG00000022822|16|20333659|20333833|-|up_5intron	727	172	98	49
const|mouse|Abcc5|ENSMUSG00000022822|16|20333659|20333833|-|up_exon	482	101	128	70
const|mouse|Abcc5|ENSMUSG00000022822|16|20333659|20333833|-|utr	53	3	16	26
const|mouse|Ablim1|ENSMUSG00000025085|19|57116405|57116468|-|dn_3intron	561	111	222	179
const|mouse|Ablim1|ENSMUSG00000025085|19|57116405|57116468|-|dn_5intron	381	211	228	344
const|mouse|Ablim1|ENSMUSG00000025085|19|57116405|57116468|-|dn_exon	449	200	133	792
const|mouse|Ablim1|ENSMUSG00000025085|19|57116405|57116468|-|exon	128	51	18	65
const|mouse|Ablim1|ENSMUSG00000025085|19|57116405|57116468|-|up_3intron	176	33	38	31
const|mouse|Ablim1|ENSMUSG00000025085|19|57116405|57116468|-|up_5intron	244	48	72	382
const|mouse|Ablim1|ENSMUSG00000025085|19|57116405|57116468|-|up_exon	599	404	273	668
const|mouse|Acaca|ENSMUSG00000020532|11|84042422|84042528|+|deep_up	200	52	219	87
const|mouse|Acaca|ENSMUSG00000020532|11|84042422|84042528|+|dn_3intron	225	76	35	57
const|mouse|Acaca|ENSMUSG00000020532|11|84042422|84042528|+|dn_5intron	249	40	46	91
const|mouse|Acaca|ENSMUSG00000020532|11|84042422|84042528|+|dn_exon	145	28	45	20
const|mouse|Acaca|ENSMUSG00000020532|11|84042422|84042528|+|exon	244	238	486	573
const|mouse|Acaca|ENSMUSG00000020532|11|84042422|84042528|+|up_3intron	114	432	1020	177
const|mouse|Acaca|ENSMUSG00000020532|11|84042422|84042528|+|up_5intron	570	888	3183	2312
const|mouse|Acaca|ENSMUSG00000020532|11|84042422|84042528|+|up_exon	238	291	441	136
const|mouse|Acaca|ENSMUSG00000020532|11|84042422|84042528|+|utr	1393	253	65	70
const|mouse|Acaca|ENSMUSG00000020532|11|84186081|84186216|+|dn_3intron	261	1202	1637	338
const|mouse|Acaca|ENSMUSG00000020532|11|84186081|84186216|+|dn_5intron	159	41	173	22
const|mouse|Acaca|ENSMUSG00000020532|11|84186081|84186216|+|dn_exon	650	272	206	122
const|mouse|Acaca|ENSMUSG00000020532|11|84186081|84186216|+|exon	411	118	19	50
const|mouse|Acaca|ENSMUSG00000020532|11|84186081|84186216|+|up_3intron	789	186	338	427
const|mouse|Acaca|ENSMUSG00000020532|11|84186081|84186216|+|up_5intron	416	456	799	1109
const|mouse|Acaca|ENSMUSG00000020532|11|84186081|84186216|+|up_exon	353	94	99	56
const|mouse|Aco2|ENSMUSG00000022477|15|81719728|81719864|+|deep_dn	441	290	249	158
const|mouse|Aco2|ENSMUSG00000022477|15|81719728|81719864|+|deep_up	700	205	144	544
const|mouse|Aco2|ENSMUSG00000022477|15|81719728|81719864|+|dn_3intron	199	149	18	18
const|mouse|Aco2|ENSMUSG00000022477|15|81719728|81719864|+|dn_5intron	511	69	72	50
const|mouse|Aco2|ENSMUSG00000022477|15|81719728|81719864|+|dn_exon	133	119	22	21
const|mouse|Aco2|ENSMUSG00000022477|15|81719728|81719864|+|exon	649	253	165	160
const|mouse|Aco2|ENSMUSG00000022477|15|81719728|81719864|+|up_3intron	337	118	43	29
const|mouse|Aco2|ENSMUSG00000022477|15|81719728|81719864|+|up_exon	929	345	263	135
const|mouse|Acot9|ENSMUSG00000025287|X|151720832|151720908|+|dn_3intron	276	121	420	575
const|mouse|Acot9|ENSMUSG00000025287|X|151720832|151720908|+|dn_5intron	161	26	39	100
const|mouse|Acot9|ENSMUSG00000025287|X|151720832|151720908|+|dn_exon	227	103	10	9
const|mouse|Acot9|ENSMUSG00000025287|X|151720832|151720908|+|exon	295	52	179	643
const|mouse|Acot9|ENSMUSG00000025287|X|151720832|151720908|+|up_3intron	115	67	55	272
const|mouse|Acot9|ENSMUSG00000025287|X|151720832|151720908|+|up_5intron	618	134	41	53
const|mouse|Acot9|ENSMUSG00000025287|X|151720832|151720908|+|up_exon	346	43	55	112
const|mouse|Acrbp|ENSMUSG00000072770|6|125010828|125011007|+|dn_5intron	23	86	48	2
const|mouse|Acrbp|ENSMUSG00000072770|6|125010828|125011007|+|dn_exon	609	150	150	736
const|mouse|Acrbp|ENSMUSG00000072770|6|125010828|125011007|+|exon	172	268	23	94
const|mouse|Acrbp|ENSMUSG00000072770|6|125010828|125011007|+|up_5intron	312	117	159	136
const|mouse|Acrbp|ENSMUSG00000072770|6|125010828|125011007|+|up_exon	432	196	60	52
const|mouse|Acsl3|ENSMUSG00000032883|1|78693231|78693605|+|dn_3intron	433	90	44	73
const|mouse|Acsl3|ENSMUSG00000032883|1|78693231|78693605|+|dn_5intron	604	146	110	337
const|mouse|Acsl3|ENSMUSG00000032883|1|78693231|78693605|+|dn_exon	78	245	73	51
const|mouse|Acsl3|ENSMUSG00000032883|1|78693231|78693605|+|exon	377	34	125	570
const|mouse|Acsl3|ENSMUSG00000032883|1|78693231|78693605|+|up_3intron	121	29	30	43
const|mouse|Acsl3|ENSMUSG00000032883|1|78693231|78693605|+|up_exon	365	122	65	47
const|mouse|Adck3|ENSMUSG00000026489|1|182098904|182099011|-|dn_5intron	314	102	17	27
const|mouse|Adck3|ENSMUSG00000026489|1|182098904|182099011|-|dn_exon	443	142	84	96
const|mouse|Adck3|ENSMUSG00000026489|1|182098904|182099011|-|exon	769	278	152	188
const|mouse|Adck3|ENSMUSG00000026489|1|182098904|182099011|-|up_3intron	698	426	459	234
const|mouse|Adck3|ENSMUSG00000026489|1|182098904|182099011|-|up_exon	960	198	22	44
const|mouse|Ahctf1|ENSMUSG00000026491|1|181696009|181696201|-|deep_dn	578	201	402	1553
const|mouse|Ahctf1|ENSMUSG00000026491|1|181696009|181696201|-|deep_up	302	105	460	947
const|mouse|Ahctf1|ENSMUSG00000026491|1|181696009|181696201|-|dn_3intron	452	159	279	674
const|mouse|Ahctf1|ENSMUSG00000026491|1|181696009|181696201|-|dn_5intron	264	74	59	95
const|mouse|Ahctf1|ENSMUSG00000026491|1|181696009|181696201|-|dn_exon	481	258	209	824
const|mouse|Ahctf1|ENSMUSG00000026491|1|181696009|181696201|-|exon	424	183	100	245
const|mouse|Ahctf1|ENSMUSG00000026491|1|181696009|181696201|-|up_3intron	516	157	190	430
const|mouse|Ahctf1|ENSMUSG00000026491|1|181696009|181696201|-|up_5intron	849	256	147	502
const|mouse|Ahctf1|ENSMUSG00000026491|1|181696009|181696201|-|up_exon	322	83	11	31
const|mouse|Ahcyl1|ENSMUSG00000027893|3|107471926|107472099|-|dn_3intron	353	160	262	525
const|mouse|Ahcyl1|ENSMUSG00000027893|3|107471926|107472099|-|dn_exon	1215	276	334	598
const|mouse|Ahcyl1|ENSMUSG00000027893|3|107471926|107472099|-|exon	395	483	1342	544
const|mouse|Ahcyl1|ENSMUSG00000027893|3|107471926|107472099|-|up_3intron	654	223	86	62
const|mouse|Ahcyl1|ENSMUSG00000027893|3|107471926|107472099|-|up_5intron	205	24	46	256
const|mouse|Ahcyl1|ENSMUSG00000027893|3|107471926|107472099|-|up_exon	536	314	371	462
const|mouse|Ahcyl1|ENSMUSG00000027893|3|107476332|107476456|-|dn_3intron	321	67	42	255
const|mouse|Ahcyl1|ENSMUSG00000027893|3|107476332|107476456|-|dn_5intron	210	44	52	50
const|mouse|Ahcyl1|ENSMUSG00000027893|3|107476332|107476456|-|dn_exon	384	102	55	151
const|mouse|Ahcyl1|ENSMUSG00000027893|3|107476332|107476456|-|exon	680	177	164	183
const|mouse|Ahcyl1|ENSMUSG00000027893|3|107476332|107476456|-|up_3intron	1042	409	197	603
const|mouse|Ahcyl1|ENSMUSG00000027893|3|107476332|107476456|-|up_5intron	184	43	27	10
const|mouse|Ahcyl1|ENSMUSG00000027893|3|107476332|107476456|-|up_exon	443	119	101	278
const|mouse|Ahcyl1|ENSMUSG00000027893|3|107476332|107476456|-|utr	209	64	6	10
const|mouse|Akap9|ENSMUSG00000040407|5|4050155|4050643|+|dn_3intron	56	11	8	48
const|mouse|Akap9|ENSMUSG00000040407|5|4050155|4050643|+|dn_5intron	130	10	12	54
const|mouse|Akap9|ENSMUSG00000040407|5|4050155|4050643|+|dn_exon	304	54	38	67
const|mouse|Akap9|ENSMUSG00000040407|5|4050155|4050643|+|exon	147	81	56	24
const|mouse|Akap9|ENSMUSG00000040407|5|4050155|4050643|+|up_3intron	257	476	648	213
const|mouse|Akap9|ENSMUSG00000040407|5|4050155|4050643|+|up_5intron	355	70	23	71
const|mouse|Akap9|ENSMUSG00000040407|5|4050155|4050643|+|up_exon	412	97	29	18
const|mouse|Aldh1a2|ENSMUSG00000013584|9|71132658|71132825|+|dn_5intron	462	508	1375	1566
const|mouse|Aldh1a2|ENSMUSG00000013584|9|71132658|71132825|+|dn_exon	973	155	163	297
const|mouse|Aldh1a2|ENSMUSG00000013584|9|71132658|71132825|+|exon	465	264	152	128
const|mouse|Aldh1a2|ENSMUSG00000013584|9|71132658|71132825|+|up_3intron	418	74	13	33
const|mouse|Aldh1a2|ENSMUSG00000013584|9|71132658|71132825|+|up_5intron	338	108	18	62
const|mouse|Aldh1a2|ENSMUSG00000013584|9|71132658|71132825|+|up_exon	613	62	172	236
const|mouse|Anapc4|ENSMUSG00000029176|5|53239227|53239296|+|dn_3intron	110	3	3	22
const|mouse|Anapc4|ENSMUSG00000029176|5|53239227|53239296|+|dn_5intron	269	83	13	18
const|mouse|Anapc4|ENSMUSG00000029176|5|53239227|53239296|+|dn_exon	821	235	113	245
const|mouse|Anapc4|ENSMUSG00000029176|5|53239227|53239296|+|exon	146	40	25	23
const|mouse|Anapc4|ENSMUSG00000029176|5|53239227|53239296|+|up_5intron	430	138	132	131
const|mouse|Anapc4|ENSMUSG00000029176|5|53239227|53239296|+|up_exon	439	439	417	465
const|mouse|Ank3|ENSMUSG00000069601|10|69460843|69460974|+|dn_3intron	487	237	982	426
const|mouse|Ank3|ENSMUSG00000069601|10|69460843|69460974|+|dn_5intron	414	52	7	14
const|mouse|Ank3|ENSMUSG00000069601|10|69460843|69460974|+|dn_exon	370	77	21	21
const|mouse|Ank3|ENSMUSG00000069601|10|69460843|69460974|+|exon	81	7	10	9
const|mouse|Ank3|ENSMUSG00000069601|10|69460843|69460974|+|up_3intron	42	13	52	22
const|mouse|Ank3|ENSMUSG00000069601|10|69460843|69460974|+|up_5intron	303	121	15	66
const|mouse|Ank|ENSMUSG00000022265|15|27520098|27520227|+|dn_3intron	14	9	5	6
const|mouse|Ank|ENSMUSG00000022265|15|27520098|27520227|+|dn_5intron	759	362	942	349
const|mouse|Ank|ENSMUSG00000022265|15|27520098|27520227|+|dn_exon	719	253	30	145
const|mouse|Ank|ENSMUSG00000022265|15|27520098|27520227|+|exon	839	186	28	68
const|mouse|Ank|ENSMUSG00000022265|15|27520098|27520227|+|up_3intron	468	171	60	161
const|mouse|Ank|ENSMUSG00000022265|15|27520098|27520227|+|up_5intron	430	140	199	85
const|mouse|Ank|ENSMUSG00000022265|15|27520098|27520227|+|up_exon	751	342	454	442
const|mouse|Ankrd44|ENSMUSG00000052331|1|54710587|54710669|-|dn_3intron	239	5270	1327	295
const|mouse|Ankrd44|ENSMUSG00000052331|1|54710587|54710669|-|dn_5intron	685	261	593	1331
const|mouse|Ankrd44|ENSMUSG00000052331|1|54710587|54710669|-|dn_exon	402	126	446	325
const|mouse|Ankrd44|ENSMUSG00000052331|1|54710587|54710669|-|exon	641	205	260	591
const|mouse|Ankrd44|ENSMUSG00000052331|1|54710587|54710669|-|up_3intron	635	122	54	190
const|mouse|Ankrd44|ENSMUSG00000052331|1|54710587|54710669|-|up_exon	392	173	21	61
const|mouse|Ankrd44|ENSMUSG00000052331|1|54789611|54790352|-|dn_3intron	177	42	3	8
const|mouse|Ankrd44|ENSMUSG00000052331|1|54789611|54790352|-|dn_5intron	371	73	68	88
const|mouse|Ankrd44|ENSMUSG00000052331|1|54789611|54790352|-|dn_exon	489	116	116	358
const|mouse|Ankrd44|ENSMUSG00000052331|1|54789611|54790352|-|exon	297	203	264	371
const|mouse|Ankrd44|ENSMUSG00000052331|1|54789611|54790352|-|up_3intron	629	316	292	644
const|mouse|Ankrd44|ENSMUSG00000052331|1|54789611|54790352|-|up_5intron	919	85	122	122
const|mouse|Ankrd44|ENSMUSG00000052331|1|54789611|54790352|-|up_exon	432	102	97	310
const|mouse|Anubl1|ENSMUSG00000042213|6|116265220|116265660|+|dn_3intron	219	52	43	29
const|mouse|Anubl1|ENSMUSG00000042213|6|116265220|116265660|+|dn_5intron	384	182	192	554
const|mouse|Anubl1|ENSMUSG00000042213|6|116265220|116265660|+|dn_exon	109	36	17	6
const|mouse|Anubl1|ENSMUSG00000042213|6|116265220|116265660|+|exon	210	37	37	14
const|mouse|Anubl1|ENSMUSG00000042213|6|116265220|116265660|+|up_exon	795	106	105	65
const|mouse|Ap2b1|ENSMUSG00000035152|11|83148883|83149104|+|dn_3intron	225	164	156	93
const|mouse|Ap2b1|ENSMUSG00000035152|11|83148883|83149104|+|dn_5intron	616	101	181	429
const|mouse|Ap2b1|ENSMUSG00000035152|11|83148883|83149104|+|dn_exon	1018	152	54	65
const|mouse|Ap2b1|ENSMUSG00000035152|11|83148883|83149104|+|exon	1145	256	177	551
const|mouse|Ap2b1|ENSMUSG00000035152|11|83148883|83149104|+|up_3intron	100	92	254	259
const|mouse|Ap2b1|ENSMUSG00000035152|11|83148883|83149104|+|up_5intron	951	207	289	563
const|mouse|Ap2b1|ENSMUSG00000035152|11|83148883|83149104|+|up_exon	441	237	163	146
const|mouse|Apaf1|ENSMUSG00000019979|10|90542632|90542876|-|dn_3intron	315	207	131	329
const|mouse|Apaf1|ENSMUSG00000019979|10|90542632|90542876|-|dn_5intron	318	30	12	25
const|mouse|Apaf1|ENSMUSG00000019979|10|90542632|90542876|-|dn_exon	370	237	32	95
const|mouse|Apaf1|ENSMUSG00000019979|10|90542632|90542876|-|exon	127	44	36	4
const|mouse|Apaf1|ENSMUSG00000019979|10|90542632|90542876|-|up_3intron	142	51	144	271
const|mouse|Apaf1|ENSMUSG00000019979|10|90542632|90542876|-|up_5intron	1107	214	181	373
const|mouse|Apaf1|ENSMUSG00000019979|10|90542632|90542876|-|up_exon	310	256	28	2
const|mouse|Apeh|ENSMUSG00000032590|9|107994099|107994220|-|dn_3intron	78	111	73	52
const|mouse|Apeh|ENSMUSG00000032590|9|107994099|107994220|-|dn_5intron	426	276	442	121
const|mouse|Apeh|ENSMUSG00000032590|9|107994099|107994220|-|dn_exon	551	255	309	585
const|mouse|Apeh|ENSMUSG00000032590|9|107994099|107994220|-|exon	362	239	103	131
const|mouse|Apeh|ENSMUSG00000032590|9|107994099|107994220|-|up_5intron	1042	517	274	594
const|mouse|Aplp2|ENSMUSG00000031996|9|30966084|30966183|-|dn_3intron	989	120	36	35
const|mouse|Aplp2|ENSMUSG00000031996|9|30966084|30966183|-|dn_5intron	297	116	460	279
const|mouse|Aplp2|ENSMUSG00000031996|9|30966084|30966183|-|exon	400	84	54	100
const|mouse|Aplp2|ENSMUSG00000031996|9|30966084|30966183|-|up_3intron	303	110	14	12
const|mouse|Aplp2|ENSMUSG00000031996|9|30966084|30966183|-|up_5intron	615	142	161	417
const|mouse|Aplp2|ENSMUSG00000031996|9|30966084|30966183|-|up_exon	2269	535	167	232
const|mouse|Aqr|ENSMUSG00000040383|2|113945646|113945781|-|dn_3intron	257	223	862	624
const|mouse|Aqr|ENSMUSG00000040383|2|113945646|113945781|-|dn_5intron	297	87	49	44
const|mouse|Aqr|ENSMUSG00000040383|2|113945646|113945781|-|dn_exon	478	134	55	71
const|mouse|Aqr|ENSMUSG00000040383|2|113945646|113945781|-|exon	408	156	92	114
const|mouse|Aqr|ENSMUSG00000040383|2|113945646|113945781|-|up_3intron	713	172	220	1879
const|mouse|Aqr|ENSMUSG00000040383|2|113945646|113945781|-|up_5intron	311	277	440	259
const|mouse|Aqr|ENSMUSG00000040383|2|113945646|113945781|-|up_exon	592	57	57	52
const|mouse|Arfgef1|ENSMUSG00000067851|1|10170951|10171122|-|dn_3intron	241	132	91	13
const|mouse|Arfgef1|ENSMUSG00000067851|1|10170951|10171122|-|dn_5intron	432	81	584	544
const|mouse|Arfgef1|ENSMUSG00000067851|1|10170951|10171122|-|dn_exon	472	43	34	46
const|mouse|Arfgef1|ENSMUSG00000067851|1|10170951|10171122|-|exon	53	15	17	9
const|mouse|Arfgef1|ENSMUSG00000067851|1|10170951|10171122|-|up_5intron	652	179	39	84
const|mouse|Arfgef1|ENSMUSG00000067851|1|10170951|10171122|-|up_exon	241	311	1276	1392
const|mouse|Arhgef6|ENSMUSG00000031133|X|54542398|54542468|-|deep_dn	132	13	18	369
const|mouse|Arhgef6|ENSMUSG00000031133|X|54542398|54542468|-|deep_up	534	134	16	63
const|mouse|Arhgef6|ENSMUSG00000031133|X|54542398|54542468|-|dn_3intron	944	203	39	72
const|mouse|Arhgef6|ENSMUSG00000031133|X|54542398|54542468|-|dn_5intron	187	19	83	207
const|mouse|Arhgef6|ENSMUSG00000031133|X|54542398|54542468|-|dn_exon	123	159	57	22
const|mouse|Arhgef6|ENSMUSG00000031133|X|54542398|54542468|-|exon	361	88	26	32
const|mouse|Arhgef6|ENSMUSG00000031133|X|54542398|54542468|-|up_3intron	921	242	156	742
const|mouse|Arhgef6|ENSMUSG00000031133|X|54542398|54542468|-|up_5intron	305	76	201	307
const|mouse|Arhgef6|ENSMUSG00000031133|X|54542398|54542468|-|up_exon	143	34	43	8
const|mouse|Arhgef6|ENSMUSG00000031133|X|54542398|54542468|-|utr	637	135	16	39
const|mouse|Arid4a|ENSMUSG00000048118|12|72188448|72188595|+|dn_3intron	932	142	143	559
const|mouse|Arid4a|ENSMUSG00000048118|12|72188448|72188595|+|dn_5intron	752	595	301	408
const|mouse|Arid4a|ENSMUSG00000048118|12|72188448|72188595|+|dn_exon	258	85	22	226
const|mouse|Arid4a|ENSMUSG00000048118|12|72188448|72188595|+|exon	97	15	1	13
const|mouse|Arid4a|ENSMUSG00000048118|12|72188448|72188595|+|up_3intron	549	135	96	632
const|mouse|Arid4a|ENSMUSG00000048118|12|72188448|72188595|+|up_5intron	609	250	898	1488
const|mouse|Arid4a|ENSMUSG00000048118|12|72188448|72188595|+|up_exon	228	51	47	43
const|mouse|Ascc3|ENSMUSG00000038774|10|50365469|50365594|+|dn_3intron	13	8	12	5
const|mouse|Ascc3|ENSMUSG00000038774|10|50365469|50365594|+|dn_5intron	621	178	657	807
const|mouse|Ascc3|ENSMUSG00000038774|10|50365469|50365594|+|dn_exon	193	39	157	522
const|mouse|Ascc3|ENSMUSG00000038774|10|50365469|50365594|+|exon	151	76	55	54
const|mouse|Ascc3|ENSMUSG00000038774|10|50365469|50365594|+|up_3intron	392	65	207	330
const|mouse|Ascc3|ENSMUSG00000038774|10|50365469|50365594|+|up_5intron	470	189	341	804
const|mouse|Ascc3|ENSMUSG00000038774|10|50365469|50365594|+|up_exon	404	104	138	218
const|mouse|Atg9a|ENSMUSG00000033124|1|75184160|75184400|-|dn_5intron	230	49	16	46
const|mouse|Atg9a|ENSMUSG00000033124|1|75184160|75184400|-|dn_exon	135	32	22	11
const|mouse|Atg9a|ENSMUSG00000033124|1|75184160|75184400|-|exon	1247	471	267	822
const|mouse|Atg9a|ENSMUSG00000033124|1|75184160|75184400|-|up_5intron	342	73	14	52
const|mouse|Atg9a|ENSMUSG00000033124|1|75184160|75184400|-|up_exon	1316	236	169	395
const|mouse|Atp1b1|ENSMUSG00000026576|1|166369430|166369610|-|dn_3intron	731	126	133	180
const|mouse|Atp1b1|ENSMUSG00000026576|1|166369430|166369610|-|dn_5intron	32	7	41	25
const|mouse|Atp1b1|ENSMUSG00000026576|1|166369430|166369610|-|dn_exon	788	214	127	134
const|mouse|Atp1b1|ENSMUSG00000026576|1|166369430|166369610|-|exon	712	219	227	771
const|mouse|Atp1b1|ENSMUSG00000026576|1|166369430|166369610|-|up_3intron	951	248	79	220
const|mouse|Atp1b1|ENSMUSG00000026576|1|166369430|166369610|-|up_5intron	1447	243	24	63
const|mouse|Atp1b1|ENSMUSG00000026576|1|166369430|166369610|-|up_exon	351	129	392	204
const|mouse|Atp1b1|ENSMUSG00000026576|1|166369430|166369610|-|utr	846	259	924	1300
const|mouse|Atp2c1|ENSMUSG00000032570|9|105323904|105323972|-|dn_3intron	148	34	42	77
const|mouse|Atp2c1|ENSMUSG00000032570|9|105323904|105323972|-|dn_5intron	130	27	50	35
const|mouse|Atp2c1|ENSMUSG00000032570|9|105323904|105323972|-|dn_exon	803	152	333	1145
const|mouse|Atp2c1|ENSMUSG00000032570|9|105323904|105323972|-|exon	297	122	401	575
const|mouse|Atp2c1|ENSMUSG00000032570|9|105323904|105323972|-|up_3intron	714	118	80	443
const|mouse|Atp2c1|ENSMUSG00000032570|9|105323904|105323972|-|up_5intron	346	87	134	309
const|mouse|Atp2c1|ENSMUSG00000032570|9|105323904|105323972|-|up_exon	462	141	181	1046
const|mouse|Atp9b|ENSMUSG00000024566|18|80975602|80975714|-|dn_3intron	352	90	32	16
const|mouse|Atp9b|ENSMUSG00000024566|18|80975602|80975714|-|dn_5intron	879	220	217	1389
const|mouse|Atp9b|ENSMUSG00000024566|18|80975602|80975714|-|dn_exon	362	133	37	27
const|mouse|Atp9b|ENSMUSG00000024566|18|80975602|80975714|-|exon	638	135	76	208
const|mouse|Atp9b|ENSMUSG00000024566|18|80975602|80975714|-|up_3intron	802	277	20	28
const|mouse|Atp9b|ENSMUSG00000024566|18|80975602|80975714|-|up_5intron	120	94	235	389
const|mouse|Atp9b|ENSMUSG00000024566|18|80975602|80975714|-|up_exon	309	142	230	358
const|mouse|Atp9b|ENSMUSG00000024566|18|80975602|80975714|-|utr	635	147	76	83
const|mouse|Atrnl1|ENSMUSG00000054843|19|57852374|57852435|+|deep_dn	605	215	51	482
const|mouse|Atrnl1|ENSMUSG00000054843|19|57852374|57852435|+|deep_up	939	261	206	584
const|mouse|Atrnl1|ENSMUSG00000054843|19|57852374|57852435|+|dn_3intron	1139	220	470	3039
const|mouse|Atrnl1|ENSMUSG00000054843|19|57852374|57852435|+|dn_5intron	1240	2726	67233	8364
const|mouse|Atrnl1|ENSMUSG00000054843|19|57852374|57852435|+|dn_exon	124	154	189	751
const|mouse|Atrnl1|ENSMUSG00000054843|19|57852374|57852435|+|exon	1152	496	170	2055
const|mouse|Atrnl1|ENSMUSG00000054843|19|57852374|57852435|+|up_3intron	302	437	2006	1051
const|mouse|Atrnl1|ENSMUSG00000054843|19|57852374|57852435|+|up_5intron	181	304	677	116
const|mouse|Atrnl1|ENSMUSG00000054843|19|57852374|57852435|+|up_exon	212	37	36	34
const|mouse|Atxn2|ENSMUSG00000042605|5|122246380|122246451|+|dn_3intron	749	134	133	1125
const|mouse|Atxn2|ENSMUSG00000042605|5|122246380|122246451|+|dn_5intron	412	320	38	74
const|mouse|Atxn2|ENSMUSG00000042605|5|122246380|122246451|+|dn_exon	272	143	35	61
const|mouse|Atxn2|ENSMUSG00000042605|5|122246380|122246451|+|exon	267	180	81	225
const|mouse|Atxn2|ENSMUSG00000042605|5|122246380|122246451|+|up_3intron	191	84	22	54
const|mouse|Atxn2|ENSMUSG00000042605|5|122246380|122246451|+|up_5intron	373	98	29	23
const|mouse|Atxn2|ENSMUSG00000042605|5|122246380|122246451|+|up_exon	242	118	59	141
const|mouse|Baz2b|ENSMUSG00000026987|2|59756496|59756558|-|dn_3intron	722	134	148	848
const|mouse|Baz2b|ENSMUSG00000026987|2|59756496|59756558|-|dn_5intron	143	78	61	50
const|mouse|Baz2b|ENSMUSG00000026987|2|59756496|59756558|-|dn_exon	282	216	55	73
const|mouse|Baz2b|ENSMUSG00000026987|2|59756496|59756558|-|exon	226	214	545	652
const|mouse|Baz2b|ENSMUSG00000026987|2|59756496|59756558|-|up_3intron	91	43	248	87
const|mouse|Baz2b|ENSMUSG00000026987|2|59756496|59756558|-|up_5intron	529	171	319	494
const|mouse|Baz2b|ENSMUSG00000026987|2|59756496|59756558|-|up_exon	240	67	117	239
const|mouse|BC031353|ENSMUSG00000034858|9|74852072|74852256|+|dn_3intron	186	64	80	339
const|mouse|BC031353|ENSMUSG00000034858|9|74852072|74852256|+|dn_5intron	1133	606	2485	4515
const|mouse|BC031353|ENSMUSG00000034858|9|74852072|74852256|+|dn_exon	87	206	67	40
const|mouse|BC031353|ENSMUSG00000034858|9|74852072|74852256|+|exon	664	160	37	66
const|mouse|BC031353|ENSMUSG00000034858|9|74852072|74852256|+|up_3intron	123	57	74	74
const|mouse|BC031353|ENSMUSG00000034858|9|74852072|74852256|+|up_5intron	207	94	71	375
const|mouse|BC031353|ENSMUSG00000034858|9|74852072|74852256|+|up_exon	198	58	36	94
const|mouse|C030046E11Rik|ENSMUSG00000038658|19|29636475|29636582|+|deep_dn	241	134	655	454
const|mouse|C030046E11Rik|ENSMUSG00000038658|19|29636475|29636582|+|deep_up	1128	181	320	2050
const|mouse|C030046E11Rik|ENSMUSG00000038658|19|29636475|29636582|+|dn_3intron	2235	367	359	1080
const|mouse|C030046E11Rik|ENSMUSG00000038658|19|29636475|29636582|+|dn_5intron	214	53	48	23
const|mouse|C030046E11Rik|ENSMUSG00000038658|19|29636475|29636582|+|dn_exon	130	86	105	547
const|mouse|C030046E11Rik|ENSMUSG00000038658|19|29636475|29636582|+|exon	423	47	43	112
const|mouse|C030046E11Rik|ENSMUSG00000038658|19|29636475|29636582|+|up_3intron	174	9	39	48
const|mouse|C030046E11Rik|ENSMUSG00000038658|19|29636475|29636582|+|up_5intron	271	342	783	792
const|mouse|C030046E11Rik|ENSMUSG00000038658|19|29636475|29636582|+|up_exon	315	103	19	140
const|mouse|C130039O16Rik|ENSMUSG00000042507|12|85512410|85512709|-|dn_3intron	64	21	18	21
const|mouse|C130039O16Rik|ENSMUSG00000042507|12|85512410|85512709|-|dn_5intron	928	448	1243	4706
const|mouse|C130039O16Rik|ENSMUSG00000042507|12|85512410|85512709|-|dn_exon	234	135	12	52
const|mouse|C130039O16Rik|ENSMUSG00000042507|12|85512410|85512709|-|exon	444	126	182	56
const|mouse|C130039O16Rik|ENSMUSG00000042507|12|85512410|85512709|-|up_3intron	993	146	49	42
const|mouse|C130039O16Rik|ENSMUSG00000042507|12|85512410|85512709|-|up_5intron	423	3358	10586	2876
const|mouse|C130039O16Rik|ENSMUSG00000042507|12|85512410|85512709|-|up_exon	133	78	106	23
const|mouse|Cacna1d|ENSMUSG00000015968|14|30888315|30888500|-|dn_5intron	493	206	263	242
const|mouse|Cacna1d|ENSMUSG00000015968|14|30888315|30888500|-|dn_exon	939	6057	8367	275
const|mouse|Cacna1d|ENSMUSG00000015968|14|30888315|30888500|-|exon	1013	151	41	97
const|mouse|Cacna1d|ENSMUSG00000015968|14|30888315|30888500|-|up_3intron	215	297	152	111
const|mouse|Cacna1d|ENSMUSG00000015968|14|30888315|30888500|-|up_5intron	692	272	50	50
const|mouse|Cacna1d|ENSMUSG00000015968|14|30888315|30888500|-|up_exon	264	96	26	5
const|mouse|Cacna1d|ENSMUSG00000015968|14|30888315|30888500|-|utr	313	148	112	734
const|mouse|Car8|ENSMUSG00000041261|4|8111700|8111779|-|dn_3intron	771	468	1154	1972
const|mouse|Car8|ENSMUSG00000041261|4|8111700|8111779|-|dn_5intron	551	155	49	227
const|mouse|Car8|ENSMUSG00000041261|4|8111700|8111779|-|dn_exon	450	124	19	39
const|mouse|Car8|ENSMUSG00000041261|4|8111700|8111779|-|exon	2120	237	256	781
const|mouse|Car8|ENSMUSG00000041261|4|8111700|8111779|-|up_5intron	218	71	15	22
const|mouse|Car8|ENSMUSG00000041261|4|8111700|8111779|-|up_exon	238	56	86	168
const|mouse|Cars2|ENSMUSG00000056228|8|11541898|11542003|-|dn_3intron	1602	282	207	681
const|mouse|Cars2|ENSMUSG00000056228|8|11541898|11542003|-|dn_5intron	252	93	146	157
const|mouse|Cars2|ENSMUSG00000056228|8|11541898|11542003|-|dn_exon	808	215	70	69
const|mouse|Cars2|ENSMUSG00000056228|8|11541898|11542003|-|exon	469	302	307	1085
const|mouse|Cars2|ENSMUSG00000056228|8|11541898|11542003|-|up_3intron	599	2615	3714	397
const|mouse|Cars2|ENSMUSG00000056228|8|11541898|11542003|-|up_5intron	275	88	11	30
const|mouse|Cars2|ENSMUSG00000056228|8|11541898|11542003|-|up_exon	859	293	125	399
const|mouse|Cars2|ENSMUSG00000056228|8|11541898|11542003|-|utr	113	57	46	36
const|mouse|Cars|ENSMUSG00000010755|7|150747541|150747834|-|dn_3intron	716	175	50	41
const|mouse|Cars|ENSMUSG00000010755|7|150747541|150747834|-|dn_5intron	136	53	66	8
const|mouse|Cars|ENSMUSG00000010755|7|150747541|150747834|-|dn_exon	507	104	72	67
const|mouse|Cars|ENSMUSG00000010755|7|150747541|150747834|-|exon	909	247	494	831
const|mouse|Cars|ENSMUSG00000010755|7|150747541|150747834|-|up_3intron	132	92	31	20
const|mouse|Cars|ENSMUSG00000010755|7|150747541|150747834|-|up_5intron	622	11586	5550	1374
const|mouse|Cars|ENSMUSG00000010755|7|150747541|150747834|-|up_exon	166	463	687	62
const|mouse|Ccdc132|ENSMUSG00000001376|6|3474093|3474403|+|dn_3intron	371	90	83	400
const|mouse|Ccdc132|ENSMUSG00000001376|6|3474093|3474403|+|dn_5intron	283	86	71	99
const|mouse|Ccdc132|ENSMUSG00000001376|6|3474093|3474403|+|dn_exon	296	96	633	1028
const|mouse|Ccdc132|ENSMUSG00000001376|6|3474093|3474403|+|exon	902	503	2333	2565
const|mouse|Ccdc132|ENSMUSG00000001376|6|3474093|3474403|+|up_3intron	529	182	144	743
const|mouse|Ccdc132|ENSMUSG00000001376|6|3474093|3474403|+|up_5intron	496	9905	16300	2264
const|mouse|Ccdc132|ENSMUSG00000001376|6|3474093|3474403|+|up_exon	509	179	106	113
const|mouse|Ccdc132|ENSMUSG00000001376|6|3474093|3474403|+|utr	1524	690	2594	5153
const|mouse|Ccdc148|ENSMUSG00000036641|2|58832781|58832987|-|dn_exon	2392	568	490	328
const|mouse|Ccdc148|ENSMUSG00000036641|2|58832781|58832987|-|exon	265	178	230	57
const|mouse|Ccdc148|ENSMUSG00000036641|2|58832781|58832987|-|up_3intron	304	43	166	205
const|mouse|Ccdc148|ENSMUSG00000036641|2|58832781|58832987|-|up_5intron	413	85	74	260
const|mouse|Ccdc148|ENSMUSG00000036641|2|58832781|58832987|-|up_exon	640	100	50	60
const|mouse|Ccdc6|ENSMUSG00000048701|10|69631830|69632000|+|dn_3intron	13	7	20	15
const|mouse|Ccdc6|ENSMUSG00000048701|10|69631830|69632000|+|dn_5intron	678	182	81	39
const|mouse|Ccdc6|ENSMUSG00000048701|10|69631830|69632000|+|dn_exon	399	150	163	267
const|mouse|Ccdc6|ENSMUSG00000048701|10|69631830|69632000|+|exon	595	80	34	18
const|mouse|Ccdc6|ENSMUSG00000048701|10|69631830|69632000|+|up_3intron	446	124	83	302
const|mouse|Ccdc6|ENSMUSG00000048701|10|69631830|69632000|+|up_5intron	423	171	423	683
const|mouse|Ccdc6|ENSMUSG00000048701|10|69631830|69632000|+|up_exon	986	266	463	373
const|mouse|Cd38|ENSMUSG00000029084|5|44294834|44294919|+|deep_dn	586	118	33	134
const|mouse|Cd38|ENSMUSG00000029084|5|44294834|44294919|+|deep_up	876	381	220	433
const|mouse|Cd38|ENSMUSG00000029084|5|44294834|44294919|+|dn_3intron	515	106	32	68
const|mouse|Cd38|ENSMUSG00000029084|5|44294834|44294919|+|dn_5intron	335	56	52	61
const|mouse|Cd38|ENSMUSG00000029084|5|44294834|44294919|+|dn_exon	477	122	122	133
const|mouse|Cd38|ENSMUSG00000029084|5|44294834|44294919|+|exon	449	103	56	99
const|mouse|Cd38|ENSMUSG00000029084|5|44294834|44294919|+|up_3intron	675	163	160	157
const|mouse|Cd38|ENSMUSG00000029084|5|44294834|44294919|+|up_5intron	510	112	102	201
const|mouse|Cd38|ENSMUSG00000029084|5|44294834|44294919|+|up_exon	54	107	65	15
const|mouse|Cdc7|ENSMUSG00000029283|5|107397877|107397960|+|dn_3intron	338	111	148	701
const|mouse|Cdc7|ENSMUSG00000029283|5|107397877|107397960|+|dn_5intron	977	196	200	97
const|mouse|Cdc7|ENSMUSG00000029283|5|107397877|107397960|+|dn_exon	452	97	207	347
const|mouse|Cdc7|ENSMUSG00000029283|5|107397877|107397960|+|exon	438	41	23	21
const|mouse|Cdc7|ENSMUSG00000029283|5|107397877|107397960|+|up_3intron	372	86	209	79
const|mouse|Cdc7|ENSMUSG00000029283|5|107397877|107397960|+|up_5intron	251	79	27	59
const|mouse|Cdc7|ENSMUSG00000029283|5|107397877|107397960|+|up_exon	150	230	299	314
const|mouse|Cdc7|ENSMUSG00000029283|5|107401766|107401859|+|dn_5intron	507	64	43	119
const|mouse|Cdc7|ENSMUSG00000029283|5|107401766|107401859|+|dn_exon	547	97	72	276
const|mouse|Cdc7|ENSMUSG00000029283|5|107401766|107401859|+|up_3intron	360	61	96	394
const|mouse|Cdc7|ENSMUSG00000029283|5|107401766|107401859|+|up_5intron	248	77	11	24
const|mouse|Cdhr2|ENSMUSG00000034918|13|54818971|54819096|+|dn_3intron	683	106	166	254
const|mouse|Cdhr2|ENSMUSG00000034918|13|54818971|54819096|+|dn_5intron	224	70	10	12
const|mouse|Cdhr2|ENSMUSG00000034918|13|54818971|54819096|+|dn_exon	299	227	145	277
const|mouse|Cdhr2|ENSMUSG00000034918|13|54818971|54819096|+|up_3intron	606	148	126	80
const|mouse|Cdhr2|ENSMUSG00000034918|13|54818971|54819096|+|up_5intron	534	141	140	104
const|mouse|Cdhr2|ENSMUSG00000034918|13|54818971|54819096|+|up_exon	523	93	85	161
const|mouse|Cdk17|ENSMUSG00000020015|10|92700538|92700629|+|dn_3intron	267	65	127	593
const|mouse|Cdk17|ENSMUSG00000020015|10|92700538|92700629|+|dn_5intron	362	77	63	164
const|mouse|Cdk17|ENSMUSG00000020015|10|92700538|92700629|+|dn_exon	392	102	136	366
const|mouse|Cdk17|ENSMUSG00000020015|10|92700538|92700629|+|exon	101	209	397	260
const|mouse|Cdk17|ENSMUSG00000020015|10|92700538|92700629|+|up_3intron	265	73	23	63
const|mouse|Cdk17|ENSMUSG00000020015|10|92700538|92700629|+|up_5intron	479	95	100	114
const|mouse|Cdk17|ENSMUSG00000020015|10|92700538|92700629|+|up_exon	332	72	77	129
const|mouse|Cep192|ENSMUSG00000024542|18|68022063|68022207|+|dn_3intron	179	26	4	19
const|mouse|Cep192|ENSMUSG00000024542|18|68022063|68022207|+|dn_5intron	842	270	596	1141
const|mouse|Cep192|ENSMUSG00000024542|18|68022063|68022207|+|exon	321	101	134	137
const|mouse|Cep192|ENSMUSG00000024542|18|68022063|68022207|+|up_3intron	511	83	56	201
const|mouse|Cep192|ENSMUSG00000024542|18|68022063|68022207|+|up_5intron	991	324	1302	1443
const|mouse|Cep192|ENSMUSG00000024542|18|68022063|68022207|+|up_exon	423	52	46	44
const|mouse|Chd1|ENSMUSG00000023852|17|15876470|15876658|+|dn_3intron	653	146	75	132
const|mouse|Chd1|ENSMUSG00000023852|17|15876470|15876658|+|dn_5intron	238	43	41	55
const|mouse|Chd1|ENSMUSG00000023852|17|15876470|15876658|+|dn_exon	262	27	23	37
const|mouse|Chd1|ENSMUSG00000023852|17|15876470|15876658|+|exon	212	38	76	139
const|mouse|Chd1|ENSMUSG00000023852|17|15876470|15876658|+|up_3intron	340	300	1215	938
const|mouse|Chd1|ENSMUSG00000023852|17|15876470|15876658|+|up_5intron	415	149	118	214
const|mouse|Chd1|ENSMUSG00000023852|17|15876470|15876658|+|up_exon	281	104	79	94
const|mouse|Chd5|ENSMUSG00000005045|4|151744614|151744751|+|dn_5intron	359	223	104	111
const|mouse|Chd5|ENSMUSG00000005045|4|151744614|151744751|+|dn_exon	252	67	33	24
const|mouse|Chd5|ENSMUSG00000005045|4|151744614|151744751|+|exon	567	217	50	41
const|mouse|Chd5|ENSMUSG00000005045|4|151744614|151744751|+|up_3intron	1263	594	395	461
const|mouse|Chd5|ENSMUSG00000005045|4|151744614|151744751|+|up_5intron	421	240	43	123
const|mouse|Chd5|ENSMUSG00000005045|4|151744614|151744751|+|up_exon	460	239	199	68
const|mouse|Chd5|ENSMUSG00000005045|4|151744614|151744751|+|utr	88	46	16	3
const|mouse|Clcc1|ENSMUSG00000027884|3|108476198|108476391|+|dn_3intron	154	72	91	156
const|mouse|Clcc1|ENSMUSG00000027884|3|108476198|108476391|+|dn_5intron	362	54	39	259
const|mouse|Clcc1|ENSMUSG00000027884|3|108476198|108476391|+|dn_exon	1070	320	317	728
const|mouse|Clcc1|ENSMUSG00000027884|3|108476198|108476391|+|exon	424	118	108	136
const|mouse|Clcc1|ENSMUSG00000027884|3|108476198|108476391|+|up_3intron	652	383	466	1359
const|mouse|Clcc1|ENSMUSG00000027884|3|108476198|108476391|+|up_5intron	190	13	29	87
const|mouse|Clcc1|ENSMUSG00000027884|3|108476198|108476391|+|up_exon	195	47	39	31
const|mouse|Cog3|ENSMUSG00000034893|14|76127515|76127620|-|dn_3intron	157	68	88	50
const|mouse|Cog3|ENSMUSG00000034893|14|76127515|76127620|-|dn_5intron	448	116	79	242
const|mouse|Cog3|ENSMUSG00000034893|14|76127515|76127620|-|dn_exon	234	86	29	39
const|mouse|Cog3|ENSMUSG00000034893|14|76127515|76127620|-|exon	88	71	36	28
const|mouse|Cog3|ENSMUSG00000034893|14|76127515|76127620|-|up_3intron	192	84	140	173
const|mouse|Cog3|ENSMUSG00000034893|14|76127515|76127620|-|up_5intron	173	70	17	97
const|mouse|Cog3|ENSMUSG00000034893|14|76127515|76127620|-|up_exon	106	85	141	120
const|mouse|Cog3|ENSMUSG00000034893|14|76141488|76141562|-|dn_3intron	20	3	1	5
const|mouse|Cog3|ENSMUSG00000034893|14|76141488|76141562|-|dn_5intron	784	211	198	1348
const|mouse|Cog3|ENSMUSG00000034893|14|76141488|76141562|-|dn_exon	631	170	439	1116
const|mouse|Cog3|ENSMUSG00000034893|14|76141488|76141562|-|exon	857	158	131	357
const|mouse|Cog3|ENSMUSG00000034893|14|76141488|76141562|-|up_3intron	229	57	33	159
const|mouse|Cog3|ENSMUSG00000034893|14|76141488|76141562|-|up_5intron	401	278	433	721
const|mouse|Cog3|ENSMUSG00000034893|14|76141488|76141562|-|up_exon	420	132	131	354
const|mouse|Cog3|ENSMUSG00000034893|14|76141488|76141562|-|utr	180	101	147	95
const|mouse|Cog4|ENSMUSG00000031753|8|113392102|113392267|+|dn_3intron	442	126	138	342
const|mouse|Cog4|ENSMUSG00000031753|8|113392102|113392267|+|dn_5intron	226	122	357	321
const|mouse|Cog4|ENSMUSG00000031753|8|113392102|113392267|+|dn_exon	432	388	87	90
const|mouse|Cog4|ENSMUSG00000031753|8|113392102|113392267|+|exon	224	84	127	165
const|mouse|Cog4|ENSMUSG00000031753|8|113392102|113392267|+|up_3intron	155	75	153	183
const|mouse|Cog4|ENSMUSG00000031753|8|113392102|113392267|+|up_5intron	329	137	316	1958
const|mouse|Cog4|ENSMUSG00000031753|8|113392102|113392267|+|up_exon	238	308	118	226
const|mouse|Cog5|ENSMUSG00000035933|12|32585762|32585838|+|deep_dn	182	378	451	210
const|mouse|Cog5|ENSMUSG00000035933|12|32585762|32585838|+|deep_up	684	256	88	143
const|mouse|Cog5|ENSMUSG00000035933|12|32585762|32585838|+|dn_5intron	246	92	35	60
const|mouse|Cog5|ENSMUSG00000035933|12|32585762|32585838|+|dn_exon	540	145	166	356
const|mouse|Cog5|ENSMUSG00000035933|12|32585762|32585838|+|exon	247	183	52	16
const|mouse|Cog5|ENSMUSG00000035933|12|32585762|32585838|+|up_3intron	267	110	15	30
const|mouse|Cog5|ENSMUSG00000035933|12|32585762|32585838|+|up_5intron	498	91	221	277
const|mouse|Cog5|ENSMUSG00000035933|12|32585762|32585838|+|up_exon	775	270	587	1502
const|mouse|Col12a1|ENSMUSG00000032332|9|79452179|79452389|-|dn_3intron	339	68	62	347
const|mouse|Col12a1|ENSMUSG00000032332|9|79452179|79452389|-|dn_5intron	30	57	210	43
const|mouse|Col12a1|ENSMUSG00000032332|9|79452179|79452389|-|dn_exon	334	154	146	55
const|mouse|Col12a1|ENSMUSG00000032332|9|79452179|79452389|-|exon	233	170	42	15
const|mouse|Col12a1|ENSMUSG00000032332|9|79452179|79452389|-|up_3intron	357	144	26	18
const|mouse|Col12a1|ENSMUSG00000032332|9|79452179|79452389|-|up_5intron	436	105	307	405
const|mouse|Col12a1|ENSMUSG00000032332|9|79452179|79452389|-|up_exon	579	126	41	132
const|mouse|Col12a1|ENSMUSG00000032332|9|79504386|79504412|-|dn_3intron	956	339	1708	2296
const|mouse|Col12a1|ENSMUSG00000032332|9|79504386|79504412|-|dn_5intron	769	165	75	357
const|mouse|Col12a1|ENSMUSG00000032332|9|79504386|79504412|-|dn_exon	383	116	41	82
const|mouse|Col12a1|ENSMUSG00000032332|9|79504386|79504412|-|exon	848	155	97	206
const|mouse|Col12a1|ENSMUSG00000032332|9|79504386|79504412|-|up_exon	708	143	33	45
const|mouse|Col27a1|ENSMUSG00000045672|4|62938817|62938875|+|dn_3intron	266	80	41	27
const|mouse|Col27a1|ENSMUSG00000045672|4|62938817|62938875|+|dn_5intron	2347	1903	4502	15520
const|mouse|Col27a1|ENSMUSG00000045672|4|62938817|62938875|+|dn_exon	387	200	84	55
const|mouse|Col27a1|ENSMUSG00000045672|4|62938817|62938875|+|exon	879	508	1366	904
const|mouse|Col27a1|ENSMUSG00000045672|4|62938817|62938875|+|up_3intron	540	181	229	504
const|mouse|Col27a1|ENSMUSG00000045672|4|62938817|62938875|+|up_5intron	382	119	41	51
const|mouse|Col27a1|ENSMUSG00000045672|4|62938817|62938875|+|up_exon	277	146	13	29
const|mouse|Col4a1|ENSMUSG00000031502|8|11233828|11233923|-|dn_3intron	589	332	460	401
const|mouse|Col4a1|ENSMUSG00000031502|8|11233828|11233923|-|dn_5intron	482	119	117	483
const|mouse|Col4a1|ENSMUSG00000031502|8|11233828|11233923|-|dn_exon	412	95	25	20
const|mouse|Col4a1|ENSMUSG00000031502|8|11233828|11233923|-|exon	136	124	109	51
const|mouse|Col4a1|ENSMUSG00000031502|8|11233828|11233923|-|up_3intron	456	195	1035	522
const|mouse|Col4a1|ENSMUSG00000031502|8|11233828|11233923|-|up_5intron	664	155	119	403
const|mouse|Col4a1|ENSMUSG00000031502|8|11233828|11233923|-|up_exon	174	57	71	28
const|mouse|Col4a2|ENSMUSG00000031503|8|11437859|11438105|+|dn_3intron	412	325	220	186
const|mouse|Col4a2|ENSMUSG00000031503|8|11437859|11438105|+|dn_5intron	1047	246	175	243
const|mouse|Col4a2|ENSMUSG00000031503|8|11437859|11438105|+|dn_exon	1376	563	723	526
const|mouse|Col4a2|ENSMUSG00000031503|8|11437859|11438105|+|exon	357	119	82	38
const|mouse|Col4a2|ENSMUSG00000031503|8|11437859|11438105|+|up_3intron	778	616	719	1057
const|mouse|Col4a2|ENSMUSG00000031503|8|11437859|11438105|+|up_exon	250	99	119	23
const|mouse|Col4a3|ENSMUSG00000079465|1|82645153|82645197|+|dn_3intron	535	116	47	100
const|mouse|Col4a3|ENSMUSG00000079465|1|82645153|82645197|+|dn_5intron	311	115	33	53
const|mouse|Col4a3|ENSMUSG00000079465|1|82645153|82645197|+|dn_exon	2678	1272	3063	1421
const|mouse|Col4a3|ENSMUSG00000079465|1|82645153|82645197|+|exon	614	260	267	300
const|mouse|Col4a3|ENSMUSG00000079465|1|82645153|82645197|+|up_3intron	393	118	21	58
const|mouse|Col4a3|ENSMUSG00000079465|1|82645153|82645197|+|up_5intron	211	77	22	19
const|mouse|Col4a3|ENSMUSG00000079465|1|82645153|82645197|+|up_exon	307	179	192	163
const|mouse|Col4a4|ENSMUSG00000067158|1|82484087|82484191|-|dn_3intron	500	150	83	176
const|mouse|Col4a4|ENSMUSG00000067158|1|82484087|82484191|-|dn_5intron	228	59	52	133
const|mouse|Col4a4|ENSMUSG00000067158|1|82484087|82484191|-|dn_exon	96	54	38	2
const|mouse|Col4a4|ENSMUSG00000067158|1|82484087|82484191|-|exon	99	61	148	80
const|mouse|Col4a4|ENSMUSG00000067158|1|82484087|82484191|-|up_3intron	648	13806	10746	1226
const|mouse|Col4a4|ENSMUSG00000067158|1|82484087|82484191|-|up_5intron	4253	797	161	429
const|mouse|Col4a4|ENSMUSG00000067158|1|82484087|82484191|-|up_exon	92	39	73	4
const|mouse|Col4a5|ENSMUSG00000031274|X|137993338|137993382|+|deep_dn	1247	273	163	443
const|mouse|Col4a5|ENSMUSG00000031274|X|137993338|137993382|+|dn_3intron	1271	161	243	377
const|mouse|Col4a5|ENSMUSG00000031274|X|137993338|137993382|+|dn_5intron	335	46	24	29
const|mouse|Col4a5|ENSMUSG00000031274|X|137993338|137993382|+|dn_exon	229	55	16	11
const|mouse|Col4a5|ENSMUSG00000031274|X|137993338|137993382|+|exon	121	38	98	158
const|mouse|Col4a5|ENSMUSG00000031274|X|137993338|137993382|+|up_5intron	230	29	14	15
const|mouse|Col4a5|ENSMUSG00000031274|X|137993338|137993382|+|up_exon	440	116	79	83
const|mouse|Col4a5|ENSMUSG00000031274|X|138120647|138120779|+|dn_3intron	292	81	67	399
const|mouse|Col4a5|ENSMUSG00000031274|X|138120647|138120779|+|dn_5intron	514	192	142	378
const|mouse|Col4a5|ENSMUSG00000031274|X|138120647|138120779|+|dn_exon	1350	279	237	712
const|mouse|Col4a5|ENSMUSG00000031274|X|138120647|138120779|+|exon	532	225	124	294
const|mouse|Col4a5|ENSMUSG00000031274|X|138120647|138120779|+|up_3intron	751	290	234	320
const|mouse|Col4a5|ENSMUSG00000031274|X|138120647|138120779|+|up_5intron	292	18	15	17
const|mouse|Col4a5|ENSMUSG00000031274|X|138120647|138120779|+|up_exon	247	103	92	460
const|mouse|Col4a5|ENSMUSG00000031274|X|138120647|138120779|+|utr	530	142	230	517
const|mouse|Commd10|ENSMUSG00000042705|18|47121600|47123424|+|up_5intron	219	85	176	86
const|mouse|Commd10|ENSMUSG00000042705|18|47121600|47123424|+|up_exon	330	2181	3132	1196
const|mouse|Coro1c|ENSMUSG00000004530|5|114298536|114298640|-|dn_3intron	1175	849	3864	610
const|mouse|Coro1c|ENSMUSG00000004530|5|114298536|114298640|-|dn_5intron	764	115	80	78
const|mouse|Coro1c|ENSMUSG00000004530|5|114298536|114298640|-|dn_exon	160	75	51	57
const|mouse|Coro1c|ENSMUSG00000004530|5|114298536|114298640|-|exon	117	129	83	22
const|mouse|Coro1c|ENSMUSG00000004530|5|114298536|114298640|-|up_3intron	1159	7195	7449	3004
const|mouse|Coro1c|ENSMUSG00000004530|5|114298536|114298640|-|up_5intron	386	206	233	88
const|mouse|Coro1c|ENSMUSG00000004530|5|114298536|114298640|-|up_exon	280	199	806	126
const|mouse|Cp|ENSMUSG00000003617|3|19868040|19868213|+|dn_3intron	688	107	73	47
const|mouse|Cp|ENSMUSG00000003617|3|19868040|19868213|+|dn_5intron	840	215	301	1805
const|mouse|Cp|ENSMUSG00000003617|3|19868040|19868213|+|dn_exon	267	70	41	67
const|mouse|Cp|ENSMUSG00000003617|3|19868040|19868213|+|exon	77	32	21	31
const|mouse|Cp|ENSMUSG00000003617|3|19868040|19868213|+|up_5intron	14	1784	12606	60
const|mouse|Cp|ENSMUSG00000003617|3|19868040|19868213|+|up_exon	1440	588	2415	2054
const|mouse|Cpxm2|ENSMUSG00000030862|7|139239398|139239497|-|dn_3intron	400	73	63	47
const|mouse|Cpxm2|ENSMUSG00000030862|7|139239398|139239497|-|dn_5intron	870	854	3891	1430
const|mouse|Cpxm2|ENSMUSG00000030862|7|139239398|139239497|-|dn_exon	441	124	87	350
const|mouse|Cpxm2|ENSMUSG00000030862|7|139239398|139239497|-|exon	472	101	181	255
const|mouse|Cpxm2|ENSMUSG00000030862|7|139239398|139239497|-|up_3intron	1004	241	228	547
const|mouse|Cpxm2|ENSMUSG00000030862|7|139239398|139239497|-|up_5intron	249	78	108	133
const|mouse|Cpxm2|ENSMUSG00000030862|7|139239398|139239497|-|up_exon	832	110	147	147
const|mouse|Cpxm2|ENSMUSG00000030862|7|139271720|139271804|-|dn_3intron	495	155	250	666
const|mouse|Cpxm2|ENSMUSG00000030862|7|139271720|139271804|-|dn_5intron	417	305	194	20
const|mouse|Cpxm2|ENSMUSG00000030862|7|139271720|139271804|-|dn_exon	30	73	55	93
const|mouse|Cpxm2|ENSMUSG00000030862|7|139271720|139271804|-|exon	534	151	67	59
const|mouse|Cpxm2|ENSMUSG00000030862|7|139271720|139271804|-|up_3intron	492	1503	2337	468
const|mouse|Cpxm2|ENSMUSG00000030862|7|139271720|139271804|-|up_5intron	167	33	127	20
const|mouse|Cpxm2|ENSMUSG00000030862|7|139271720|139271804|-|up_exon	207	62	100	144
const|mouse|Cryz|ENSMUSG00000028199|3|154274374|154274537|+|deep_dn	251	163	99	133
const|mouse|Cryz|ENSMUSG00000028199|3|154274374|154274537|+|dn_3intron	660	137	123	156
const|mouse|Cryz|ENSMUSG00000028199|3|154274374|154274537|+|dn_5intron	169	84	222	872
const|mouse|Cryz|ENSMUSG00000028199|3|154274374|154274537|+|dn_exon	550	1154	2523	1133
const|mouse|Cryz|ENSMUSG00000028199|3|154274374|154274537|+|exon	194	330	93	26
const|mouse|Cryz|ENSMUSG00000028199|3|154274374|154274537|+|up_3intron	411	107	159	175
const|mouse|Cryz|ENSMUSG00000028199|3|154274374|154274537|+|up_5intron	618	149	231	745
const|mouse|Cryz|ENSMUSG00000028199|3|154274374|154274537|+|up_exon	175	183	48	29
const|mouse|Csf1r|ENSMUSG00000024621|18|61274405|61274591|+|dn_3intron	882	215	134	305
const|mouse|Csf1r|ENSMUSG00000024621|18|61274405|61274591|+|dn_5intron	434	155	333	875
const|mouse|Csf1r|ENSMUSG00000024621|18|61274405|61274591|+|dn_exon	530	133	105	84
const|mouse|Csf1r|ENSMUSG00000024621|18|61274405|61274591|+|exon	457	119	29	262
const|mouse|Csf1r|ENSMUSG00000024621|18|61274405|61274591|+|up_3intron	164	100	55	25
const|mouse|Csf1r|ENSMUSG00000024621|18|61274405|61274591|+|up_5intron	200	104	320	94
const|mouse|Csf1r|ENSMUSG00000024621|18|61274405|61274591|+|up_exon	636	211	165	128
const|mouse|Csf3r|ENSMUSG00000028859|4|125709042|125709165|+|dn_exon	106	20	70	91
const|mouse|Csf3r|ENSMUSG00000028859|4|125709042|125709165|+|exon	224	149	60	46
const|mouse|Csf3r|ENSMUSG00000028859|4|125709042|125709165|+|up_3intron	41	56	29	21
const|mouse|Csf3r|ENSMUSG00000028859|4|125709042|125709165|+|up_5intron	359	146	29	33
const|mouse|Csf3r|ENSMUSG00000028859|4|125709042|125709165|+|up_exon	542	70	74	36
const|mouse|Ctps|ENSMUSG00000028633|4|120235383|120235483|-|dn_3intron	429	133	119	467
const|mouse|Ctps|ENSMUSG00000028633|4|120235383|120235483|-|dn_5intron	388	147	170	537
const|mouse|Ctps|ENSMUSG00000028633|4|120235383|120235483|-|dn_exon	360	1114	1551	1830
const|mouse|Ctps|ENSMUSG00000028633|4|120235383|120235483|-|exon	591	218	333	204
const|mouse|Ctps|ENSMUSG00000028633|4|120235383|120235483|-|up_3intron	316	139	220	792
const|mouse|Ctps|ENSMUSG00000028633|4|120235383|120235483|-|up_5intron	218	17	24	28
const|mouse|Ctps|ENSMUSG00000028633|4|120235383|120235483|-|up_exon	1131	118	77	18
const|mouse|Cwf19l2|ENSMUSG00000025898|9|3428665|3428783|+|dn_3intron	183	569	2689	624
const|mouse|Cwf19l2|ENSMUSG00000025898|9|3428665|3428783|+|dn_5intron	872	154	161	248
const|mouse|Cwf19l2|ENSMUSG00000025898|9|3428665|3428783|+|dn_exon	316	82	156	564
const|mouse|Cwf19l2|ENSMUSG00000025898|9|3428665|3428783|+|exon	136	60	122	73
const|mouse|Cwf19l2|ENSMUSG00000025898|9|3428665|3428783|+|up_5intron	253	45	40	89
const|mouse|Cwf19l2|ENSMUSG00000025898|9|3428665|3428783|+|up_exon	268	42	32	152
const|mouse|Cybb|ENSMUSG00000015340|X|9026767|9026859|-|dn_3intron	158	38	35	90
const|mouse|Cybb|ENSMUSG00000015340|X|9026767|9026859|-|dn_5intron	190	31	6	12
const|mouse|Cybb|ENSMUSG00000015340|X|9026767|9026859|-|dn_exon	385	140	73	78
const|mouse|Cybb|ENSMUSG00000015340|X|9026767|9026859|-|exon	129	74	25	32
const|mouse|Cybb|ENSMUSG00000015340|X|9026767|9026859|-|up_3intron	1126	157	82	107
const|mouse|Cybb|ENSMUSG00000015340|X|9026767|9026859|-|up_5intron	761	247	553	2114
const|mouse|Cybb|ENSMUSG00000015340|X|9026767|9026859|-|up_exon	114	49	71	100
const|mouse|D930015E06Rik|ENSMUSG00000033767|3|83766220|83766343|-|dn_3intron	56	163	191	63
const|mouse|D930015E06Rik|ENSMUSG00000033767|3|83766220|83766343|-|dn_5intron	1027	247	647	2768
const|mouse|D930015E06Rik|ENSMUSG00000033767|3|83766220|83766343|-|dn_exon	473	128	114	49
const|mouse|D930015E06Rik|ENSMUSG00000033767|3|83766220|83766343|-|exon	1491	369	96	126
const|mouse|D930015E06Rik|ENSMUSG00000033767|3|83766220|83766343|-|up_3intron	392	602	933	624
const|mouse|D930015E06Rik|ENSMUSG00000033767|3|83766220|83766343|-|up_5intron	286	27	80	370
const|mouse|Ddb1|ENSMUSG00000024740|19|10700386|10700480|+|dn_3intron	479	114	55	23
const|mouse|Ddb1|ENSMUSG00000024740|19|10700386|10700480|+|dn_5intron	223	136	686	156
const|mouse|Ddb1|ENSMUSG00000024740|19|10700386|10700480|+|dn_exon	799	304	100	45
const|mouse|Ddb1|ENSMUSG00000024740|19|10700386|10700480|+|exon	384	114	299	506
const|mouse|Ddb1|ENSMUSG00000024740|19|10700386|10700480|+|up_3intron	56	32	24	14
const|mouse|Ddb1|ENSMUSG00000024740|19|10700386|10700480|+|up_5intron	212	96	160	436
const|mouse|Ddhd2|ENSMUSG00000061313|8|26862572|26862800|-|dn_3intron	757	177	191	806
const|mouse|Ddhd2|ENSMUSG00000061313|8|26862572|26862800|-|dn_5intron	961	346	306	776
const|mouse|Ddhd2|ENSMUSG00000061313|8|26862572|26862800|-|dn_exon	320	52	55	135
const|mouse|Ddhd2|ENSMUSG00000061313|8|26862572|26862800|-|exon	181	175	246	549
const|mouse|Ddhd2|ENSMUSG00000061313|8|26862572|26862800|-|up_3intron	517	191	299	257
const|mouse|Ddhd2|ENSMUSG00000061313|8|26862572|26862800|-|up_5intron	271	32	10	32
const|mouse|Ddhd2|ENSMUSG00000061313|8|26862572|26862800|-|up_exon	417	126	35	48
const|mouse|Dennd5a|ENSMUSG00000035901|7|117062108|117062351|-|dn_3intron	33	9	4	6
const|mouse|Dennd5a|ENSMUSG00000035901|7|117062108|117062351|-|dn_5intron	1210	445	588	2409
const|mouse|Dennd5a|ENSMUSG00000035901|7|117062108|117062351|-|dn_exon	23	220	200	39
const|mouse|Dennd5a|ENSMUSG00000035901|7|117062108|117062351|-|exon	541	160	177	314
const|mouse|Dennd5a|ENSMUSG00000035901|7|117062108|117062351|-|up_3intron	734	239	553	533
const|mouse|Dennd5a|ENSMUSG00000035901|7|117062108|117062351|-|up_5intron	328	63	39	29
const|mouse|Dennd5a|ENSMUSG00000035901|7|117062108|117062351|-|up_exon	127	13	12	3
const|mouse|Dgcr8|ENSMUSG00000022718|16|18259642|18259748|-|dn_5intron	293	442	743	1124
const|mouse|Dgcr8|ENSMUSG00000022718|16|18259642|18259748|-|dn_exon	264	54	69	89
const|mouse|Dgcr8|ENSMUSG00000022718|16|18259642|18259748|-|exon	172	4187	3977	469
const|mouse|Dgcr8|ENSMUSG00000022718|16|18259642|18259748|-|up_5intron	911	171	443	747
const|mouse|Dgcr8|ENSMUSG00000022718|16|18259642|18259748|-|up_exon	288	112	80	60
const|mouse|Dhx37|ENSMUSG00000029480|5|125907803|125907899|-|dn_3intron	1013	511	1503	494
const|mouse|Dhx37|ENSMUSG00000029480|5|125907803|125907899|-|dn_5intron	780	318	553	517
const|mouse|Dhx37|ENSMUSG00000029480|5|125907803|125907899|-|dn_exon	679	160	28	25
const|mouse|Dhx37|ENSMUSG00000029480|5|125907803|125907899|-|exon	33	21	16	24
const|mouse|Dhx37|ENSMUSG00000029480|5|125907803|125907899|-|up_3intron	673	191	201	103
const|mouse|Dhx37|ENSMUSG00000029480|5|125907803|125907899|-|up_5intron	256	97	118	30
const|mouse|Dhx37|ENSMUSG00000029480|5|125907803|125907899|-|up_exon	504	182	49	43
const|mouse|Dip2a|ENSMUSG00000020231|10|75790447|75790518|-|deep_dn	495	362	243	334
const|mouse|Dip2a|ENSMUSG00000020231|10|75790447|75790518|-|deep_up	454	55	17	29
const|mouse|Dip2a|ENSMUSG00000020231|10|75790447|75790518|-|dn_3intron	401	353	766	614
const|mouse|Dip2a|ENSMUSG00000020231|10|75790447|75790518|-|dn_5intron	873	261	316	270
const|mouse|Dip2a|ENSMUSG00000020231|10|75790447|75790518|-|dn_exon	272	89	14	14
const|mouse|Dip2a|ENSMUSG00000020231|10|75790447|75790518|-|exon	682	190	228	148
const|mouse|Dip2a|ENSMUSG00000020231|10|75790447|75790518|-|up_3intron	84	324	551	16
const|mouse|Dixdc1|ENSMUSG00000032064|9|50492450|50492515|-|dn_3intron	835	213	391	240
const|mouse|Dixdc1|ENSMUSG00000032064|9|50492450|50492515|-|dn_5intron	790	244	15	36
const|mouse|Dixdc1|ENSMUSG00000032064|9|50492450|50492515|-|dn_exon	114	65	39	28
const|mouse|Dixdc1|ENSMUSG00000032064|9|50492450|50492515|-|exon	357	132	217	307
const|mouse|Dixdc1|ENSMUSG00000032064|9|50492450|50492515|-|up_3intron	421	318	219	401
const|mouse|Dixdc1|ENSMUSG00000032064|9|50492450|50492515|-|up_5intron	1451	372	112	187
const|mouse|Dixdc1|ENSMUSG00000032064|9|50492450|50492515|-|up_exon	338	128	96	330
const|mouse|Dlg5|ENSMUSG00000021782|14|24985381|24985741|-|dn_3intron	793	332	654	2004
const|mouse|Dlg5|ENSMUSG00000021782|14|24985381|24985741|-|dn_5intron	452	236	218	139
const|mouse|Dlg5|ENSMUSG00000021782|14|24985381|24985741|-|dn_exon	682	122	709	517
const|mouse|Dlg5|ENSMUSG00000021782|14|24985381|24985741|-|exon	153	106	429	559
const|mouse|Dlg5|ENSMUSG00000021782|14|24985381|24985741|-|up_3intron	302	104	57	31
const|mouse|Dlg5|ENSMUSG00000021782|14|24985381|24985741|-|up_5intron	980	352	81	107
const|mouse|Dlg5|ENSMUSG00000021782|14|24985381|24985741|-|up_exon	99	54	83	51
const|mouse|Dmap1|ENSMUSG00000009640|4|117348555|117348740|-|dn_3intron	297	173	87	68
const|mouse|Dmap1|ENSMUSG00000009640|4|117348555|117348740|-|dn_exon	355	170	114	119
const|mouse|Dmap1|ENSMUSG00000009640|4|117348555|117348740|-|exon	171	94	94	22
const|mouse|Dmap1|ENSMUSG00000009640|4|117348555|117348740|-|up_3intron	299	615	753	815
const|mouse|Dmap1|ENSMUSG00000009640|4|117348555|117348740|-|up_5intron	313	250	90	62
const|mouse|Dmap1|ENSMUSG00000009640|4|117348555|117348740|-|up_exon	316	41	73	55
const|mouse|Dmd|ENSMUSG00000045103|X|81051465|81051578|+|dn_3intron	376	46	25	77
const|mouse|Dmd|ENSMUSG00000045103|X|81051465|81051578|+|dn_5intron	814	136	68	159
const|mouse|Dmd|ENSMUSG00000045103|X|81051465|81051578|+|dn_exon	342	41	17	25
const|mouse|Dmd|ENSMUSG00000045103|X|81051465|81051578|+|exon	134	11	31	47
const|mouse|Dmd|ENSMUSG00000045103|X|81051465|81051578|+|up_3intron	626	117	28	72
const|mouse|Dmd|ENSMUSG00000045103|X|81051465|81051578|+|up_exon	454	83	126	74
const|mouse|Dnajc2|ENSMUSG00000029014|5|21274241|21274376|-|dn_3intron	582	99	76	328
const|mouse|Dnajc2|ENSMUSG00000029014|5|21274241|21274376|-|dn_5intron	820	205	1527	2323
const|mouse|Dnajc2|ENSMUSG00000029014|5|21274241|21274376|-|dn_exon	687	181	406	508
const|mouse|Dnajc2|ENSMUSG00000029014|5|21274241|21274376|-|exon	39	15	43	7
const|mouse|Dnajc2|ENSMUSG00000029014|5|21274241|21274376|-|up_5intron	160	28	29	114
const|mouse|Dnajc3|ENSMUSG00000022136|14|119369322|119369503|+|dn_3intron	545	131	59	99
const|mouse|Dnajc3|ENSMUSG00000022136|14|119369322|119369503|+|dn_5intron	485	153	77	85
const|mouse|Dnajc3|ENSMUSG00000022136|14|119369322|119369503|+|dn_exon	482	70	78	45
const|mouse|Dnajc3|ENSMUSG00000022136|14|119369322|119369503|+|exon	196	43	51	65
const|mouse|Dnajc3|ENSMUSG00000022136|14|119369322|119369503|+|up_3intron	795	184	904	1093
const|mouse|Dnajc3|ENSMUSG00000022136|14|119369322|119369503|+|up_5intron	135	253	61	121
const|mouse|Dnajc3|ENSMUSG00000022136|14|119369322|119369503|+|up_exon	668	213	80	126
const|mouse|Dock3|ENSMUSG00000039716|9|106897151|106897313|-|dn_3intron	359	110	129	547
const|mouse|Dock3|ENSMUSG00000039716|9|106897151|106897313|-|dn_5intron	331	52	25	16
const|mouse|Dock3|ENSMUSG00000039716|9|106897151|106897313|-|dn_exon	337	64	38	60
const|mouse|Dock3|ENSMUSG00000039716|9|106897151|106897313|-|exon	299	161	17	44
const|mouse|Dock3|ENSMUSG00000039716|9|106897151|106897313|-|up_3intron	193	125	172	70
const|mouse|Dock3|ENSMUSG00000039716|9|106897151|106897313|-|up_5intron	1242	283	74	135
const|mouse|Dock3|ENSMUSG00000039716|9|106897151|106897313|-|up_exon	196	44	104	111
const|mouse|Dpm1|ENSMUSG00000078919|2|168043117|168044587|-|dn_3intron	376	176	472	1529
const|mouse|Dpm1|ENSMUSG00000078919|2|168043117|168044587|-|dn_5intron	749	729	2677	5414
const|mouse|Dpm1|ENSMUSG00000078919|2|168043117|168044587|-|dn_exon	324	120	36	29
const|mouse|Dpm1|ENSMUSG00000078919|2|168043117|168044587|-|exon	536	124	64	148
const|mouse|Dpm1|ENSMUSG00000078919|2|168043117|168044587|-|up_5intron	102	27	44	115
const|mouse|Dpysl2|ENSMUSG00000022048|14|67453049|67453247|-|deep_dn	449	104	129	272
const|mouse|Dpysl2|ENSMUSG00000022048|14|67453049|67453247|-|deep_up	356	28	61	119
const|mouse|Dpysl2|ENSMUSG00000022048|14|67453049|67453247|-|dn_3intron	955	240	127	278
const|mouse|Dpysl2|ENSMUSG00000022048|14|67453049|67453247|-|dn_5intron	450	109	97	217
const|mouse|Dpysl2|ENSMUSG00000022048|14|67453049|67453247|-|dn_exon	1030	819	2598	2298
const|mouse|Dpysl2|ENSMUSG00000022048|14|67453049|67453247|-|exon	217	128	34	16
const|mouse|Dpysl2|ENSMUSG00000022048|14|67453049|67453247|-|up_3intron	246	98	138	184
const|mouse|Dpysl2|ENSMUSG00000022048|14|67453049|67453247|-|up_5intron	340	86	44	54
const|mouse|Dpysl2|ENSMUSG00000022048|14|67453049|67453247|-|up_exon	497	148	136	329
const|mouse|Dpysl2|ENSMUSG00000022048|14|67453049|67453247|-|utr	847	149	299	241
const|mouse|Dtnb|ENSMUSG00000071454|12|3617596|3617691|+|deep_dn	937	564	795	5069
const|mouse|Dtnb|ENSMUSG00000071454|12|3617596|3617691|+|deep_up	378	110	68	112
const|mouse|Dtnb|ENSMUSG00000071454|12|3617596|3617691|+|dn_3intron	306	61	193	517
const|mouse|Dtnb|ENSMUSG00000071454|12|3617596|3617691|+|dn_5intron	411	159	284	658
const|mouse|Dtnb|ENSMUSG00000071454|12|3617596|3617691|+|exon	219	74	290	465
const|mouse|Dtnb|ENSMUSG00000071454|12|3617596|3617691|+|up_3intron	481	210	923	1307
const|mouse|Dtnb|ENSMUSG00000071454|12|3617596|3617691|+|up_5intron	414	66	44	90
const|mouse|Dtnb|ENSMUSG00000071454|12|3617596|3617691|+|up_exon	701	964	919	815
const|mouse|Dtnb|ENSMUSG00000071454|12|3617596|3617691|+|utr	226	243	263	791
const|mouse|Dync1i2|ENSMUSG00000027012|2|71084746|71084841|+|dn_3intron	343	57	39	57
const|mouse|Dync1i2|ENSMUSG00000027012|2|71084746|71084841|+|dn_5intron	364	30	64	380
const|mouse|Dync1i2|ENSMUSG00000027012|2|71084746|71084841|+|dn_exon	122	66	25	34
const|mouse|Dync1i2|ENSMUSG00000027012|2|71084746|71084841|+|exon	230	33	93	35
const|mouse|Dync1i2|ENSMUSG00000027012|2|71084746|71084841|+|up_3intron	503	147	63	83
const|mouse|Dync1i2|ENSMUSG00000027012|2|71084746|71084841|+|up_5intron	638	89	142	655
const|mouse|Dync1i2|ENSMUSG00000027012|2|71084746|71084841|+|up_exon	343	60	79	46
const|mouse|Eftud2|ENSMUSG00000020929|11|102716538|102716601|-|dn_3intron	925	351	471	1383
const|mouse|Eftud2|ENSMUSG00000020929|11|102716538|102716601|-|dn_5intron	891	202	422	445
const|mouse|Eftud2|ENSMUSG00000020929|11|102716538|102716601|-|dn_exon	167	76	65	14
const|mouse|Eftud2|ENSMUSG00000020929|11|102716538|102716601|-|exon	566	153	67	189
const|mouse|Eftud2|ENSMUSG00000020929|11|102716538|102716601|-|up_3intron	337	97	252	319
const|mouse|Eftud2|ENSMUSG00000020929|11|102716538|102716601|-|up_5intron	41	35	80	23
const|mouse|Eftud2|ENSMUSG00000020929|11|102716538|102716601|-|up_exon	522	320	139	199
const|mouse|Ehf|ENSMUSG00000012350|2|103114042|103114110|-|dn_3intron	528	450	297	1279
const|mouse|Ehf|ENSMUSG00000012350|2|103114042|103114110|-|dn_5intron	97	66	53	55
const|mouse|Ehf|ENSMUSG00000012350|2|103114042|103114110|-|exon	542	202	11	41
const|mouse|Ehf|ENSMUSG00000012350|2|103114042|103114110|-|up_5intron	1520	850	192	132
const|mouse|Ehf|ENSMUSG00000012350|2|103114042|103114110|-|up_exon	456	123	42	93
const|mouse|Eif2ak4|ENSMUSG00000005102|2|118261899|118262021|+|dn_3intron	98	27	54	63
const|mouse|Eif2ak4|ENSMUSG00000005102|2|118261899|118262021|+|dn_5intron	1220	2790	10442	6027
const|mouse|Eif2ak4|ENSMUSG00000005102|2|118261899|118262021|+|dn_exon	723	166	49	153
const|mouse|Eif2ak4|ENSMUSG00000005102|2|118261899|118262021|+|exon	348	130	50	63
const|mouse|Eif2ak4|ENSMUSG00000005102|2|118261899|118262021|+|up_3intron	298	177	56	89
const|mouse|Eif2ak4|ENSMUSG00000005102|2|118261899|118262021|+|up_5intron	403	312	512	874
const|mouse|Eif2ak4|ENSMUSG00000005102|2|118261899|118262021|+|up_exon	1284	198	132	143
const|mouse|Eml1|ENSMUSG00000058070|12|109752588|109752722|+|dn_3intron	324	59	22	32
const|mouse|Eml1|ENSMUSG00000058070|12|109752588|109752722|+|dn_5intron	256	131	196	196
const|mouse|Eml1|ENSMUSG00000058070|12|109752588|109752722|+|dn_exon	494	74	31	11
const|mouse|Eml1|ENSMUSG00000058070|12|109752588|109752722|+|exon	264	107	15	21
const|mouse|Eml1|ENSMUSG00000058070|12|109752588|109752722|+|up_3intron	365	412	399	209
const|mouse|Eml1|ENSMUSG00000058070|12|109752588|109752722|+|up_5intron	396	320	70	33
const|mouse|Eml1|ENSMUSG00000058070|12|109752588|109752722|+|up_exon	14	12	14	14
const|mouse|Enpp1|ENSMUSG00000037370|10|24373709|24373875|-|dn_3intron	160	44	69	380
const|mouse|Enpp1|ENSMUSG00000037370|10|24373709|24373875|-|dn_5intron	74	60	109	285
const|mouse|Enpp1|ENSMUSG00000037370|10|24373709|24373875|-|dn_exon	186	126	165	246
const|mouse|Enpp1|ENSMUSG00000037370|10|24373709|24373875|-|exon	236	68	29	41
const|mouse|Enpp1|ENSMUSG00000037370|10|24373709|24373875|-|up_3intron	292	95	135	81
const|mouse|Enpp1|ENSMUSG00000037370|10|24373709|24373875|-|up_5intron	413	97	185	308
const|mouse|Enpp1|ENSMUSG00000037370|10|24373709|24373875|-|up_exon	127	178	383	267
const|mouse|Enpp1|ENSMUSG00000037370|10|24384717|24384782|-|dn_3intron	735	122	155	128
const|mouse|Enpp1|ENSMUSG00000037370|10|24384717|24384782|-|dn_5intron	274	67	25	7
const|mouse|Enpp1|ENSMUSG00000037370|10|24384717|24384782|-|dn_exon	971	130	247	1212
const|mouse|Enpp1|ENSMUSG00000037370|10|24384717|24384782|-|exon	332	186	960	1472
const|mouse|Enpp1|ENSMUSG00000037370|10|24384717|24384782|-|up_3intron	274	67	38	122
const|mouse|Enpp1|ENSMUSG00000037370|10|24384717|24384782|-|up_5intron	575	210	242	1231
const|mouse|Enpp1|ENSMUSG00000037370|10|24384717|24384782|-|up_exon	475	102	60	73
const|mouse|Ep300|ENSMUSG00000055024|15|81441840|81441953|+|dn_3intron	445	160	134	203
const|mouse|Ep300|ENSMUSG00000055024|15|81441840|81441953|+|dn_5intron	405	141	119	1310
const|mouse|Ep300|ENSMUSG00000055024|15|81441840|81441953|+|dn_exon	180	117	25	38
const|mouse|Ep300|ENSMUSG00000055024|15|81441840|81441953|+|exon	443	50	99	204
const|mouse|Ep300|ENSMUSG00000055024|15|81441840|81441953|+|up_3intron	258	223	1044	1186
const|mouse|Ep300|ENSMUSG00000055024|15|81441840|81441953|+|up_5intron	431	128	208	865
const|mouse|Ep300|ENSMUSG00000055024|15|81441840|81441953|+|up_exon	315	76	25	42
const|mouse|Epb4.1l2|ENSMUSG00000019978|10|25189002|25189077|+|dn_3intron	319	91	27	40
const|mouse|Epb4.1l2|ENSMUSG00000019978|10|25189002|25189077|+|dn_5intron	525	106	168	1178
const|mouse|Epb4.1l2|ENSMUSG00000019978|10|25189002|25189077|+|dn_exon	204	289	162	122
const|mouse|Epb4.1l2|ENSMUSG00000019978|10|25189002|25189077|+|exon	225	129	22	97
const|mouse|Epb4.1l2|ENSMUSG00000019978|10|25189002|25189077|+|up_3intron	373	89	26	45
const|mouse|Epb4.1l2|ENSMUSG00000019978|10|25189002|25189077|+|up_5intron	394	3179	1428	513
const|mouse|Epb4.1l2|ENSMUSG00000019978|10|25189002|25189077|+|up_exon	193	81	132	438
const|mouse|Epb4.1l2|ENSMUSG00000019978|10|25189002|25189077|+|utr	150	60	21	49
const|mouse|Epb4.1l5|ENSMUSG00000026383|1|121466617|121466750|-|dn_3intron	504	129	257	756
const|mouse|Epb4.1l5|ENSMUSG00000026383|1|121466617|121466750|-|dn_5intron	227	35	12	20
const|mouse|Epb4.1l5|ENSMUSG00000026383|1|121466617|121466750|-|dn_exon	192	34	60	53
const|mouse|Epb4.1l5|ENSMUSG00000026383|1|121466617|121466750|-|exon	492	129	138	253
const|mouse|Epb4.1l5|ENSMUSG00000026383|1|121466617|121466750|-|up_3intron	908	515	2244	1190
const|mouse|Epb4.1l5|ENSMUSG00000026383|1|121466617|121466750|-|up_5intron	462	122	85	947
const|mouse|Epb4.1l5|ENSMUSG00000026383|1|121466617|121466750|-|up_exon	790	211	172	231
const|mouse|Epha10|ENSMUSG00000028876|4|124591169|124591372|+|dn_3intron	455	155	457	261
const|mouse|Epha10|ENSMUSG00000028876|4|124591169|124591372|+|dn_5intron	1021	5042	7237	1991
const|mouse|Epha10|ENSMUSG00000028876|4|124591169|124591372|+|dn_exon	639	405	599	621
const|mouse|Epha10|ENSMUSG00000028876|4|124591169|124591372|+|exon	297	140	30	30
const|mouse|Epha10|ENSMUSG00000028876|4|124591169|124591372|+|up_3intron	973	268	23	11
const|mouse|Epha10|ENSMUSG00000028876|4|124591169|124591372|+|up_exon	497	303	77	32
const|mouse|Eps8|ENSMUSG00000015766|6|137463224|137463457|-|dn_3intron	744	115	140	165
const|mouse|Eps8|ENSMUSG00000015766|6|137463224|137463457|-|dn_exon	1758	613	829	1803
const|mouse|Eps8|ENSMUSG00000015766|6|137463224|137463457|-|exon	511	108	66	190
const|mouse|Eps8|ENSMUSG00000015766|6|137463224|137463457|-|up_3intron	283	70	39	97
const|mouse|Eps8|ENSMUSG00000015766|6|137463224|137463457|-|up_5intron	371	65	120	61
const|mouse|Eps8|ENSMUSG00000015766|6|137463224|137463457|-|up_exon	150	16	8	18
const|mouse|Erbb2|ENSMUSG00000062312|11|98289014|98289360|+|dn_5intron	297	118	33	19
const|mouse|Erbb2|ENSMUSG00000062312|11|98289014|98289360|+|dn_exon	255	162	92	57
const|mouse|Erbb2|ENSMUSG00000062312|11|98289014|98289360|+|exon	605	233	115	72
const|mouse|Erbb2|ENSMUSG00000062312|11|98289014|98289360|+|up_5intron	250	56	29	3
const|mouse|Erbb2|ENSMUSG00000062312|11|98289014|98289360|+|up_exon	911	334	453	536
const|mouse|Erbb2ip|ENSMUSG00000021709|13|104612891|104612965|-|dn_3intron	282	41	80	114
const|mouse|Erbb2ip|ENSMUSG00000021709|13|104612891|104612965|-|dn_5intron	244	56	13	52
const|mouse|Erbb2ip|ENSMUSG00000021709|13|104612891|104612965|-|dn_exon	233	77	162	173
const|mouse|Erbb2ip|ENSMUSG00000021709|13|104612891|104612965|-|exon	145	49	43	287
const|mouse|Erbb2ip|ENSMUSG00000021709|13|104612891|104612965|-|up_3intron	483	132	375	1280
const|mouse|Erbb2ip|ENSMUSG00000021709|13|104612891|104612965|-|up_5intron	904	237	220	2156
const|mouse|Erbb2ip|ENSMUSG00000021709|13|104612891|104612965|-|up_exon	110	11	55	80
const|mouse|Ercc3|ENSMUSG00000024382|18|32406221|32406425|+|dn_3intron	808	297	211	239
const|mouse|Ercc3|ENSMUSG00000024382|18|32406221|32406425|+|dn_5intron	1452	464	737	1548
const|mouse|Ercc3|ENSMUSG00000024382|18|32406221|32406425|+|dn_exon	839	199	85	317
const|mouse|Ercc3|ENSMUSG00000024382|18|32406221|32406425|+|exon	275	139	58	79
const|mouse|Ercc3|ENSMUSG00000024382|18|32406221|32406425|+|up_3intron	494	179	61	68
const|mouse|Ercc3|ENSMUSG00000024382|18|32406221|32406425|+|up_5intron	307	417	1927	928
const|mouse|Ercc3|ENSMUSG00000024382|18|32406221|32406425|+|up_exon	247	36	57	22
const|mouse|Ergic2|ENSMUSG00000030304|6|148151016|148151647|-|dn_3intron	501	113	110	424
const|mouse|Ergic2|ENSMUSG00000030304|6|148151016|148151647|-|dn_5intron	441	209	187	286
const|mouse|Ergic2|ENSMUSG00000030304|6|148151016|148151647|-|dn_exon	570	109	27	67
const|mouse|Ergic2|ENSMUSG00000030304|6|148151016|148151647|-|exon	170	64	42	40
const|mouse|Ergic2|ENSMUSG00000030304|6|148151016|148151647|-|up_3intron	516	143	203	257
const|mouse|Ergic2|ENSMUSG00000030304|6|148151016|148151647|-|up_5intron	764	86	120	136
const|mouse|Ergic2|ENSMUSG00000030304|6|148151016|148151647|-|up_exon	355	97	164	466
const|mouse|Ermp1|ENSMUSG00000046324|19|29720457|29720758|-|up_3intron	322	184	285	359
const|mouse|Ermp1|ENSMUSG00000046324|19|29720457|29720758|-|up_exon	200	41	93	17
const|mouse|Ern1|ENSMUSG00000020715|11|106320222|106320342|-|deep_dn	85	30	48	33
const|mouse|Ern1|ENSMUSG00000020715|11|106320222|106320342|-|deep_up	795	199	220	615
const|mouse|Ern1|ENSMUSG00000020715|11|106320222|106320342|-|dn_3intron	679	176	22	24
const|mouse|Ern1|ENSMUSG00000020715|11|106320222|106320342|-|dn_5intron	269	69	195	104
const|mouse|Ern1|ENSMUSG00000020715|11|106320222|106320342|-|dn_exon	399	196	370	791
const|mouse|Ern1|ENSMUSG00000020715|11|106320222|106320342|-|exon	502	1355	2322	570
const|mouse|Ern1|ENSMUSG00000020715|11|106320222|106320342|-|up_3intron	39	146	181	40
const|mouse|Espl1|ENSMUSG00000058290|15|102136666|102136805|+|dn_3intron	243	116	44	18
const|mouse|Espl1|ENSMUSG00000058290|15|102136666|102136805|+|dn_5intron	320	99	104	176
const|mouse|Espl1|ENSMUSG00000058290|15|102136666|102136805|+|dn_exon	294	202	54	44
const|mouse|Espl1|ENSMUSG00000058290|15|102136666|102136805|+|exon	373	141	64	73
const|mouse|Espl1|ENSMUSG00000058290|15|102136666|102136805|+|up_3intron	324	173	454	125
const|mouse|Espl1|ENSMUSG00000058290|15|102136666|102136805|+|up_exon	276	7	23	40
const|mouse|Evc|ENSMUSG00000029122|5|37717577|37717824|-|dn_3intron	602	137	149	403
const|mouse|Evc|ENSMUSG00000029122|5|37717577|37717824|-|dn_5intron	163	45	101	119
const|mouse|Evc|ENSMUSG00000029122|5|37717577|37717824|-|dn_exon	540	116	43	59
const|mouse|Evc|ENSMUSG00000029122|5|37717577|37717824|-|exon	120	1592	626	309
const|mouse|Evc|ENSMUSG00000029122|5|37717577|37717824|-|up_3intron	254	332	407	89
const|mouse|Evc|ENSMUSG00000029122|5|37717577|37717824|-|up_5intron	326	1001	1151	609
const|mouse|Evc|ENSMUSG00000029122|5|37717577|37717824|-|up_exon	846	158	159	255
const|mouse|Exoc2|ENSMUSG00000021357|13|31003039|31003119|-|deep_dn	191	519	473	1206
const|mouse|Exoc2|ENSMUSG00000021357|13|31003039|31003119|-|deep_up	145	29	25	83
const|mouse|Exoc2|ENSMUSG00000021357|13|31003039|31003119|-|dn_3intron	448	124	256	538
const|mouse|Exoc2|ENSMUSG00000021357|13|31003039|31003119|-|dn_5intron	339	107	39	56
const|mouse|Exoc2|ENSMUSG00000021357|13|31003039|31003119|-|dn_exon	278	64	21	46
const|mouse|Exoc2|ENSMUSG00000021357|13|31003039|31003119|-|exon	211	86	47	69
const|mouse|Exoc2|ENSMUSG00000021357|13|31003039|31003119|-|up_3intron	462	165	111	122
const|mouse|Exoc2|ENSMUSG00000021357|13|31003039|31003119|-|up_5intron	313	85	60	64
const|mouse|Exoc2|ENSMUSG00000021357|13|31003039|31003119|-|up_exon	373	74	37	44
const|mouse|Exoc6|ENSMUSG00000053799|19|37664293|37664412|+|dn_3intron	330	114	252	518
const|mouse|Exoc6|ENSMUSG00000053799|19|37664293|37664412|+|dn_5intron	116	29	76	104
const|mouse|Exoc6|ENSMUSG00000053799|19|37664293|37664412|+|dn_exon	405	110	76	97
const|mouse|Exoc6|ENSMUSG00000053799|19|37664293|37664412|+|exon	1075	325	57	164
const|mouse|Exoc6|ENSMUSG00000053799|19|37664293|37664412|+|up_3intron	213	56	44	57
const|mouse|Exoc6|ENSMUSG00000053799|19|37664293|37664412|+|up_5intron	162	48	38	120
const|mouse|Exoc6|ENSMUSG00000053799|19|37664293|37664412|+|up_exon	320	78	34	60
const|mouse|Fam114a1|ENSMUSG00000029185|5|65397273|65397382|+|dn_3intron	360	85	197	318
const|mouse|Fam114a1|ENSMUSG00000029185|5|65397273|65397382|+|dn_5intron	544	160	131	251
const|mouse|Fam114a1|ENSMUSG00000029185|5|65397273|65397382|+|dn_exon	293	114	148	138
const|mouse|Fam114a1|ENSMUSG00000029185|5|65397273|65397382|+|exon	91	134	130	74
const|mouse|Fam114a1|ENSMUSG00000029185|5|65397273|65397382|+|up_5intron	979	357	293	140
const|mouse|Fam114a1|ENSMUSG00000029185|5|65397273|65397382|+|up_exon	127	31	30	18
const|mouse|Fam13a|ENSMUSG00000037709|6|58933881|58934107|-|deep_dn	820	150	695	377
const|mouse|Fam13a|ENSMUSG00000037709|6|58933881|58934107|-|deep_up	3	4	1	1
const|mouse|Fam13a|ENSMUSG00000037709|6|58933881|58934107|-|dn_3intron	1148	403	704	1287
const|mouse|Fam13a|ENSMUSG00000037709|6|58933881|58934107|-|dn_5intron	28	57	20	30
const|mouse|Fam13a|ENSMUSG00000037709|6|58933881|58934107|-|dn_exon	162	37	90	224
const|mouse|Fam13a|ENSMUSG00000037709|6|58933881|58934107|-|exon	258	80	105	72
const|mouse|Fam13a|ENSMUSG00000037709|6|58933881|58934107|-|up_3intron	426	156	51	195
const|mouse|Fam13a|ENSMUSG00000037709|6|58933881|58934107|-|up_5intron	192	49	15	60
const|mouse|Fam13a|ENSMUSG00000037709|6|58933881|58934107|-|up_exon	643	168	87	134
const|mouse|Fam20c|ENSMUSG00000025854|5|139270948|139271063|+|dn_3intron	504	124	150	23
const|mouse|Fam20c|ENSMUSG00000025854|5|139270948|139271063|+|dn_5intron	402	71	90	116
const|mouse|Fam20c|ENSMUSG00000025854|5|139270948|139271063|+|dn_exon	369	432	204	312
const|mouse|Fam20c|ENSMUSG00000025854|5|139270948|139271063|+|exon	247	148	93	138
const|mouse|Fam20c|ENSMUSG00000025854|5|139270948|139271063|+|up_3intron	41	17	36	13
const|mouse|Fam20c|ENSMUSG00000025854|5|139270948|139271063|+|up_5intron	233	1664	912	1485
const|mouse|Fam20c|ENSMUSG00000025854|5|139270948|139271063|+|up_exon	91	36	2	4
const|mouse|Fam40a|ENSMUSG00000014601|3|107429863|107429997|-|dn_5intron	563	171	204	323
const|mouse|Fam40a|ENSMUSG00000014601|3|107429863|107429997|-|dn_exon	602	221	435	456
const|mouse|Fam40a|ENSMUSG00000014601|3|107429863|107429997|-|exon	315	43	17	17
const|mouse|Fam40a|ENSMUSG00000014601|3|107429863|107429997|-|up_3intron	757	318	61	65
const|mouse|Fam40a|ENSMUSG00000014601|3|107429863|107429997|-|up_5intron	842	412	76	113
const|mouse|Fam40a|ENSMUSG00000014601|3|107429863|107429997|-|up_exon	362	147	87	64
const|mouse|Fam81a|ENSMUSG00000032224|9|69950627|69950756|-|deep_dn	205	81	291	280
const|mouse|Fam81a|ENSMUSG00000032224|9|69950627|69950756|-|deep_up	355	368	89	138
const|mouse|Fam81a|ENSMUSG00000032224|9|69950627|69950756|-|dn_3intron	341	156	72	27
const|mouse|Fam81a|ENSMUSG00000032224|9|69950627|69950756|-|dn_5intron	172	161	436	548
const|mouse|Fam81a|ENSMUSG00000032224|9|69950627|69950756|-|dn_exon	425	89	35	31
const|mouse|Fam81a|ENSMUSG00000032224|9|69950627|69950756|-|exon	238	25	31	14
const|mouse|Fam81a|ENSMUSG00000032224|9|69950627|69950756|-|up_3intron	408	36639	13294	1776
const|mouse|Fam81a|ENSMUSG00000032224|9|69950627|69950756|-|up_5intron	184	217	156	86
const|mouse|Fam81a|ENSMUSG00000032224|9|69950627|69950756|-|up_exon	329	79	110	275
const|mouse|Fancd2|ENSMUSG00000034023|6|113515151|113515266|+|dn_3intron	881	177	48	8
const|mouse|Fancd2|ENSMUSG00000034023|6|113515151|113515266|+|dn_5intron	734	354	250	546
const|mouse|Fancd2|ENSMUSG00000034023|6|113515151|113515266|+|dn_exon	375	125	16	12
const|mouse|Fancd2|ENSMUSG00000034023|6|113515151|113515266|+|exon	443	182	31	64
const|mouse|Fancd2|ENSMUSG00000034023|6|113515151|113515266|+|up_3intron	515	76	60	52
const|mouse|Fancd2|ENSMUSG00000034023|6|113515151|113515266|+|up_5intron	337	119	51	52
const|mouse|Fancd2|ENSMUSG00000034023|6|113515151|113515266|+|up_exon	1417	506	747	776
const|mouse|Fancl|ENSMUSG00000004018|11|26334411|26334500|+|deep_dn	708	229	856	1103
const|mouse|Fancl|ENSMUSG00000004018|11|26334411|26334500|+|deep_up	189	54	111	94
const|mouse|Fancl|ENSMUSG00000004018|11|26334411|26334500|+|dn_3intron	480	160	100	124
const|mouse|Fancl|ENSMUSG00000004018|11|26334411|26334500|+|dn_exon	813	657	1456	398
const|mouse|Fancl|ENSMUSG00000004018|11|26334411|26334500|+|exon	545	108	134	299
const|mouse|Fancl|ENSMUSG00000004018|11|26334411|26334500|+|up_3intron	809	179	490	2268
const|mouse|Fancl|ENSMUSG00000004018|11|26334411|26334500|+|up_5intron	295	56	86	261
const|mouse|Fancl|ENSMUSG00000004018|11|26334411|26334500|+|up_exon	514	262	551	657
const|mouse|Fbn1|ENSMUSG00000027204|2|125177689|125177811|-|dn_3intron	284	32	35	30
const|mouse|Fbn1|ENSMUSG00000027204|2|125177689|125177811|-|dn_exon	240	130	7	27
const|mouse|Fbn1|ENSMUSG00000027204|2|125177689|125177811|-|exon	512	134	263	473
const|mouse|Fbn1|ENSMUSG00000027204|2|125177689|125177811|-|up_3intron	410	120	224	655
const|mouse|Fbn1|ENSMUSG00000027204|2|125177689|125177811|-|up_5intron	18	5	1	24
const|mouse|Fbn1|ENSMUSG00000027204|2|125177689|125177811|-|up_exon	670	80	95	98
const|mouse|Fbxo18|ENSMUSG00000058594|2|11671158|11671244|-|dn_3intron	608	24116	6714	2137
const|mouse|Fbxo18|ENSMUSG00000058594|2|11671158|11671244|-|dn_5intron	621	160	79	68
const|mouse|Fbxo18|ENSMUSG00000058594|2|11671158|11671244|-|dn_exon	150	41	95	72
const|mouse|Fbxo18|ENSMUSG00000058594|2|11671158|11671244|-|exon	407	67	165	170
const|mouse|Fbxo18|ENSMUSG00000058594|2|11671158|11671244|-|up_3intron	289	77	69	158
const|mouse|Fbxo18|ENSMUSG00000058594|2|11671158|11671244|-|up_5intron	550	88	122	161
const|mouse|Fbxo18|ENSMUSG00000058594|2|11671158|11671244|-|up_exon	351	123	118	227
const|mouse|Fggy|ENSMUSG00000028573|4|95478799|95478964|+|deep_dn	579	259	502	1272
const|mouse|Fggy|ENSMUSG00000028573|4|95478799|95478964|+|deep_up	501	335	1653	4269
const|mouse|Fggy|ENSMUSG00000028573|4|95478799|95478964|+|dn_3intron	2	13	7	4
const|mouse|Fggy|ENSMUSG00000028573|4|95478799|95478964|+|dn_5intron	126	28	16	88
const|mouse|Fggy|ENSMUSG00000028573|4|95478799|95478964|+|dn_exon	249	72	78	66
const|mouse|Fggy|ENSMUSG00000028573|4|95478799|95478964|+|exon	514	162	27	104
const|mouse|Fggy|ENSMUSG00000028573|4|95478799|95478964|+|up_3intron	125	251	881	350
const|mouse|Fggy|ENSMUSG00000028573|4|95478799|95478964|+|up_5intron	1551	367	89	281
const|mouse|Fggy|ENSMUSG00000028573|4|95478799|95478964|+|up_exon	1043	118	126	157
const|mouse|Fig4|ENSMUSG00000038417|10|40974648|40974695|-|dn_3intron	359	151	83	235
const|mouse|Fig4|ENSMUSG00000038417|10|40974648|40974695|-|dn_5intron	187	358	3347	1887
const|mouse|Fig4|ENSMUSG00000038417|10|40974648|40974695|-|dn_exon	463	205	77	155
const|mouse|Fig4|ENSMUSG00000038417|10|40974648|40974695|-|exon	340	123	225	651
const|mouse|Fig4|ENSMUSG00000038417|10|40974648|40974695|-|up_3intron	625	609	720	90
const|mouse|Fig4|ENSMUSG00000038417|10|40974648|40974695|-|up_5intron	260	122	30	33
const|mouse|Fig4|ENSMUSG00000038417|10|40974648|40974695|-|up_exon	272	143	29	90
const|mouse|Figf|ENSMUSG00000031380|X|160833865|160833965|+|dn_3intron	218	37	38	54
const|mouse|Figf|ENSMUSG00000031380|X|160833865|160833965|+|dn_5intron	433	98	122	635
const|mouse|Figf|ENSMUSG00000031380|X|160833865|160833965|+|exon	145	92	43	41
const|mouse|Figf|ENSMUSG00000031380|X|160833865|160833965|+|up_3intron	161	40	72	245
const|mouse|Figf|ENSMUSG00000031380|X|160833865|160833965|+|up_5intron	1005	1381	2607	2962
const|mouse|Figf|ENSMUSG00000031380|X|160833865|160833965|+|up_exon	474	243	153	166
const|mouse|Flnb|ENSMUSG00000025278|14|8724594|8724787|+|dn_3intron	18	1	14	16
const|mouse|Flnb|ENSMUSG00000025278|14|8724594|8724787|+|dn_5intron	885	161	107	140
const|mouse|Flnb|ENSMUSG00000025278|14|8724594|8724787|+|dn_exon	343	103	43	57
const|mouse|Flnb|ENSMUSG00000025278|14|8724594|8724787|+|exon	591	166	21	36
const|mouse|Flnb|ENSMUSG00000025278|14|8724594|8724787|+|up_3intron	316	104	160	322
const|mouse|Flnb|ENSMUSG00000025278|14|8724594|8724787|+|up_5intron	87	41	11	1
const|mouse|Flnb|ENSMUSG00000025278|14|8724594|8724787|+|up_exon	774	321	490	534
const|mouse|Flt4|ENSMUSG00000020357|11|49448151|49448297|+|dn_5intron	199	142	74	84
const|mouse|Flt4|ENSMUSG00000020357|11|49448151|49448297|+|dn_exon	1066	311	200	252
const|mouse|Flt4|ENSMUSG00000020357|11|49448151|49448297|+|exon	377	61	254	171
const|mouse|Flt4|ENSMUSG00000020357|11|49448151|49448297|+|up_3intron	386	653	566	433
const|mouse|Flt4|ENSMUSG00000020357|11|49448151|49448297|+|up_5intron	538	170	204	243
const|mouse|Flt4|ENSMUSG00000020357|11|49448151|49448297|+|up_exon	354	153	230	110
const|mouse|Galnt12|ENSMUSG00000039774|4|47133234|47133380|+|dn_3intron	235	38	10	32
const|mouse|Galnt12|ENSMUSG00000039774|4|47133234|47133380|+|dn_5intron	293	123	50	20
const|mouse|Galnt12|ENSMUSG00000039774|4|47133234|47133380|+|dn_exon	226	23	46	71
const|mouse|Galnt12|ENSMUSG00000039774|4|47133234|47133380|+|exon	173	67	113	119
const|mouse|Galnt12|ENSMUSG00000039774|4|47133234|47133380|+|up_3intron	655	138	269	429
const|mouse|Galnt12|ENSMUSG00000039774|4|47133234|47133380|+|up_5intron	400	251	440	549
const|mouse|Galnt12|ENSMUSG00000039774|4|47133234|47133380|+|up_exon	362	206	49	57
const|mouse|Gart|ENSMUSG00000022962|16|91625559|91625765|-|dn_3intron	110	15	7	481
const|mouse|Gart|ENSMUSG00000022962|16|91625559|91625765|-|dn_5intron	507	145	30	52
const|mouse|Gart|ENSMUSG00000022962|16|91625559|91625765|-|dn_exon	449	166	304	719
const|mouse|Gart|ENSMUSG00000022962|16|91625559|91625765|-|exon	14	244	226	25
const|mouse|Gart|ENSMUSG00000022962|16|91625559|91625765|-|up_3intron	62	51	22	21
const|mouse|Gart|ENSMUSG00000022962|16|91625559|91625765|-|up_5intron	109	32	43	4
const|mouse|Gart|ENSMUSG00000022962|16|91625559|91625765|-|up_exon	474	161	34	84
const|mouse|Gart|ENSMUSG00000022962|16|91630851|91630960|-|dn_3intron	290	103	178	141
const|mouse|Gart|ENSMUSG00000022962|16|91630851|91630960|-|dn_5intron	250	51	29	66
const|mouse|Gart|ENSMUSG00000022962|16|91630851|91630960|-|dn_exon	1114	401	215	245
const|mouse|Gart|ENSMUSG00000022962|16|91630851|91630960|-|exon	185	65	54	69
const|mouse|Gart|ENSMUSG00000022962|16|91630851|91630960|-|up_3intron	672	249	450	970
const|mouse|Gart|ENSMUSG00000022962|16|91630851|91630960|-|up_5intron	390	116	89	35
const|mouse|Gart|ENSMUSG00000022962|16|91630851|91630960|-|up_exon	316	74	53	38
const|mouse|Gdpd1|ENSMUSG00000061666|11|86876714|86877444|-|deep_dn	239	135	24	8
const|mouse|Gdpd1|ENSMUSG00000061666|11|86876714|86877444|-|deep_up	201	67	36	40
const|mouse|Gdpd1|ENSMUSG00000061666|11|86876714|86877444|-|dn_3intron	274	27	18	4
const|mouse|Gdpd1|ENSMUSG00000061666|11|86876714|86877444|-|dn_5intron	362	187	213	178
const|mouse|Gdpd1|ENSMUSG00000061666|11|86876714|86877444|-|dn_exon	451	87	48	82
const|mouse|Gdpd1|ENSMUSG00000061666|11|86876714|86877444|-|exon	1927	805	1723	1931
const|mouse|Gdpd1|ENSMUSG00000061666|11|86876714|86877444|-|up_3intron	147	48	13	6
const|mouse|Gdpd1|ENSMUSG00000061666|11|86876714|86877444|-|up_5intron	127	97	130	39
const|mouse|Gdpd1|ENSMUSG00000061666|11|86876714|86877444|-|up_exon	373	205	164	64
const|mouse|Gdpd1|ENSMUSG00000061666|11|86876714|86877444|-|utr	133	124	186	273
const|mouse|Ggh|ENSMUSG00000073987|4|19976939|19976991|+|deep_dn	178	59	81	33
const|mouse|Ggh|ENSMUSG00000073987|4|19976939|19976991|+|deep_up	66	105	65	19
const|mouse|Ggh|ENSMUSG00000073987|4|19976939|19976991|+|dn_5intron	560	143	277	1703
const|mouse|Ggh|ENSMUSG00000073987|4|19976939|19976991|+|dn_exon	242	50	5	11
const|mouse|Ggh|ENSMUSG00000073987|4|19976939|19976991|+|exon	427	119	95	511
const|mouse|Ggh|ENSMUSG00000073987|4|19976939|19976991|+|up_3intron	580	123	4	66
const|mouse|Ggh|ENSMUSG00000073987|4|19976939|19976991|+|up_5intron	454	107	244	1243
const|mouse|Ggh|ENSMUSG00000073987|4|19976939|19976991|+|up_exon	364	99	175	278
const|mouse|Gla|ENSMUSG00000031266|X|131128171|131128354|-|dn_5intron	493	110	105	117
const|mouse|Gla|ENSMUSG00000031266|X|131128171|131128354|-|dn_exon	181	101	174	418
const|mouse|Gla|ENSMUSG00000031266|X|131128171|131128354|-|exon	389	104	118	156
const|mouse|Gla|ENSMUSG00000031266|X|131128171|131128354|-|up_3intron	442	106	110	152
const|mouse|Gla|ENSMUSG00000031266|X|131128171|131128354|-|up_5intron	87	31	38	71
const|mouse|Gla|ENSMUSG00000031266|X|131128171|131128354|-|up_exon	489	74	125	202
const|mouse|Gmnn|ENSMUSG00000006715|13|24845217|24845329|-|dn_3intron	1424	157	193	331
const|mouse|Gmnn|ENSMUSG00000006715|13|24845217|24845329|-|dn_5intron	524	150	79	133
const|mouse|Gmnn|ENSMUSG00000006715|13|24845217|24845329|-|dn_exon	454	101	44	114
const|mouse|Gmnn|ENSMUSG00000006715|13|24845217|24845329|-|exon	137	34	131	63
const|mouse|Gmnn|ENSMUSG00000006715|13|24845217|24845329|-|up_3intron	138	116	103	426
const|mouse|Gmnn|ENSMUSG00000006715|13|24845217|24845329|-|up_exon	162	180	492	206
const|mouse|Gmnn|ENSMUSG00000006715|13|24845217|24845329|-|utr	290	114	12	24
const|mouse|Gnpat|ENSMUSG00000031985|8|127399107|127400955|+|dn_3intron	65	39	32	6
const|mouse|Gnpat|ENSMUSG00000031985|8|127399107|127400955|+|dn_5intron	575	173	46	68
const|mouse|Gnpat|ENSMUSG00000031985|8|127399107|127400955|+|dn_exon	661	201	620	1236
const|mouse|Gnpat|ENSMUSG00000031985|8|127399107|127400955|+|exon	834	44821	15630	2021
const|mouse|Gnpat|ENSMUSG00000031985|8|127399107|127400955|+|up_3intron	1181	323	49	211
const|mouse|Gnpat|ENSMUSG00000031985|8|127399107|127400955|+|up_5intron	53	122	303	74
const|mouse|Gnpat|ENSMUSG00000031985|8|127399107|127400955|+|up_exon	454	286	164	29
const|mouse|Golga1|ENSMUSG00000026754|2|38889581|38889734|-|dn_3intron	301	31	27	11
const|mouse|Golga1|ENSMUSG00000026754|2|38889581|38889734|-|dn_5intron	266	159	39	104
const|mouse|Golga1|ENSMUSG00000026754|2|38889581|38889734|-|dn_exon	133	70	106	70
const|mouse|Golga1|ENSMUSG00000026754|2|38889581|38889734|-|exon	635	168	182	92
const|mouse|Golga1|ENSMUSG00000026754|2|38889581|38889734|-|up_3intron	286	70	100	238
const|mouse|Golga1|ENSMUSG00000026754|2|38889581|38889734|-|up_5intron	1162	245	64	86
const|mouse|Golga1|ENSMUSG00000026754|2|38889581|38889734|-|up_exon	185	62	16	46
const|mouse|Golga4|ENSMUSG00000038708|9|118486260|118486346|+|dn_3intron	187	93	269	648
const|mouse|Golga4|ENSMUSG00000038708|9|118486260|118486346|+|dn_5intron	648	285	2138	1707
const|mouse|Golga4|ENSMUSG00000038708|9|118486260|118486346|+|dn_exon	1773	412	858	955
const|mouse|Golga4|ENSMUSG00000038708|9|118486260|118486346|+|exon	390	198	231	413
const|mouse|Golga4|ENSMUSG00000038708|9|118486260|118486346|+|up_3intron	903	570	628	2280
const|mouse|Golga4|ENSMUSG00000038708|9|118486260|118486346|+|up_5intron	1138	361	728	5345
const|mouse|Golga4|ENSMUSG00000038708|9|118486260|118486346|+|up_exon	1038	428	67	175
const|mouse|Golim4|ENSMUSG00000034109|3|75710321|75710471|-|dn_3intron	168	321	499	628
const|mouse|Golim4|ENSMUSG00000034109|3|75710321|75710471|-|dn_5intron	525	180	135	258
const|mouse|Golim4|ENSMUSG00000034109|3|75710321|75710471|-|exon	50	24	20	33
const|mouse|Golim4|ENSMUSG00000034109|3|75710321|75710471|-|up_3intron	318	101	196	121
const|mouse|Golim4|ENSMUSG00000034109|3|75710321|75710471|-|up_5intron	316	122	356	519
const|mouse|Golim4|ENSMUSG00000034109|3|75710321|75710471|-|up_exon	593	110	125	108
const|mouse|Gpsm1|ENSMUSG00000026930|2|26180853|26181012|+|dn_5intron	289	1363	725	292
const|mouse|Gpsm1|ENSMUSG00000026930|2|26180853|26181012|+|dn_exon	76	141	143	76
const|mouse|Gpsm1|ENSMUSG00000026930|2|26180853|26181012|+|up_3intron	919	286	227	432
const|mouse|Gpsm1|ENSMUSG00000026930|2|26180853|26181012|+|up_5intron	79	95	68	25
const|mouse|Gpsm1|ENSMUSG00000026930|2|26180853|26181012|+|up_exon	889	377	785	1545
const|mouse|Gpsm1|ENSMUSG00000026930|2|26180853|26181012|+|utr	17	27	41	28
const|mouse|Gpsm2|ENSMUSG00000027883|3|108505783|108506004|-|dn_3intron	225	119	144	486
const|mouse|Gpsm2|ENSMUSG00000027883|3|108505783|108506004|-|dn_5intron	768	132	393	712
const|mouse|Gpsm2|ENSMUSG00000027883|3|108505783|108506004|-|dn_exon	345	57	54	86
const|mouse|Gpsm2|ENSMUSG00000027883|3|108505783|108506004|-|exon	90	164	35	41
const|mouse|Gpsm2|ENSMUSG00000027883|3|108505783|108506004|-|up_3intron	463	177	301	578
const|mouse|Gpsm2|ENSMUSG00000027883|3|108505783|108506004|-|up_5intron	125	93	162	59
const|mouse|Gpsm2|ENSMUSG00000027883|3|108505783|108506004|-|up_exon	158	49	29	48
const|mouse|Grtp1|ENSMUSG00000038515|8|13192050|13192208|-|dn_3intron	134	46	113	25
const|mouse|Grtp1|ENSMUSG00000038515|8|13192050|13192208|-|dn_5intron	79	60	35	6
const|mouse|Grtp1|ENSMUSG00000038515|8|13192050|13192208|-|dn_exon	720	143	32	42
const|mouse|Grtp1|ENSMUSG00000038515|8|13192050|13192208|-|exon	166	87	33	34
const|mouse|Grtp1|ENSMUSG00000038515|8|13192050|13192208|-|up_3intron	642	198	133	120
const|mouse|Grtp1|ENSMUSG00000038515|8|13192050|13192208|-|up_5intron	417	187	19	59
const|mouse|Hccs|ENSMUSG00000031352|X|165757370|165757522|-|dn_3intron	1391	405	309	1313
const|mouse|Hccs|ENSMUSG00000031352|X|165757370|165757522|-|dn_5intron	191	130	105	154
const|mouse|Hccs|ENSMUSG00000031352|X|165757370|165757522|-|dn_exon	617	122	94	204
const|mouse|Hccs|ENSMUSG00000031352|X|165757370|165757522|-|exon	280	280	233	788
const|mouse|Hccs|ENSMUSG00000031352|X|165757370|165757522|-|up_3intron	272	114	28	11
const|mouse|Hccs|ENSMUSG00000031352|X|165757370|165757522|-|up_5intron	23	33	12	15
const|mouse|Hcfc2|ENSMUSG00000020246|10|82186364|82186531|+|dn_3intron	303	14	50	234
const|mouse|Hcfc2|ENSMUSG00000020246|10|82186364|82186531|+|dn_5intron	514	917	332	177
const|mouse|Hcfc2|ENSMUSG00000020246|10|82186364|82186531|+|dn_exon	465	93	85	133
const|mouse|Hcfc2|ENSMUSG00000020246|10|82186364|82186531|+|exon	883	314	118	319
const|mouse|Hcfc2|ENSMUSG00000020246|10|82186364|82186531|+|up_3intron	1132	271	150	568
const|mouse|Hcfc2|ENSMUSG00000020246|10|82186364|82186531|+|up_5intron	703	118	160	478
const|mouse|Hcfc2|ENSMUSG00000020246|10|82186364|82186531|+|up_exon	373	95	121	153
const|mouse|Heatr5b|ENSMUSG00000039414|17|79219961|79220211|-|dn_3intron	372	51	58	253
const|mouse|Heatr5b|ENSMUSG00000039414|17|79219961|79220211|-|dn_5intron	624	122	39	135
const|mouse|Heatr5b|ENSMUSG00000039414|17|79219961|79220211|-|dn_exon	372	152	73	175
const|mouse|Heatr5b|ENSMUSG00000039414|17|79219961|79220211|-|exon	336	95	13	41
const|mouse|Heatr5b|ENSMUSG00000039414|17|79219961|79220211|-|up_3intron	871	140	707	587
const|mouse|Heatr5b|ENSMUSG00000039414|17|79219961|79220211|-|up_5intron	450	78	133	144
const|mouse|Heatr5b|ENSMUSG00000039414|17|79219961|79220211|-|up_exon	408	259	356	306
const|mouse|Helz|ENSMUSG00000020721|11|107463624|107463822|+|dn_3intron	41	308	53	117
const|mouse|Helz|ENSMUSG00000020721|11|107463624|107463822|+|dn_5intron	485	178	67	80
const|mouse|Helz|ENSMUSG00000020721|11|107463624|107463822|+|dn_exon	1042	174	187	421
const|mouse|Helz|ENSMUSG00000020721|11|107463624|107463822|+|exon	221	60	55	34
const|mouse|Helz|ENSMUSG00000020721|11|107463624|107463822|+|up_3intron	677	231	53	61
const|mouse|Helz|ENSMUSG00000020721|11|107463624|107463822|+|up_5intron	373	56	63	62
const|mouse|Helz|ENSMUSG00000020721|11|107463624|107463822|+|up_exon	794	169	151	110
const|mouse|Herc2|ENSMUSG00000030451|7|63392591|63392764|+|dn_3intron	48	9	3	6
const|mouse|Herc2|ENSMUSG00000030451|7|63392591|63392764|+|dn_5intron	521	84	104	155
const|mouse|Herc2|ENSMUSG00000030451|7|63392591|63392764|+|dn_exon	943	271	95	421
const|mouse|Herc2|ENSMUSG00000030451|7|63392591|63392764|+|exon	766	231	57	114
const|mouse|Herc2|ENSMUSG00000030451|7|63392591|63392764|+|up_3intron	334	67	105	529
const|mouse|Herc2|ENSMUSG00000030451|7|63392591|63392764|+|up_5intron	1088	362	1177	2347
const|mouse|Herc2|ENSMUSG00000030451|7|63392591|63392764|+|up_exon	150	28	98	95
const|mouse|Hmgcl|ENSMUSG00000028672|4|135509772|135509867|+|dn_3intron	1	4	16	1
const|mouse|Hmgcl|ENSMUSG00000028672|4|135509772|135509867|+|dn_5intron	370	171	240	66
const|mouse|Hmgcl|ENSMUSG00000028672|4|135509772|135509867|+|dn_exon	497	192	202	111
const|mouse|Hmgcl|ENSMUSG00000028672|4|135509772|135509867|+|exon	419	105	58	50
const|mouse|Hmgcl|ENSMUSG00000028672|4|135509772|135509867|+|up_5intron	229	60	33	73
const|mouse|Hmgcl|ENSMUSG00000028672|4|135509772|135509867|+|up_exon	316	87	87	18
const|mouse|Hmox1|ENSMUSG00000005413|8|77620742|77621240|+|dn_3intron	387	96	61	266
const|mouse|Hmox1|ENSMUSG00000005413|8|77620742|77621240|+|dn_5intron	762	233	173	105
const|mouse|Hmox1|ENSMUSG00000005413|8|77620742|77621240|+|dn_exon	797	259	744	213
const|mouse|Hmox1|ENSMUSG00000005413|8|77620742|77621240|+|exon	361	280	248	163
const|mouse|Hmox1|ENSMUSG00000005413|8|77620742|77621240|+|up_3intron	89	77	68	45
const|mouse|Hmox1|ENSMUSG00000005413|8|77620742|77621240|+|up_5intron	334	633	617	225
const|mouse|Hmox1|ENSMUSG00000005413|8|77620742|77621240|+|up_exon	618	232	323	225
const|mouse|Hras1|ENSMUSG00000025499|7|148378341|148378519|-|dn_5intron	490	756	3312	1620
const|mouse|Hras1|ENSMUSG00000025499|7|148378341|148378519|-|dn_exon	256	112	199	148
const|mouse|Hras1|ENSMUSG00000025499|7|148378341|148378519|-|exon	589	191	149	291
const|mouse|Hras1|ENSMUSG00000025499|7|148378341|148378519|-|up_3intron	126	94	180	54
const|mouse|Hras1|ENSMUSG00000025499|7|148378341|148378519|-|up_exon	510	85	182	132
const|mouse|Hspa14|ENSMUSG00000051396|2|3408209|3408394|-|dn_3intron	242	32	116	252
const|mouse|Hspa14|ENSMUSG00000051396|2|3408209|3408394|-|dn_5intron	213	39	6	16
const|mouse|Hspa14|ENSMUSG00000051396|2|3408209|3408394|-|dn_exon	398	69	217	733
const|mouse|Hspa14|ENSMUSG00000051396|2|3408209|3408394|-|exon	66	173	115	45
const|mouse|Hspa14|ENSMUSG00000051396|2|3408209|3408394|-|up_3intron	320	86	13	20
const|mouse|Hspa14|ENSMUSG00000051396|2|3408209|3408394|-|up_5intron	198	16	10	37
const|mouse|Hspa14|ENSMUSG00000051396|2|3408209|3408394|-|up_exon	121	30	76	78
const|mouse|Hspa4|ENSMUSG00000020361|11|53097602|53097701|-|dn_3intron	414	93	246	660
const|mouse|Hspa4|ENSMUSG00000020361|11|53097602|53097701|-|dn_5intron	206	65	68	70
const|mouse|Hspa4|ENSMUSG00000020361|11|53097602|53097701|-|dn_exon	188	51	316	543
const|mouse|Hspa4|ENSMUSG00000020361|11|53097602|53097701|-|exon	819	233	269	372
const|mouse|Hspa4|ENSMUSG00000020361|11|53097602|53097701|-|up_3intron	729	147	108	190
const|mouse|Hspa4|ENSMUSG00000020361|11|53097602|53097701|-|up_5intron	664	288	561	991
const|mouse|Hspa4l|ENSMUSG00000025757|3|40588519|40588656|+|dn_3intron	119	63	163	186
const|mouse|Hspa4l|ENSMUSG00000025757|3|40588519|40588656|+|dn_5intron	391	222	1436	285
const|mouse|Hspa4l|ENSMUSG00000025757|3|40588519|40588656|+|dn_exon	267	549	1792	246
const|mouse|Hspa4l|ENSMUSG00000025757|3|40588519|40588656|+|exon	258	36	67	86
const|mouse|Hspa4l|ENSMUSG00000025757|3|40588519|40588656|+|up_3intron	305	51	132	325
const|mouse|Hspa4l|ENSMUSG00000025757|3|40588519|40588656|+|up_5intron	1471	195	1077	1408
const|mouse|Hspa4l|ENSMUSG00000025757|3|40588519|40588656|+|up_exon	335	126	192	807
const|mouse|Hspa4l|ENSMUSG00000025757|3|40588519|40588656|+|utr	95	8	9	15
const|mouse|Htt|ENSMUSG00000029104|5|35147151|35147329|+|dn_3intron	736	303	375	797
const|mouse|Htt|ENSMUSG00000029104|5|35147151|35147329|+|dn_5intron	681	259	716	991
const|mouse|Htt|ENSMUSG00000029104|5|35147151|35147329|+|dn_exon	208	105	71	80
const|mouse|Htt|ENSMUSG00000029104|5|35147151|35147329|+|exon	252	88	37	22
const|mouse|Htt|ENSMUSG00000029104|5|35147151|35147329|+|up_3intron	1297	655	376	124
const|mouse|Htt|ENSMUSG00000029104|5|35147151|35147329|+|up_5intron	191	66	78	181
const|mouse|Htt|ENSMUSG00000029104|5|35147151|35147329|+|up_exon	118	132	3	11
const|mouse|Ick|ENSMUSG00000009828|9|77978883|77979378|+|dn_3intron	183	108	258	198
const|mouse|Ick|ENSMUSG00000009828|9|77978883|77979378|+|dn_5intron	379	732	1489	844
const|mouse|Ick|ENSMUSG00000009828|9|77978883|77979378|+|dn_exon	237	213	469	466
const|mouse|Ick|ENSMUSG00000009828|9|77978883|77979378|+|exon	350	93	87	88
const|mouse|Ick|ENSMUSG00000009828|9|77978883|77979378|+|up_3intron	784	274	524	916
const|mouse|Ick|ENSMUSG00000009828|9|77978883|77979378|+|up_5intron	300	82	113	52
const|mouse|Ick|ENSMUSG00000009828|9|77978883|77979378|+|up_exon	570	217	50	172
const|mouse|Ift80|ENSMUSG00000027778|3|68739769|68739843|-|deep_dn	636	297	152	166
const|mouse|Ift80|ENSMUSG00000027778|3|68739769|68739843|-|deep_up	135	74	31	42
const|mouse|Ift80|ENSMUSG00000027778|3|68739769|68739843|-|dn_3intron	301	138	216	421
const|mouse|Ift80|ENSMUSG00000027778|3|68739769|68739843|-|dn_5intron	159	72	70	81
const|mouse|Ift80|ENSMUSG00000027778|3|68739769|68739843|-|dn_exon	773	246	239	485
const|mouse|Ift80|ENSMUSG00000027778|3|68739769|68739843|-|exon	313	49	47	178
const|mouse|Ift80|ENSMUSG00000027778|3|68739769|68739843|-|up_3intron	637	111	327	691
const|mouse|Ift80|ENSMUSG00000027778|3|68739769|68739843|-|up_5intron	194	4	12	16
const|mouse|Ift80|ENSMUSG00000027778|3|68739769|68739843|-|up_exon	232	341	242	513
const|mouse|Igf2r|ENSMUSG00000023830|17|12891391|12891817|-|dn_5intron	1370	588	294	247
const|mouse|Igf2r|ENSMUSG00000023830|17|12891391|12891817|-|dn_exon	1074	305	81	96
const|mouse|Igf2r|ENSMUSG00000023830|17|12891391|12891817|-|exon	357	130	121	146
const|mouse|Igf2r|ENSMUSG00000023830|17|12891391|12891817|-|up_3intron	834	292	454	983
const|mouse|Igf2r|ENSMUSG00000023830|17|12891391|12891817|-|up_5intron	336	96	72	102
const|mouse|Igf2r|ENSMUSG00000023830|17|12891391|12891817|-|up_exon	255	90	25	67
const|mouse|Igf2r|ENSMUSG00000023830|17|12891391|12891817|-|utr	785	117	227	137
const|mouse|Ik|ENSMUSG00000024474|18|36912011|36912119|+|dn_3intron	96	30	8	9
const|mouse|Ik|ENSMUSG00000024474|18|36912011|36912119|+|dn_5intron	289	137	209	89
const|mouse|Ik|ENSMUSG00000024474|18|36912011|36912119|+|dn_exon	403	98	279	511
const|mouse|Ik|ENSMUSG00000024474|18|36912011|36912119|+|exon	93	19	53	49
const|mouse|Ik|ENSMUSG00000024474|18|36912011|36912119|+|up_3intron	261	113	46	12
const|mouse|Ik|ENSMUSG00000024474|18|36912011|36912119|+|up_5intron	256	136	55	110
const|mouse|Ik|ENSMUSG00000024474|18|36912011|36912119|+|up_exon	212	154	255	469
const|mouse|Ilk|ENSMUSG00000030890|7|112890301|112890422|+|dn_5intron	590	281	284	364
const|mouse|Ilk|ENSMUSG00000030890|7|112890301|112890422|+|dn_exon	715	377	216	230
const|mouse|Impad1|ENSMUSG00000066324|4|4705340|4705502|-|dn_3intron	706	111	46	191
const|mouse|Impad1|ENSMUSG00000066324|4|4705340|4705502|-|dn_5intron	269	46	171	391
const|mouse|Impad1|ENSMUSG00000066324|4|4705340|4705502|-|dn_exon	344	93	55	70
const|mouse|Impad1|ENSMUSG00000066324|4|4705340|4705502|-|exon	250	117	48	84
const|mouse|Impad1|ENSMUSG00000066324|4|4705340|4705502|-|up_3intron	194	24	22	47
const|mouse|Impad1|ENSMUSG00000066324|4|4705340|4705502|-|up_5intron	309	65	112	299
const|mouse|Impad1|ENSMUSG00000066324|4|4705340|4705502|-|up_exon	265	142	61	124
const|mouse|Ino80|ENSMUSG00000034154|2|119277066|119278319|-|dn_3intron	250	72	195	1027
const|mouse|Ino80|ENSMUSG00000034154|2|119277066|119278319|-|dn_5intron	641	87	37	87
const|mouse|Ino80|ENSMUSG00000034154|2|119277066|119278319|-|dn_exon	217	84	60	55
const|mouse|Ino80|ENSMUSG00000034154|2|119277066|119278319|-|exon	1090	321	1566	3972
const|mouse|Ino80|ENSMUSG00000034154|2|119277066|119278319|-|up_3intron	267	54	26	57
const|mouse|Ino80|ENSMUSG00000034154|2|119277066|119278319|-|up_5intron	493	71	93	106
const|mouse|Ino80|ENSMUSG00000034154|2|119277066|119278319|-|up_exon	101	23	55	120
const|mouse|Inpp5b|ENSMUSG00000028894|4|124469437|124469599|+|up_3intron	237	69	52	63
const|mouse|Inpp5b|ENSMUSG00000028894|4|124469437|124469599|+|up_5intron	348	181	147	22
const|mouse|Inpp5b|ENSMUSG00000028894|4|124469437|124469599|+|up_exon	568	172	57	45
const|mouse|Ipmk|ENSMUSG00000060733|10|70828757|70828853|+|deep_dn	830	94	18	51
const|mouse|Ipmk|ENSMUSG00000060733|10|70828757|70828853|+|deep_up	529	210	31	68
const|mouse|Ipmk|ENSMUSG00000060733|10|70828757|70828853|+|dn_3intron	1169	731	1027	1743
const|mouse|Ipmk|ENSMUSG00000060733|10|70828757|70828853|+|dn_5intron	555	169	173	717
const|mouse|Ipmk|ENSMUSG00000060733|10|70828757|70828853|+|dn_exon	274	100	68	118
const|mouse|Ipmk|ENSMUSG00000060733|10|70828757|70828853|+|exon	230	222	84	135
const|mouse|Ipmk|ENSMUSG00000060733|10|70828757|70828853|+|up_3intron	1443	231	229	246
const|mouse|Ipmk|ENSMUSG00000060733|10|70828757|70828853|+|up_5intron	116	357	1409	902
const|mouse|Ipmk|ENSMUSG00000060733|10|70828757|70828853|+|up_exon	209	64	23	62
const|mouse|Ippk|ENSMUSG00000021385|13|49538791|49538992|+|dn_3intron	394	342	773	1044
const|mouse|Ippk|ENSMUSG00000021385|13|49538791|49538992|+|dn_5intron	585	125	106	182
const|mouse|Ippk|ENSMUSG00000021385|13|49538791|49538992|+|dn_exon	803	258	461	312
const|mouse|Ippk|ENSMUSG00000021385|13|49538791|49538992|+|exon	464	112	26	40
const|mouse|Ippk|ENSMUSG00000021385|13|49538791|49538992|+|up_3intron	581	270	415	712
const|mouse|Ippk|ENSMUSG00000021385|13|49538791|49538992|+|up_5intron	117	32	122	18
const|mouse|Ippk|ENSMUSG00000021385|13|49538791|49538992|+|up_exon	252	69	72	30
const|mouse|Itga1|ENSMUSG00000042284|13|115767672|115767884|-|dn_3intron	284	121	261	201
const|mouse|Itga1|ENSMUSG00000042284|13|115767672|115767884|-|dn_5intron	27	5	4	6
const|mouse|Itga1|ENSMUSG00000042284|13|115767672|115767884|-|dn_exon	83	87	30	34
const|mouse|Itga1|ENSMUSG00000042284|13|115767672|115767884|-|exon	902	109	188	685
const|mouse|Itga1|ENSMUSG00000042284|13|115767672|115767884|-|up_3intron	1080	170	187	966
const|mouse|Itga1|ENSMUSG00000042284|13|115767672|115767884|-|up_5intron	594	136	110	341
const|mouse|Itga1|ENSMUSG00000042284|13|115767672|115767884|-|up_exon	301	67	38	82
const|mouse|Itpr3|ENSMUSG00000042644|17|27251025|27251225|+|dn_5intron	365	234	187	323
const|mouse|Itpr3|ENSMUSG00000042644|17|27251025|27251225|+|dn_exon	458	5363	5658	1699
const|mouse|Itpr3|ENSMUSG00000042644|17|27251025|27251225|+|exon	218	116	14	19
const|mouse|Itpr3|ENSMUSG00000042644|17|27251025|27251225|+|up_3intron	881	320	279	83
const|mouse|Itpr3|ENSMUSG00000042644|17|27251025|27251225|+|up_exon	426	250	162	43
const|mouse|Jak2|ENSMUSG00000024789|19|29371000|29371138|+|dn_3intron	625	134	122	90
const|mouse|Jak2|ENSMUSG00000024789|19|29371000|29371138|+|dn_5intron	593	200	178	1239
const|mouse|Jak2|ENSMUSG00000024789|19|29371000|29371138|+|dn_exon	102	76	75	18
const|mouse|Jak2|ENSMUSG00000024789|19|29371000|29371138|+|exon	312	67	112	115
const|mouse|Jak2|ENSMUSG00000024789|19|29371000|29371138|+|up_3intron	662	143	59	186
const|mouse|Jak2|ENSMUSG00000024789|19|29371000|29371138|+|up_5intron	562	82	78	79
const|mouse|Jak2|ENSMUSG00000024789|19|29371000|29371138|+|up_exon	755	74	358	1785
const|mouse|Jak2|ENSMUSG00000024789|19|29371000|29371138|+|utr	1052	142	265	1004
const|mouse|Kdm1a|ENSMUSG00000036940|4|136113557|136113668|-|dn_3intron	810	659	2013	1424
const|mouse|Kdm1a|ENSMUSG00000036940|4|136113557|136113668|-|dn_exon	144	143	431	509
const|mouse|Kdm1a|ENSMUSG00000036940|4|136113557|136113668|-|exon	1334	150	33	105
const|mouse|Kdm1a|ENSMUSG00000036940|4|136113557|136113668|-|up_3intron	606	120	62	267
const|mouse|Kdm1a|ENSMUSG00000036940|4|136113557|136113668|-|up_5intron	385	103	118	877
const|mouse|Kdm1a|ENSMUSG00000036940|4|136113557|136113668|-|up_exon	142	12	19	26
const|mouse|Kif1b|ENSMUSG00000063077|4|148636808|148636886|-|dn_3intron	660	788	2371	827
const|mouse|Kif1b|ENSMUSG00000063077|4|148636808|148636886|-|dn_5intron	654	251	594	913
const|mouse|Kif1b|ENSMUSG00000063077|4|148636808|148636886|-|exon	825	102	52	585
const|mouse|Kif1b|ENSMUSG00000063077|4|148636808|148636886|-|up_3intron	270	40	166	311
const|mouse|Kif1b|ENSMUSG00000063077|4|148636808|148636886|-|up_5intron	1397	444	1327	5255
const|mouse|Kmo|ENSMUSG00000039783|1|177580696|177580770|+|dn_3intron	323	165	172	330
const|mouse|Kmo|ENSMUSG00000039783|1|177580696|177580770|+|dn_5intron	3	2	7	2
const|mouse|Kmo|ENSMUSG00000039783|1|177580696|177580770|+|dn_exon	863	399	1506	494
const|mouse|Kmo|ENSMUSG00000039783|1|177580696|177580770|+|exon	319	70	74	107
const|mouse|Kmo|ENSMUSG00000039783|1|177580696|177580770|+|up_3intron	307	90	63	139
const|mouse|Kmo|ENSMUSG00000039783|1|177580696|177580770|+|up_exon	455	109	162	41
const|mouse|Kmo|ENSMUSG00000039783|1|177580696|177580770|+|utr	455	151	18	42
const|mouse|Kpna6|ENSMUSG00000003731|4|129332109|129332197|-|dn_3intron	279	103	34	23
const|mouse|Kpna6|ENSMUSG00000003731|4|129332109|129332197|-|dn_5intron	280	61	56	55
const|mouse|Kpna6|ENSMUSG00000003731|4|129332109|129332197|-|dn_exon	102	67	72	7
const|mouse|Kpna6|ENSMUSG00000003731|4|129332109|129332197|-|exon	469	171	385	452
const|mouse|Kpna6|ENSMUSG00000003731|4|129332109|129332197|-|up_3intron	577	203	62	48
const|mouse|Kpna6|ENSMUSG00000003731|4|129332109|129332197|-|up_5intron	730	103	175	223
const|mouse|Kpna6|ENSMUSG00000003731|4|129332109|129332197|-|up_exon	366	94	74	37
const|mouse|Lepre1|ENSMUSG00000028641|4|118907851|118908003|+|dn_3intron	640	195	53	99
const|mouse|Lepre1|ENSMUSG00000028641|4|118907851|118908003|+|dn_exon	253	78	127	242
const|mouse|Lepre1|ENSMUSG00000028641|4|118907851|118908003|+|exon	706	172	121	209
const|mouse|Lepre1|ENSMUSG00000028641|4|118907851|118908003|+|up_3intron	152	38	46	38
const|mouse|Lepre1|ENSMUSG00000028641|4|118907851|118908003|+|up_5intron	998	231	422	583
const|mouse|Lepre1|ENSMUSG00000028641|4|118907851|118908003|+|up_exon	381	119	112	155
const|mouse|Limch1|ENSMUSG00000037736|5|67389886|67390043|+|dn_3intron	347	43	46	370
const|mouse|Limch1|ENSMUSG00000037736|5|67389886|67390043|+|dn_exon	148	253	71	60
const|mouse|Limch1|ENSMUSG00000037736|5|67389886|67390043|+|exon	107	27	102	51
const|mouse|Limch1|ENSMUSG00000037736|5|67389886|67390043|+|up_3intron	610	151	93	475
const|mouse|Limch1|ENSMUSG00000037736|5|67389886|67390043|+|up_5intron	107	41	46	40
const|mouse|Limch1|ENSMUSG00000037736|5|67389886|67390043|+|up_exon	185	99	120	44
const|mouse|Lrpprc|ENSMUSG00000024120|17|85172384|85172442|-|dn_3intron	210	88	26	38
const|mouse|Lrpprc|ENSMUSG00000024120|17|85172384|85172442|-|dn_5intron	1093	13253	16593	2647
const|mouse|Lrpprc|ENSMUSG00000024120|17|85172384|85172442|-|dn_exon	972	339	342	523
const|mouse|Lrpprc|ENSMUSG00000024120|17|85172384|85172442|-|exon	859	109	165	201
const|mouse|Lrpprc|ENSMUSG00000024120|17|85172384|85172442|-|up_5intron	393	175	165	397
const|mouse|Lrpprc|ENSMUSG00000024120|17|85172384|85172442|-|up_exon	198	48	28	51
const|mouse|Lrrc16a|ENSMUSG00000021338|13|24158774|24159126|-|deep_dn	286	81	146	247
const|mouse|Lrrc16a|ENSMUSG00000021338|13|24158774|24159126|-|deep_up	779	334	220	439
const|mouse|Lrrc16a|ENSMUSG00000021338|13|24158774|24159126|-|dn_3intron	725	101	330	217
const|mouse|Lrrc16a|ENSMUSG00000021338|13|24158774|24159126|-|dn_5intron	699	111	147	379
const|mouse|Lrrc16a|ENSMUSG00000021338|13|24158774|24159126|-|dn_exon	101	53	11	9
const|mouse|Lrrc16a|ENSMUSG00000021338|13|24158774|24159126|-|exon	278	93	442	333
const|mouse|Lrrc16a|ENSMUSG00000021338|13|24158774|24159126|-|up_3intron	444	154	67	80
const|mouse|Lrrc16a|ENSMUSG00000021338|13|24158774|24159126|-|up_5intron	1013	235	455	479
const|mouse|Lrrc16a|ENSMUSG00000021338|13|24158774|24159126|-|up_exon	424	219	100	38
const|mouse|Lrrc49|ENSMUSG00000047766|9|60527876|60527978|-|dn_3intron	529	159	234	803
const|mouse|Lrrc49|ENSMUSG00000047766|9|60527876|60527978|-|dn_5intron	1020	496	430	983
const|mouse|Lrrc49|ENSMUSG00000047766|9|60527876|60527978|-|exon	428	164	43	46
const|mouse|Lrrc49|ENSMUSG00000047766|9|60527876|60527978|-|up_3intron	275	82	6	12
const|mouse|Lrrc49|ENSMUSG00000047766|9|60527876|60527978|-|up_5intron	521	752	2669	837
const|mouse|Lrrc49|ENSMUSG00000047766|9|60527876|60527978|-|up_exon	414	99	22	55
const|mouse|Lrrc8a|ENSMUSG00000007476|2|30110688|30112852|+|deep_dn	633	233	353	363
const|mouse|Lrrc8a|ENSMUSG00000007476|2|30110688|30112852|+|deep_up	301	499	791	243
const|mouse|Lrrc8a|ENSMUSG00000007476|2|30110688|30112852|+|dn_3intron	605	185	159	270
const|mouse|Lrrc8a|ENSMUSG00000007476|2|30110688|30112852|+|dn_5intron	187	184	108	168
const|mouse|Lrrc8a|ENSMUSG00000007476|2|30110688|30112852|+|exon	1195	278	20	139
const|mouse|Lrrc8a|ENSMUSG00000007476|2|30110688|30112852|+|up_3intron	1081	711	717	703
const|mouse|Lrrc8a|ENSMUSG00000007476|2|30110688|30112852|+|up_5intron	404	1079	1429	446
const|mouse|Lrrc8a|ENSMUSG00000007476|2|30110688|30112852|+|up_exon	32	133	137	11
const|mouse|Lrrk2|ENSMUSG00000036273|15|91535537|91535666|+|deep_up	790	238	101	137
const|mouse|Lrrk2|ENSMUSG00000036273|15|91535537|91535666|+|dn_5intron	368	50	12	71
const|mouse|Lrrk2|ENSMUSG00000036273|15|91535537|91535666|+|dn_exon	255	80	71	118
const|mouse|Lrrk2|ENSMUSG00000036273|15|91535537|91535666|+|exon	412	293	1380	346
const|mouse|Lrrk2|ENSMUSG00000036273|15|91535537|91535666|+|up_3intron	580	120	593	1048
const|mouse|Lrrk2|ENSMUSG00000036273|15|91535537|91535666|+|up_5intron	186	20	89	152
const|mouse|Lrrk2|ENSMUSG00000036273|15|91535537|91535666|+|up_exon	613	121	34	37
const|mouse|Lrrk2|ENSMUSG00000036273|15|91635328|91635400|+|dn_3intron	604	221	94	320
const|mouse|Lrrk2|ENSMUSG00000036273|15|91635328|91635400|+|dn_exon	371	85	39	24
const|mouse|Lrrk2|ENSMUSG00000036273|15|91635328|91635400|+|exon	892	94	108	293
const|mouse|Lrrk2|ENSMUSG00000036273|15|91635328|91635400|+|up_3intron	122	42	60	59
const|mouse|Lrrk2|ENSMUSG00000036273|15|91635328|91635400|+|up_5intron	738	204	186	2388
const|mouse|Lrrk2|ENSMUSG00000036273|15|91635328|91635400|+|up_exon	245	42	78	32
const|mouse|Lrrk2|ENSMUSG00000036273|15|91635328|91635400|+|utr	50	3	7	7
const|mouse|Ltn1|ENSMUSG00000052299|16|87427834|87428037|-|dn_3intron	658	187	439	602
const|mouse|Ltn1|ENSMUSG00000052299|16|87427834|87428037|-|dn_5intron	135	44	115	473
const|mouse|Ltn1|ENSMUSG00000052299|16|87427834|87428037|-|dn_exon	768	110	164	328
const|mouse|Ltn1|ENSMUSG00000052299|16|87427834|87428037|-|exon	350	178	23	12
const|mouse|Ltn1|ENSMUSG00000052299|16|87427834|87428037|-|up_3intron	461	121	148	473
const|mouse|Ltn1|ENSMUSG00000052299|16|87427834|87428037|-|up_5intron	419	145	79	37
const|mouse|Ltn1|ENSMUSG00000052299|16|87427834|87428037|-|up_exon	366	230	135	69
const|mouse|Man2a1|ENSMUSG00000024085|17|64973868|64974119|+|dn_3intron	179	22	30	52
const|mouse|Man2a1|ENSMUSG00000024085|17|64973868|64974119|+|dn_5intron	1383	656	295	320
const|mouse|Man2a1|ENSMUSG00000024085|17|64973868|64974119|+|dn_exon	1656	518	748	789
const|mouse|Man2a1|ENSMUSG00000024085|17|64973868|64974119|+|exon	182	96	18	21
const|mouse|Man2a1|ENSMUSG00000024085|17|64973868|64974119|+|up_3intron	591	216	81	165
const|mouse|Map4k3|ENSMUSG00000024242|17|81012808|81012849|-|dn_3intron	1192	276	393	2300
const|mouse|Map4k3|ENSMUSG00000024242|17|81012808|81012849|-|dn_5intron	51	11	14	3
const|mouse|Map4k3|ENSMUSG00000024242|17|81012808|81012849|-|exon	193	356	504	361
const|mouse|Map4k3|ENSMUSG00000024242|17|81012808|81012849|-|up_3intron	50	2	5	36
const|mouse|Map4k3|ENSMUSG00000024242|17|81012808|81012849|-|up_5intron	390	75	79	273
const|mouse|Map4k3|ENSMUSG00000024242|17|81012808|81012849|-|up_exon	85	50	23	31
const|mouse|Mapk12|ENSMUSG00000022610|15|88966005|88966118|-|dn_5intron	393	188	145	70
const|mouse|Mapk12|ENSMUSG00000022610|15|88966005|88966118|-|dn_exon	679	132	80	26
const|mouse|Mapk12|ENSMUSG00000022610|15|88966005|88966118|-|exon	482	162	391	484
const|mouse|Mapk12|ENSMUSG00000022610|15|88966005|88966118|-|up_3intron	12	137	199	19
const|mouse|Mapk12|ENSMUSG00000022610|15|88966005|88966118|-|up_5intron	184	91	100	72
const|mouse|Mapk12|ENSMUSG00000022610|15|88966005|88966118|-|up_exon	131	141	72	46
const|mouse|Mbtps1|ENSMUSG00000031835|8|122045651|122045811|-|dn_3intron	459	68	221	347
const|mouse|Mbtps1|ENSMUSG00000031835|8|122045651|122045811|-|dn_5intron	534	150	114	153
const|mouse|Mbtps1|ENSMUSG00000031835|8|122045651|122045811|-|dn_exon	487	242	419	556
const|mouse|Mbtps1|ENSMUSG00000031835|8|122045651|122045811|-|exon	570	87	114	176
const|mouse|Mbtps1|ENSMUSG00000031835|8|122045651|122045811|-|up_3intron	543	94	74	35
const|mouse|Mbtps1|ENSMUSG00000031835|8|122045651|122045811|-|up_5intron	417	72	54	37
const|mouse|Mbtps1|ENSMUSG00000031835|8|122045651|122045811|-|up_exon	828	537	489	1417
const|mouse|Mbtps1|ENSMUSG00000031835|8|122071300|122071785|-|dn_5intron	800	119	54	94
const|mouse|Mbtps1|ENSMUSG00000031835|8|122071300|122071785|-|dn_exon	496	172	417	1570
const|mouse|Mbtps1|ENSMUSG00000031835|8|122071300|122071785|-|exon	554	118	85	573
const|mouse|Mbtps1|ENSMUSG00000031835|8|122071300|122071785|-|up_3intron	524	261	45	114
const|mouse|Mbtps1|ENSMUSG00000031835|8|122071300|122071785|-|up_5intron	675	199	146	171
const|mouse|Mbtps1|ENSMUSG00000031835|8|122071300|122071785|-|up_exon	249	101	38	33
const|mouse|Med12|ENSMUSG00000079487|X|98471439|98471620|+|dn_3intron	1342	862	2996	4920
const|mouse|Med12|ENSMUSG00000079487|X|98471439|98471620|+|dn_exon	557	513	879	1211
const|mouse|Med12|ENSMUSG00000079487|X|98471439|98471620|+|exon	215	150	51	62
const|mouse|Med12|ENSMUSG00000079487|X|98471439|98471620|+|up_3intron	68	45	78	36
const|mouse|Med12|ENSMUSG00000079487|X|98471439|98471620|+|up_5intron	463	367	1388	2063
const|mouse|Med12|ENSMUSG00000079487|X|98471439|98471620|+|up_exon	616	107	273	145
const|mouse|Med13|ENSMUSG00000034297|11|86093095|86093237|-|dn_3intron	148	15	29	13
const|mouse|Med13|ENSMUSG00000034297|11|86093095|86093237|-|dn_5intron	93	30	39	304
const|mouse|Med13|ENSMUSG00000034297|11|86093095|86093237|-|dn_exon	822	208	311	225
const|mouse|Med13|ENSMUSG00000034297|11|86093095|86093237|-|exon	615	275	521	422
const|mouse|Med13|ENSMUSG00000034297|11|86093095|86093237|-|up_3intron	1398	198	60	201
const|mouse|Med13|ENSMUSG00000034297|11|86093095|86093237|-|up_5intron	258	56	79	141
const|mouse|Med13|ENSMUSG00000034297|11|86093095|86093237|-|up_exon	641	158	179	599
const|mouse|Med23|ENSMUSG00000019984|10|24590260|24590291|+|dn_3intron	258	47	92	116
const|mouse|Med23|ENSMUSG00000019984|10|24590260|24590291|+|dn_exon	468	115	402	408
const|mouse|Med23|ENSMUSG00000019984|10|24590260|24590291|+|exon	333	500	1545	646
const|mouse|Med23|ENSMUSG00000019984|10|24590260|24590291|+|up_3intron	411	217	124	115
const|mouse|Med23|ENSMUSG00000019984|10|24590260|24590291|+|up_5intron	422	142	37	9
const|mouse|Med23|ENSMUSG00000019984|10|24590260|24590291|+|up_exon	691	352	37	25
const|mouse|Metap2|ENSMUSG00000036112|10|93332858|93333043|-|dn_3intron	348	79	58	65
const|mouse|Metap2|ENSMUSG00000036112|10|93332858|93333043|-|dn_5intron	865	141	61	66
const|mouse|Metap2|ENSMUSG00000036112|10|93332858|93333043|-|dn_exon	430	150	161	383
const|mouse|Metap2|ENSMUSG00000036112|10|93332858|93333043|-|exon	202	247	107	156
const|mouse|Metap2|ENSMUSG00000036112|10|93332858|93333043|-|up_3intron	369	132	232	536
const|mouse|Metap2|ENSMUSG00000036112|10|93332858|93333043|-|up_5intron	176	156	16	28
const|mouse|Metap2|ENSMUSG00000036112|10|93332858|93333043|-|up_exon	47	12	25	5
const|mouse|Mettl10|ENSMUSG00000030960|7|140028783|140028890|-|deep_dn	969	429	194	216
const|mouse|Mettl10|ENSMUSG00000030960|7|140028783|140028890|-|deep_up	322	979	1070	1148
const|mouse|Mettl10|ENSMUSG00000030960|7|140028783|140028890|-|dn_3intron	343	693	797	860
const|mouse|Mettl10|ENSMUSG00000030960|7|140028783|140028890|-|dn_5intron	137	16	39	228
const|mouse|Mettl10|ENSMUSG00000030960|7|140028783|140028890|-|dn_exon	374	429	1057	1044
const|mouse|Mettl10|ENSMUSG00000030960|7|140028783|140028890|-|exon	390	62	37	67
const|mouse|Mettl10|ENSMUSG00000030960|7|140028783|140028890|-|up_3intron	71	15	4	17
const|mouse|Mettl10|ENSMUSG00000030960|7|140028783|140028890|-|up_5intron	974	149	105	304
const|mouse|Mettl10|ENSMUSG00000030960|7|140028783|140028890|-|up_exon	342	72	33	75
const|mouse|Mfn1|ENSMUSG00000027668|3|32462715|32462817|+|dn_3intron	545	252	166	227
const|mouse|Mfn1|ENSMUSG00000027668|3|32462715|32462817|+|dn_exon	1618	225	71	123
const|mouse|Mfn1|ENSMUSG00000027668|3|32462715|32462817|+|exon	571	268	387	529
const|mouse|Mfn1|ENSMUSG00000027668|3|32462715|32462817|+|up_3intron	111	37	13	14
const|mouse|Mfn1|ENSMUSG00000027668|3|32462715|32462817|+|utr	917	147	37	139
const|mouse|Mfn2|ENSMUSG00000029020|4|147262729|147262856|-|dn_3intron	373	138	96	78
const|mouse|Mfn2|ENSMUSG00000029020|4|147262729|147262856|-|dn_5intron	359	167	20	30
const|mouse|Mfn2|ENSMUSG00000029020|4|147262729|147262856|-|dn_exon	333	309	710	881
const|mouse|Mfn2|ENSMUSG00000029020|4|147262729|147262856|-|exon	1559	7452	5402	2045
const|mouse|Mfn2|ENSMUSG00000029020|4|147262729|147262856|-|up_3intron	389	172	178	569
const|mouse|Mfn2|ENSMUSG00000029020|4|147262729|147262856|-|up_5intron	971	203	129	292
const|mouse|Mfn2|ENSMUSG00000029020|4|147262729|147262856|-|up_exon	239	335	147	61
const|mouse|Mfsd11|ENSMUSG00000020818|11|116720811|116720907|+|dn_3intron	125	85	94	40
const|mouse|Mfsd11|ENSMUSG00000020818|11|116720811|116720907|+|dn_5intron	490	148	178	487
const|mouse|Mfsd11|ENSMUSG00000020818|11|116720811|116720907|+|dn_exon	1046	2841	6365	2798
const|mouse|Mfsd11|ENSMUSG00000020818|11|116720811|116720907|+|exon	78	97	141	110
const|mouse|Mfsd11|ENSMUSG00000020818|11|116720811|116720907|+|up_5intron	749	238	210	512
const|mouse|Mfsd11|ENSMUSG00000020818|11|116720811|116720907|+|up_exon	299	1210	7225	2341
const|mouse|Mllt4|ENSMUSG00000068036|17|13955116|13955286|+|deep_dn	526	213	576	713
const|mouse|Mllt4|ENSMUSG00000068036|17|13955116|13955286|+|deep_up	462	82	134	152
const|mouse|Mllt4|ENSMUSG00000068036|17|13955116|13955286|+|dn_3intron	718	187	60	109
const|mouse|Mllt4|ENSMUSG00000068036|17|13955116|13955286|+|dn_5intron	554	143	105	185
const|mouse|Mllt4|ENSMUSG00000068036|17|13955116|13955286|+|dn_exon	426	86	25	76
const|mouse|Mllt4|ENSMUSG00000068036|17|13955116|13955286|+|exon	218	49	30	24
const|mouse|Mllt4|ENSMUSG00000068036|17|13955116|13955286|+|up_3intron	571	152	41	18
const|mouse|Mllt4|ENSMUSG00000068036|17|13955116|13955286|+|up_5intron	524	112	527	249
const|mouse|Mllt4|ENSMUSG00000068036|17|13955116|13955286|+|up_exon	313	427	1119	366
const|mouse|Mmrn2|ENSMUSG00000041445|14|35209351|35209479|+|dn_5intron	73	106	24	4
const|mouse|Mmrn2|ENSMUSG00000041445|14|35209351|35209479|+|dn_exon	40	39	17	2
const|mouse|Mmrn2|ENSMUSG00000041445|14|35209351|35209479|+|up_3intron	125	82	190	60
const|mouse|Mmrn2|ENSMUSG00000041445|14|35209351|35209479|+|up_5intron	374	154	152	66
const|mouse|Mmrn2|ENSMUSG00000041445|14|35209351|35209479|+|up_exon	168	54	6	6
const|mouse|Mmrn2|ENSMUSG00000041445|14|35209351|35209479|+|utr	1187	336	137	1748
const|mouse|Mpdz|ENSMUSG00000028402|4|80972769|80972864|-|deep_dn	40	17	6	10
const|mouse|Mpdz|ENSMUSG00000028402|4|80972769|80972864|-|deep_up	371	210	154	201
const|mouse|Mpdz|ENSMUSG00000028402|4|80972769|80972864|-|dn_3intron	599	198	169	568
const|mouse|Mpdz|ENSMUSG00000028402|4|80972769|80972864|-|dn_5intron	6	2	3	4
const|mouse|Mpdz|ENSMUSG00000028402|4|80972769|80972864|-|exon	169	36	39	35
const|mouse|Mpdz|ENSMUSG00000028402|4|80972769|80972864|-|up_3intron	412	141	85	119
const|mouse|Mpdz|ENSMUSG00000028402|4|80972769|80972864|-|up_5intron	225	15	15	42
const|mouse|Mpdz|ENSMUSG00000028402|4|80972769|80972864|-|up_exon	930	393	265	681
const|mouse|Mpdz|ENSMUSG00000028402|4|80972769|80972864|-|utr	474	78	271	1218
const|mouse|Mrc2|ENSMUSG00000020695|11|105189591|105189755|+|dn_3intron	870	236	62	117
const|mouse|Mrc2|ENSMUSG00000020695|11|105189591|105189755|+|dn_exon	519	123	80	59
const|mouse|Mrc2|ENSMUSG00000020695|11|105189591|105189755|+|exon	333	85	14	51
const|mouse|Mrc2|ENSMUSG00000020695|11|105189591|105189755|+|up_exon	503	199	161	252
const|mouse|Mrpl3|ENSMUSG00000032563|9|104959355|104959453|+|dn_5intron	119	129	113	202
const|mouse|Mrpl3|ENSMUSG00000032563|9|104959355|104959453|+|dn_exon	21	5	35	7
const|mouse|Mrpl3|ENSMUSG00000032563|9|104959355|104959453|+|exon	229	56	10	8
const|mouse|Mrpl3|ENSMUSG00000032563|9|104959355|104959453|+|up_3intron	462	98	67	100
const|mouse|Mrpl3|ENSMUSG00000032563|9|104959355|104959453|+|up_5intron	228	52	28	67
const|mouse|Mrpl3|ENSMUSG00000032563|9|104959355|104959453|+|up_exon	202	8530	2262	367
const|mouse|Mrps7|ENSMUSG00000046756|11|115467280|115467451|+|dn_3intron	288	152	96	135
const|mouse|Mrps7|ENSMUSG00000046756|11|115467280|115467451|+|dn_5intron	503	178	308	270
const|mouse|Mrps7|ENSMUSG00000046756|11|115467280|115467451|+|dn_exon	806	162	31	76
const|mouse|Mrps7|ENSMUSG00000046756|11|115467280|115467451|+|exon	542	220	154	308
const|mouse|Mrps7|ENSMUSG00000046756|11|115467280|115467451|+|up_3intron	890	167	147	245
const|mouse|Mrps7|ENSMUSG00000046756|11|115467280|115467451|+|up_5intron	445	124	163	781
const|mouse|Mrps7|ENSMUSG00000046756|11|115467280|115467451|+|up_exon	704	101	27	33
const|mouse|Msh4|ENSMUSG00000005493|3|153537621|153537757|-|dn_3intron	1259	528	1067	1658
const|mouse|Msh4|ENSMUSG00000005493|3|153537621|153537757|-|dn_5intron	468	221	83	81
const|mouse|Msh4|ENSMUSG00000005493|3|153537621|153537757|-|dn_exon	480	50	20	30
const|mouse|Msh4|ENSMUSG00000005493|3|153537621|153537757|-|exon	1165	561	84	218
const|mouse|Msh4|ENSMUSG00000005493|3|153537621|153537757|-|up_3intron	157	57	44	79
const|mouse|Msh4|ENSMUSG00000005493|3|153537621|153537757|-|up_exon	243	95	89	183
const|mouse|Mtap7d1|ENSMUSG00000028849|4|125910609|125910720|-|dn_5intron	663	313	282	597
const|mouse|Mtap7d1|ENSMUSG00000028849|4|125910609|125910720|-|dn_exon	251	57	18	26
const|mouse|Mtap7d1|ENSMUSG00000028849|4|125910609|125910720|-|up_5intron	118	46	107	49
const|mouse|Mtfmt|ENSMUSG00000059183|9|65287210|65287459|+|dn_3intron	1257	6461	11175	1688
const|mouse|Mtfmt|ENSMUSG00000059183|9|65287210|65287459|+|dn_5intron	666	234	480	937
const|mouse|Mtfmt|ENSMUSG00000059183|9|65287210|65287459|+|dn_exon	310	1107	1918	258
const|mouse|Mtfmt|ENSMUSG00000059183|9|65287210|65287459|+|exon	386	243	293	160
const|mouse|Mtfmt|ENSMUSG00000059183|9|65287210|65287459|+|up_3intron	274	155	190	64
const|mouse|Mtfmt|ENSMUSG00000059183|9|65287210|65287459|+|up_5intron	926	322	166	358
const|mouse|Mtfmt|ENSMUSG00000059183|9|65287210|65287459|+|up_exon	154	128	42	69
const|mouse|Mtfmt|ENSMUSG00000059183|9|65287210|65287459|+|utr	762	216	75	201
const|mouse|Mttp|ENSMUSG00000028158|3|137755543|137755832|-|dn_3intron	428	74	110	227
const|mouse|Mttp|ENSMUSG00000028158|3|137755543|137755832|-|dn_5intron	696	181	254	423
const|mouse|Mttp|ENSMUSG00000028158|3|137755543|137755832|-|dn_exon	133	1	10	108
const|mouse|Mttp|ENSMUSG00000028158|3|137755543|137755832|-|exon	164	112	314	298
const|mouse|Mttp|ENSMUSG00000028158|3|137755543|137755832|-|up_3intron	203	79	14	16
const|mouse|Mttp|ENSMUSG00000028158|3|137755543|137755832|-|up_5intron	1294	184	273	394
const|mouse|Mttp|ENSMUSG00000028158|3|137755543|137755832|-|up_exon	263	143	109	146
const|mouse|Mycbp2|ENSMUSG00000033004|14|103690506|103690598|-|dn_5intron	168	24	95	430
const|mouse|Mycbp2|ENSMUSG00000033004|14|103690506|103690598|-|dn_exon	455	105	115	229
const|mouse|Mycbp2|ENSMUSG00000033004|14|103690506|103690598|-|exon	419	91	285	220
const|mouse|Mycbp2|ENSMUSG00000033004|14|103690506|103690598|-|up_3intron	1062	143	114	122
const|mouse|Mycbp2|ENSMUSG00000033004|14|103690506|103690598|-|up_5intron	450	62	49	86
const|mouse|Mycbp2|ENSMUSG00000033004|14|103690506|103690598|-|up_exon	395	69	165	245
const|mouse|Myg1|ENSMUSG00000001285|15|102167760|102167941|+|dn_5intron	201	445	297	583
const|mouse|Myg1|ENSMUSG00000001285|15|102167760|102167941|+|dn_exon	933	452	575	832
const|mouse|Myg1|ENSMUSG00000001285|15|102167760|102167941|+|exon	128	197	47	45
const|mouse|Myg1|ENSMUSG00000001285|15|102167760|102167941|+|up_5intron	529	113	47	54
const|mouse|Myg1|ENSMUSG00000001285|15|102167760|102167941|+|up_exon	190	81	35	48
const|mouse|Myh9|ENSMUSG00000022443|15|77611541|77611662|-|dn_3intron	451	184	180	157
const|mouse|Myh9|ENSMUSG00000022443|15|77611541|77611662|-|dn_5intron	257	179	224	289
const|mouse|Myh9|ENSMUSG00000022443|15|77611541|77611662|-|dn_exon	126	280	152	76
const|mouse|Myh9|ENSMUSG00000022443|15|77611541|77611662|-|exon	936	395	33	46
const|mouse|Myh9|ENSMUSG00000022443|15|77611541|77611662|-|up_5intron	137	259	62	79
const|mouse|Myh9|ENSMUSG00000022443|15|77611541|77611662|-|up_exon	331	488	1505	744
const|mouse|Myo10|ENSMUSG00000022272|15|25734054|25734351|+|dn_3intron	215	63	68	24
const|mouse|Myo10|ENSMUSG00000022272|15|25734054|25734351|+|dn_5intron	38	122	53	81
const|mouse|Myo10|ENSMUSG00000022272|15|25734054|25734351|+|dn_exon	229	54	34	18
const|mouse|Myo10|ENSMUSG00000022272|15|25734054|25734351|+|exon	550	354	134	128
const|mouse|Myo10|ENSMUSG00000022272|15|25734054|25734351|+|up_3intron	638	1069	1361	1194
const|mouse|Myo10|ENSMUSG00000022272|15|25734054|25734351|+|up_5intron	314	343	325	446
const|mouse|Myo10|ENSMUSG00000022272|15|25734054|25734351|+|up_exon	420	114	70	75
const|mouse|Myo1b|ENSMUSG00000018417|1|51838814|51838876|-|deep_dn	929	128	144	226
const|mouse|Myo1b|ENSMUSG00000018417|1|51838814|51838876|-|deep_up	811	168	222	669
const|mouse|Myo1b|ENSMUSG00000018417|1|51838814|51838876|-|dn_3intron	290	154	54	228
const|mouse|Myo1b|ENSMUSG00000018417|1|51838814|51838876|-|dn_5intron	505	120	55	44
const|mouse|Myo1b|ENSMUSG00000018417|1|51838814|51838876|-|dn_exon	621	173	108	126
const|mouse|Myo1b|ENSMUSG00000018417|1|51838814|51838876|-|exon	517	60	30	119
const|mouse|Myo1b|ENSMUSG00000018417|1|51838814|51838876|-|up_3intron	248	160	310	549
const|mouse|Myo1b|ENSMUSG00000018417|1|51838814|51838876|-|up_5intron	149	36	11	55
const|mouse|Myo1b|ENSMUSG00000018417|1|51838814|51838876|-|up_exon	524	1707	2461	261
const|mouse|Myo1f|ENSMUSG00000024300|17|33724667|33725530|+|dn_3intron	120	471	949	307
const|mouse|Myo1f|ENSMUSG00000024300|17|33724667|33725530|+|dn_exon	353	89	43	37
const|mouse|Myo1f|ENSMUSG00000024300|17|33724667|33725530|+|exon	90	395	298	183
const|mouse|Myo1f|ENSMUSG00000024300|17|33724667|33725530|+|up_3intron	165	46	21	33
const|mouse|Myo1f|ENSMUSG00000024300|17|33724667|33725530|+|up_5intron	1768	623	365	686
const|mouse|Myo1f|ENSMUSG00000024300|17|33724667|33725530|+|up_exon	317	326	177	218
const|mouse|Myo9b|ENSMUSG00000004677|8|73847763|73847892|+|dn_3intron	1847	1051	2471	7376
const|mouse|Myo9b|ENSMUSG00000004677|8|73847763|73847892|+|dn_5intron	544	177	33	42
const|mouse|Myo9b|ENSMUSG00000004677|8|73847763|73847892|+|dn_exon	66	62	22	5
const|mouse|Myo9b|ENSMUSG00000004677|8|73847763|73847892|+|exon	409	328	106	59
const|mouse|Myo9b|ENSMUSG00000004677|8|73847763|73847892|+|up_3intron	180	61	157	248
const|mouse|Myo9b|ENSMUSG00000004677|8|73847763|73847892|+|up_5intron	139	142	117	129
const|mouse|Myo9b|ENSMUSG00000004677|8|73847763|73847892|+|up_exon	262	67	96	166
const|mouse|Mypn|ENSMUSG00000020067|10|62632003|62632178|-|dn_3intron	347	148	259	104
const|mouse|Mypn|ENSMUSG00000020067|10|62632003|62632178|-|dn_5intron	286	135	45	50
const|mouse|Mypn|ENSMUSG00000020067|10|62632003|62632178|-|dn_exon	744	186	6	53
const|mouse|Mypn|ENSMUSG00000020067|10|62632003|62632178|-|exon	428	195	89	128
const|mouse|Mypn|ENSMUSG00000020067|10|62632003|62632178|-|up_3intron	742	354	331	415
const|mouse|Mypn|ENSMUSG00000020067|10|62632003|62632178|-|up_5intron	523	123	40	22
const|mouse|Mypn|ENSMUSG00000020067|10|62632003|62632178|-|up_exon	511	133	33	99
const|mouse|Naa15|ENSMUSG00000063273|3|51263868|51264082|+|dn_3intron	423	64	87	247
const|mouse|Naa15|ENSMUSG00000063273|3|51263868|51264082|+|dn_5intron	913	651	583	345
const|mouse|Naa15|ENSMUSG00000063273|3|51263868|51264082|+|dn_exon	270	125	58	14
const|mouse|Naa15|ENSMUSG00000063273|3|51263868|51264082|+|exon	325	66	108	137
const|mouse|Naa15|ENSMUSG00000063273|3|51263868|51264082|+|up_3intron	393	101	150	385
const|mouse|Naa15|ENSMUSG00000063273|3|51263868|51264082|+|up_5intron	306	78	30	202
const|mouse|Naa15|ENSMUSG00000063273|3|51263868|51264082|+|up_exon	156	70	37	79
const|mouse|Narf|ENSMUSG00000000056|11|121105852|121106040|+|dn_3intron	229	48	45	115
const|mouse|Narf|ENSMUSG00000000056|11|121105852|121106040|+|dn_exon	1081	306	41	56
const|mouse|Narf|ENSMUSG00000000056|11|121105852|121106040|+|exon	1048	270	182	468
const|mouse|Narf|ENSMUSG00000000056|11|121105852|121106040|+|up_3intron	73	26	21	27
const|mouse|Narf|ENSMUSG00000000056|11|121105852|121106040|+|up_5intron	4	97	93	10
const|mouse|Narf|ENSMUSG00000000056|11|121105852|121106040|+|up_exon	313	563	1210	1648
const|mouse|Nars2|ENSMUSG00000018995|7|104180056|104180093|+|dn_3intron	378	83	17	49
const|mouse|Nars2|ENSMUSG00000018995|7|104180056|104180093|+|dn_5intron	150	15	10	118
const|mouse|Nars2|ENSMUSG00000018995|7|104180056|104180093|+|dn_exon	541	117	53	154
const|mouse|Nars2|ENSMUSG00000018995|7|104180056|104180093|+|exon	678	101	195	633
const|mouse|Ncam1|ENSMUSG00000039542|9|49353704|49353888|-|dn_3intron	521	127	146	436
const|mouse|Ncam1|ENSMUSG00000039542|9|49353704|49353888|-|dn_5intron	209	83	97	44
const|mouse|Ncam1|ENSMUSG00000039542|9|49353704|49353888|-|dn_exon	209	67	86	139
const|mouse|Ncam1|ENSMUSG00000039542|9|49353704|49353888|-|exon	335	214	31	35
const|mouse|Ncam1|ENSMUSG00000039542|9|49353704|49353888|-|up_3intron	209	76	76	252
const|mouse|Ncam1|ENSMUSG00000039542|9|49353704|49353888|-|up_5intron	225	95	85	52
const|mouse|Ncapd3|ENSMUSG00000035024|9|26848978|26849144|+|deep_dn	25	4044	4155	295
const|mouse|Ncapd3|ENSMUSG00000035024|9|26848978|26849144|+|deep_up	272	99	40	100
const|mouse|Ncapd3|ENSMUSG00000035024|9|26848978|26849144|+|dn_3intron	119	38	48	26
const|mouse|Ncapd3|ENSMUSG00000035024|9|26848978|26849144|+|dn_5intron	1420	382	528	1414
const|mouse|Ncapd3|ENSMUSG00000035024|9|26848978|26849144|+|dn_exon	107	44	39	42
const|mouse|Ncapd3|ENSMUSG00000035024|9|26848978|26849144|+|exon	367	176	44	107
const|mouse|Ncapd3|ENSMUSG00000035024|9|26848978|26849144|+|up_3intron	1254	393	165	263
const|mouse|Ncapd3|ENSMUSG00000035024|9|26848978|26849144|+|up_5intron	374	72	87	278
const|mouse|Ncapd3|ENSMUSG00000035024|9|26848978|26849144|+|up_exon	964	167	38	163
const|mouse|Ncln|ENSMUSG00000020238|10|80951173|80951211|-|dn_3intron	275	93	52	20
const|mouse|Ncln|ENSMUSG00000020238|10|80951173|80951211|-|dn_5intron	227	84	111	51
const|mouse|Ncln|ENSMUSG00000020238|10|80951173|80951211|-|dn_exon	769	275	68	108
const|mouse|Ncln|ENSMUSG00000020238|10|80951173|80951211|-|up_3intron	155	185	33	22
const|mouse|Nedd4l|ENSMUSG00000024589|18|65315279|65315402|+|dn_3intron	120	71	14	34
const|mouse|Nedd4l|ENSMUSG00000024589|18|65315279|65315402|+|dn_5intron	410	151	590	474
const|mouse|Nedd4l|ENSMUSG00000024589|18|65315279|65315402|+|dn_exon	358	102	115	77
const|mouse|Nedd4l|ENSMUSG00000024589|18|65315279|65315402|+|exon	21	1	15	8
const|mouse|Nedd4l|ENSMUSG00000024589|18|65315279|65315402|+|up_3intron	116	59	67	28
const|mouse|Nedd4l|ENSMUSG00000024589|18|65315279|65315402|+|up_5intron	93	8	220	10
const|mouse|Nedd4l|ENSMUSG00000024589|18|65315279|65315402|+|up_exon	562	128	59	21
const|mouse|Nf1|ENSMUSG00000020716|11|79260308|79260424|+|dn_3intron	1158	439	1069	217
const|mouse|Nf1|ENSMUSG00000020716|11|79260308|79260424|+|dn_5intron	143	39	108	61
const|mouse|Nf1|ENSMUSG00000020716|11|79260308|79260424|+|dn_exon	370	218	503	416
const|mouse|Nf1|ENSMUSG00000020716|11|79260308|79260424|+|exon	133	187	104	96
const|mouse|Nf1|ENSMUSG00000020716|11|79260308|79260424|+|up_3intron	591	121	311	902
const|mouse|Nf1|ENSMUSG00000020716|11|79260308|79260424|+|up_exon	106	6	9	1
const|mouse|Nf1|ENSMUSG00000020716|11|79260308|79260424|+|utr	673	151	206	537
const|mouse|Nfxl1|ENSMUSG00000072889|5|72913387|72913473|-|dn_3intron	430	135	378	524
const|mouse|Nfxl1|ENSMUSG00000072889|5|72913387|72913473|-|dn_5intron	471	185	69	38
const|mouse|Nfxl1|ENSMUSG00000072889|5|72913387|72913473|-|dn_exon	363	70	37	113
const|mouse|Nfxl1|ENSMUSG00000072889|5|72913387|72913473|-|exon	143	40	12	14
const|mouse|Nfxl1|ENSMUSG00000072889|5|72913387|72913473|-|up_3intron	185	31	155	154
const|mouse|Nfxl1|ENSMUSG00000072889|5|72913387|72913473|-|up_5intron	416	104	59	101
const|mouse|Nfxl1|ENSMUSG00000072889|5|72913387|72913473|-|up_exon	163	158	185	81
const|mouse|Nfxl1|ENSMUSG00000072889|5|72913387|72913473|-|utr	113	43	29	19
const|mouse|Nipal3|ENSMUSG00000028803|4|135035451|135035622|-|deep_dn	33	19	58	23
const|mouse|Nipal3|ENSMUSG00000028803|4|135035451|135035622|-|deep_up	425	132	34	34
const|mouse|Nipal3|ENSMUSG00000028803|4|135035451|135035622|-|dn_3intron	251	149	326	291
const|mouse|Nipal3|ENSMUSG00000028803|4|135035451|135035622|-|dn_5intron	280	256	91	114
const|mouse|Nipal3|ENSMUSG00000028803|4|135035451|135035622|-|dn_exon	817	218	98	61
const|mouse|Nipal3|ENSMUSG00000028803|4|135035451|135035622|-|exon	733	262	133	145
const|mouse|Nipal3|ENSMUSG00000028803|4|135035451|135035622|-|up_3intron	505	155	67	75
const|mouse|Nipal3|ENSMUSG00000028803|4|135035451|135035622|-|up_5intron	955	314	100	151
const|mouse|Nipal3|ENSMUSG00000028803|4|135035451|135035622|-|up_exon	628	346	327	413
const|mouse|Npas2|ENSMUSG00000026077|1|39385152|39385648|+|deep_dn	311	161	145	456
const|mouse|Npas2|ENSMUSG00000026077|1|39385152|39385648|+|deep_up	966	273	232	317
const|mouse|Npas2|ENSMUSG00000026077|1|39385152|39385648|+|dn_3intron	363	126	27	15
const|mouse|Npas2|ENSMUSG00000026077|1|39385152|39385648|+|dn_5intron	371	27	21	50
const|mouse|Npas2|ENSMUSG00000026077|1|39385152|39385648|+|dn_exon	107	154	99	101
const|mouse|Npas2|ENSMUSG00000026077|1|39385152|39385648|+|exon	96	82	60	31
const|mouse|Npas2|ENSMUSG00000026077|1|39385152|39385648|+|up_3intron	303	111	321	643
const|mouse|Npas2|ENSMUSG00000026077|1|39385152|39385648|+|up_5intron	710	568	1275	280
const|mouse|Npas2|ENSMUSG00000026077|1|39385152|39385648|+|up_exon	330	233	23	154
const|mouse|Npas2|ENSMUSG00000026077|1|39385152|39385648|+|utr	434	792	4613	2676
const|mouse|Nrp1|ENSMUSG00000025810|8|131011797|131011856|+|deep_dn	331	58	25	86
const|mouse|Nrp1|ENSMUSG00000025810|8|131011797|131011856|+|deep_up	382	166	102	267
const|mouse|Nrp1|ENSMUSG00000025810|8|131011797|131011856|+|dn_3intron	337	103	33	21
const|mouse|Nrp1|ENSMUSG00000025810|8|131011797|131011856|+|dn_5intron	253	52	19	101
const|mouse|Nrp1|ENSMUSG00000025810|8|131011797|131011856|+|dn_exon	151	476	137	130
const|mouse|Nrp1|ENSMUSG00000025810|8|131011797|131011856|+|exon	277	88	63	150
const|mouse|Nrp1|ENSMUSG00000025810|8|131011797|131011856|+|up_3intron	622	152	89	530
const|mouse|Nrp1|ENSMUSG00000025810|8|131011797|131011856|+|up_5intron	489	417	1029	361
const|mouse|Nrp1|ENSMUSG00000025810|8|131011797|131011856|+|up_exon	214	132	39	52
const|mouse|Nrp2|ENSMUSG00000025969|1|62765504|62765681|+|deep_dn	872	149	98	230
const|mouse|Nrp2|ENSMUSG00000025969|1|62765504|62765681|+|deep_up	163	62	67	82
const|mouse|Nrp2|ENSMUSG00000025969|1|62765504|62765681|+|dn_3intron	961	263	71	94
const|mouse|Nrp2|ENSMUSG00000025969|1|62765504|62765681|+|dn_5intron	345	65	36	11
const|mouse|Nrp2|ENSMUSG00000025969|1|62765504|62765681|+|dn_exon	95	152	76	37
const|mouse|Nrp2|ENSMUSG00000025969|1|62765504|62765681|+|exon	114	126	42	53
const|mouse|Nrp2|ENSMUSG00000025969|1|62765504|62765681|+|up_3intron	89	33	74	40
const|mouse|Nrp2|ENSMUSG00000025969|1|62765504|62765681|+|up_5intron	184	46	23	44
const|mouse|Nrp2|ENSMUSG00000025969|1|62765504|62765681|+|up_exon	649	229	53	34
const|mouse|Nrp2|ENSMUSG00000025969|1|62807349|62807493|+|dn_3intron	107	547	1038	1223
const|mouse|Nrp2|ENSMUSG00000025969|1|62807349|62807493|+|dn_5intron	361	129	76	82
const|mouse|Nrp2|ENSMUSG00000025969|1|62807349|62807493|+|dn_exon	228	48	27	25
const|mouse|Nrp2|ENSMUSG00000025969|1|62807349|62807493|+|exon	570	126	19	20
const|mouse|Nrp2|ENSMUSG00000025969|1|62807349|62807493|+|up_3intron	547	91	96	71
const|mouse|Nrp2|ENSMUSG00000025969|1|62807349|62807493|+|up_5intron	509	189	104	47
const|mouse|Nrp2|ENSMUSG00000025969|1|62807349|62807493|+|up_exon	351	252	272	272
const|mouse|Nt5c1b|ENSMUSG00000020622|12|10388112|10388296|+|dn_3intron	252	80	89	52
const|mouse|Nt5c1b|ENSMUSG00000020622|12|10388112|10388296|+|dn_5intron	743	143	104	223
const|mouse|Nt5c1b|ENSMUSG00000020622|12|10388112|10388296|+|dn_exon	129	107	98	111
const|mouse|Nt5c1b|ENSMUSG00000020622|12|10388112|10388296|+|exon	569	92	56	124
const|mouse|Nt5c1b|ENSMUSG00000020622|12|10388112|10388296|+|up_3intron	83	31	47	99
const|mouse|Nt5c1b|ENSMUSG00000020622|12|10388112|10388296|+|up_5intron	2235	465	255	309
const|mouse|Nt5c1b|ENSMUSG00000020622|12|10388112|10388296|+|up_exon	271	53	78	31
const|mouse|Nup205|ENSMUSG00000038759|6|35139855|35140083|+|dn_3intron	691	125	338	1260
const|mouse|Nup205|ENSMUSG00000038759|6|35139855|35140083|+|dn_5intron	248	156	748	271
const|mouse|Nup205|ENSMUSG00000038759|6|35139855|35140083|+|dn_exon	323	207	38	63
const|mouse|Nup205|ENSMUSG00000038759|6|35139855|35140083|+|exon	647	155	149	163
const|mouse|Nup205|ENSMUSG00000038759|6|35139855|35140083|+|up_3intron	483	189	286	1440
const|mouse|Nup205|ENSMUSG00000038759|6|35139855|35140083|+|up_5intron	510	132	60	162
const|mouse|Nup205|ENSMUSG00000038759|6|35139855|35140083|+|up_exon	70	77	62	121
const|mouse|Optn|ENSMUSG00000026672|2|4954160|4954270|-|dn_3intron	488	60	47	53
const|mouse|Optn|ENSMUSG00000026672|2|4954160|4954270|-|dn_5intron	717	264	141	141
const|mouse|Optn|ENSMUSG00000026672|2|4954160|4954270|-|dn_exon	233	102	73	85
const|mouse|Optn|ENSMUSG00000026672|2|4954160|4954270|-|exon	181	65	86	138
const|mouse|Optn|ENSMUSG00000026672|2|4954160|4954270|-|up_3intron	279	98	149	121
const|mouse|Optn|ENSMUSG00000026672|2|4954160|4954270|-|up_exon	108	33	71	21
const|mouse|Osbpl1a|ENSMUSG00000044252|18|13068367|13068511|-|dn_3intron	385	194	698	1312
const|mouse|Osbpl1a|ENSMUSG00000044252|18|13068367|13068511|-|dn_5intron	373	329	240	123
const|mouse|Osbpl1a|ENSMUSG00000044252|18|13068367|13068511|-|dn_exon	342	16	50	181
const|mouse|Osbpl1a|ENSMUSG00000044252|18|13068367|13068511|-|exon	314	74	27	30
const|mouse|Osbpl1a|ENSMUSG00000044252|18|13068367|13068511|-|up_3intron	604	80	237	298
const|mouse|Osbpl1a|ENSMUSG00000044252|18|13068367|13068511|-|up_5intron	610	89	73	103
const|mouse|Osbpl1a|ENSMUSG00000044252|18|13068367|13068511|-|up_exon	71	11	25	16
const|mouse|Osbpl2|ENSMUSG00000039050|2|179879534|179879671|+|dn_5intron	277	179	169	135
const|mouse|Osbpl2|ENSMUSG00000039050|2|179879534|179879671|+|dn_exon	700	177	95	192
const|mouse|Osbpl2|ENSMUSG00000039050|2|179879534|179879671|+|exon	280	117	52	227
const|mouse|Osbpl2|ENSMUSG00000039050|2|179879534|179879671|+|up_3intron	362	112	97	32
const|mouse|Osbpl2|ENSMUSG00000039050|2|179879534|179879671|+|up_5intron	186	179	117	93
const|mouse|Osbpl2|ENSMUSG00000039050|2|179879534|179879671|+|up_exon	609	173	271	408
const|mouse|Osbpl9|ENSMUSG00000028559|4|108772526|108772555|-|dn_3intron	319	46	76	206
const|mouse|Osbpl9|ENSMUSG00000028559|4|108772526|108772555|-|dn_5intron	518	132	322	1999
const|mouse|Osbpl9|ENSMUSG00000028559|4|108772526|108772555|-|exon	301	28	10	9
const|mouse|Osbpl9|ENSMUSG00000028559|4|108772526|108772555|-|up_3intron	806	61	36	90
const|mouse|Osbpl9|ENSMUSG00000028559|4|108772526|108772555|-|up_5intron	121	6	1	5
const|mouse|Osbpl9|ENSMUSG00000028559|4|108772526|108772555|-|up_exon	237	47	48	66
const|mouse|Oscp1|ENSMUSG00000042616|4|125760656|125760968|+|dn_3intron	1456	485	275	288
const|mouse|Oscp1|ENSMUSG00000042616|4|125760656|125760968|+|dn_5intron	142	56	11	11
const|mouse|Oscp1|ENSMUSG00000042616|4|125760656|125760968|+|dn_exon	518	198	43	87
const|mouse|Oscp1|ENSMUSG00000042616|4|125760656|125760968|+|exon	336	72	20	41
const|mouse|Oscp1|ENSMUSG00000042616|4|125760656|125760968|+|up_3intron	78	708	208	622
const|mouse|Oscp1|ENSMUSG00000042616|4|125760656|125760968|+|up_5intron	348	290	246	629
const|mouse|Oscp1|ENSMUSG00000042616|4|125760656|125760968|+|up_exon	212	204	189	19
const|mouse|Papss1|ENSMUSG00000028032|3|131270292|131270427|+|dn_3intron	595	1128	6094	1767
const|mouse|Papss1|ENSMUSG00000028032|3|131270292|131270427|+|dn_5intron	745	211	434	673
const|mouse|Papss1|ENSMUSG00000028032|3|131270292|131270427|+|dn_exon	248	582	319	142
const|mouse|Papss1|ENSMUSG00000028032|3|131270292|131270427|+|exon	454	76	71	265
const|mouse|Papss1|ENSMUSG00000028032|3|131270292|131270427|+|up_3intron	376	388	759	750
const|mouse|Papss1|ENSMUSG00000028032|3|131270292|131270427|+|up_5intron	906	148	163	266
const|mouse|Pcsk5|ENSMUSG00000024713|19|17540596|17540705|-|deep_dn	620	161	259	1082
const|mouse|Pcsk5|ENSMUSG00000024713|19|17540596|17540705|-|deep_up	333	101	15	15
const|mouse|Pcsk5|ENSMUSG00000024713|19|17540596|17540705|-|dn_3intron	220	102	68	243
const|mouse|Pcsk5|ENSMUSG00000024713|19|17540596|17540705|-|dn_5intron	685	7229	3770	1086
const|mouse|Pcsk5|ENSMUSG00000024713|19|17540596|17540705|-|dn_exon	411	113	51	50
const|mouse|Pcsk5|ENSMUSG00000024713|19|17540596|17540705|-|exon	258	150	177	424
const|mouse|Pcsk5|ENSMUSG00000024713|19|17540596|17540705|-|up_3intron	77	39	90	103
const|mouse|Pcsk5|ENSMUSG00000024713|19|17540596|17540705|-|up_5intron	178	70	48	59
const|mouse|Pcsk5|ENSMUSG00000024713|19|17540596|17540705|-|up_exon	93	19	48	17
const|mouse|Pcsk7|ENSMUSG00000035382|9|45734817|45734911|+|dn_3intron	551	167	177	774
const|mouse|Pcsk7|ENSMUSG00000035382|9|45734817|45734911|+|exon	190	125	141	61
const|mouse|Pcsk7|ENSMUSG00000035382|9|45734817|45734911|+|up_3intron	894	380	859	236
const|mouse|Pcsk7|ENSMUSG00000035382|9|45734817|45734911|+|up_5intron	635	143	102	310
const|mouse|Pcsk7|ENSMUSG00000035382|9|45734817|45734911|+|up_exon	148	78	91	156
const|mouse|Pdcd2l|ENSMUSG00000002635|7|34971178|34971461|-|dn_3intron	295	115	106	122
const|mouse|Pdcd2l|ENSMUSG00000002635|7|34971178|34971461|-|dn_exon	727	493	998	846
const|mouse|Pdcd2l|ENSMUSG00000002635|7|34971178|34971461|-|exon	620	774	1061	917
const|mouse|Pdcd2l|ENSMUSG00000002635|7|34971178|34971461|-|up_3intron	1020	508	297	510
const|mouse|Pdcd2l|ENSMUSG00000002635|7|34971178|34971461|-|up_5intron	188	21	18	11
const|mouse|Pdcd2l|ENSMUSG00000002635|7|34971178|34971461|-|up_exon	335	147	190	265
const|mouse|Pdss1|ENSMUSG00000026784|2|22762315|22762445|+|deep_dn	479	79	73	141
const|mouse|Pdss1|ENSMUSG00000026784|2|22762315|22762445|+|deep_up	746	509	1132	741
const|mouse|Pdss1|ENSMUSG00000026784|2|22762315|22762445|+|dn_3intron	122	268	157	151
const|mouse|Pdss1|ENSMUSG00000026784|2|22762315|22762445|+|dn_5intron	652	179	438	2220
const|mouse|Pdss1|ENSMUSG00000026784|2|22762315|22762445|+|dn_exon	712	171	127	264
const|mouse|Pdss1|ENSMUSG00000026784|2|22762315|22762445|+|exon	332	131	150	90
const|mouse|Pdss1|ENSMUSG00000026784|2|22762315|22762445|+|up_3intron	403	231	607	1108
const|mouse|Pdss1|ENSMUSG00000026784|2|22762315|22762445|+|up_5intron	219	58	74	135
const|mouse|Pdss1|ENSMUSG00000026784|2|22762315|22762445|+|up_exon	339	95	72	133
const|mouse|Pdxdc1|ENSMUSG00000022680|16|13854488|13854538|-|dn_3intron	29	7	7	4
const|mouse|Pdxdc1|ENSMUSG00000022680|16|13854488|13854538|-|dn_exon	3	52	104	5
const|mouse|Pdxdc1|ENSMUSG00000022680|16|13854488|13854538|-|up_3intron	1210	154	134	639
const|mouse|Pdxdc1|ENSMUSG00000022680|16|13854488|13854538|-|up_5intron	98	114	81	198
const|mouse|Pdxdc1|ENSMUSG00000022680|16|13854488|13854538|-|up_exon	196	233	123	110
const|mouse|Pepd|ENSMUSG00000063931|7|35806712|35806789|+|dn_3intron	839	268	193	902
const|mouse|Pepd|ENSMUSG00000063931|7|35806712|35806789|+|dn_5intron	344	115	160	138
const|mouse|Pepd|ENSMUSG00000063931|7|35806712|35806789|+|dn_exon	383	81	31	57
const|mouse|Pepd|ENSMUSG00000063931|7|35806712|35806789|+|exon	544	188	339	382
const|mouse|Pepd|ENSMUSG00000063931|7|35806712|35806789|+|up_3intron	528	172	45	41
const|mouse|Pepd|ENSMUSG00000063931|7|35806712|35806789|+|up_5intron	639	711	1006	875
const|mouse|Pepd|ENSMUSG00000063931|7|35806712|35806789|+|up_exon	2481	1448	2492	3615
const|mouse|Pex1|ENSMUSG00000005907|5|3620594|3620811|+|dn_3intron	334	1383	4903	323
const|mouse|Pex1|ENSMUSG00000005907|5|3620594|3620811|+|dn_5intron	267	98	105	508
const|mouse|Pex1|ENSMUSG00000005907|5|3620594|3620811|+|dn_exon	128	380	131	349
const|mouse|Pex1|ENSMUSG00000005907|5|3620594|3620811|+|exon	218	136	59	30
const|mouse|Pex1|ENSMUSG00000005907|5|3620594|3620811|+|up_3intron	354	892	1997	1507
const|mouse|Pex1|ENSMUSG00000005907|5|3620594|3620811|+|up_5intron	474	98	119	913
const|mouse|Pex1|ENSMUSG00000005907|5|3620594|3620811|+|up_exon	199	69	84	92
const|mouse|Pex7|ENSMUSG00000020003|10|19606866|19606979|-|dn_3intron	506	274	689	418
const|mouse|Pex7|ENSMUSG00000020003|10|19606866|19606979|-|dn_5intron	36	42	65	48
const|mouse|Pex7|ENSMUSG00000020003|10|19606866|19606979|-|dn_exon	498	199	97	274
const|mouse|Pex7|ENSMUSG00000020003|10|19606866|19606979|-|exon	548	260	708	825
const|mouse|Pex7|ENSMUSG00000020003|10|19606866|19606979|-|up_3intron	501	58	75	208
const|mouse|Pex7|ENSMUSG00000020003|10|19606866|19606979|-|up_5intron	3157	746	166	317
const|mouse|Pex7|ENSMUSG00000020003|10|19606866|19606979|-|up_exon	459	74	51	123
const|mouse|Phkb|ENSMUSG00000036879|8|88466091|88466288|+|dn_3intron	258	67	397	531
const|mouse|Phkb|ENSMUSG00000036879|8|88466091|88466288|+|dn_5intron	771	149	82	150
const|mouse|Phkb|ENSMUSG00000036879|8|88466091|88466288|+|dn_exon	438	108	96	303
const|mouse|Phkb|ENSMUSG00000036879|8|88466091|88466288|+|exon	103	59	129	111
const|mouse|Phkb|ENSMUSG00000036879|8|88466091|88466288|+|up_3intron	1167	258	124	356
const|mouse|Phkb|ENSMUSG00000036879|8|88466091|88466288|+|up_5intron	569	146	1796	1090
const|mouse|Phkb|ENSMUSG00000036879|8|88466091|88466288|+|up_exon	138	75	68	209
const|mouse|Pi4ka|ENSMUSG00000041720|16|17325206|17325339|-|dn_3intron	274	107	154	264
const|mouse|Pi4ka|ENSMUSG00000041720|16|17325206|17325339|-|dn_5intron	248	37	108	126
const|mouse|Pi4ka|ENSMUSG00000041720|16|17325206|17325339|-|dn_exon	324	104	54	64
const|mouse|Pi4ka|ENSMUSG00000041720|16|17325206|17325339|-|exon	873	360	149	463
const|mouse|Pi4ka|ENSMUSG00000041720|16|17325206|17325339|-|up_3intron	599	122	84	214
const|mouse|Pi4ka|ENSMUSG00000041720|16|17325206|17325339|-|up_exon	140	21	29	52
const|mouse|Pigu|ENSMUSG00000038383|2|155162418|155162477|-|dn_3intron	667	3160	4744	953
const|mouse|Pigu|ENSMUSG00000038383|2|155162418|155162477|-|dn_5intron	404	107	129	110
const|mouse|Pigu|ENSMUSG00000038383|2|155162418|155162477|-|dn_exon	749	138	43	73
const|mouse|Pigu|ENSMUSG00000038383|2|155162418|155162477|-|exon	395	44	74	120
const|mouse|Pigu|ENSMUSG00000038383|2|155162418|155162477|-|up_3intron	223	24	66	66
const|mouse|Pigu|ENSMUSG00000038383|2|155162418|155162477|-|up_5intron	485	134	333	403
const|mouse|Pigu|ENSMUSG00000038383|2|155162418|155162477|-|up_exon	1148	311	422	1474
const|mouse|Plcb1|ENSMUSG00000051177|2|135190504|135190723|+|dn_3intron	831	245	151	590
const|mouse|Plcb1|ENSMUSG00000051177|2|135190504|135190723|+|dn_5intron	423	111	53	286
const|mouse|Plcb1|ENSMUSG00000051177|2|135190504|135190723|+|dn_exon	233	53	73	93
const|mouse|Plcb1|ENSMUSG00000051177|2|135190504|135190723|+|exon	122	41	15	22
const|mouse|Plcb1|ENSMUSG00000051177|2|135190504|135190723|+|up_3intron	1190	433	52	169
const|mouse|Plcb1|ENSMUSG00000051177|2|135190504|135190723|+|up_5intron	341	75	63	76
const|mouse|Plcb1|ENSMUSG00000051177|2|135190504|135190723|+|up_exon	297	97	103	32
const|mouse|Plcg1|ENSMUSG00000016933|2|160585381|160585642|+|dn_3intron	322	297	335	327
const|mouse|Plcg1|ENSMUSG00000016933|2|160585381|160585642|+|dn_5intron	555	176	103	61
const|mouse|Plcg1|ENSMUSG00000016933|2|160585381|160585642|+|dn_exon	165	74	18	4
const|mouse|Plcg1|ENSMUSG00000016933|2|160585381|160585642|+|exon	79	111	113	70
const|mouse|Plcg1|ENSMUSG00000016933|2|160585381|160585642|+|up_5intron	547	1267	1748	529
const|mouse|Plcg1|ENSMUSG00000016933|2|160585381|160585642|+|up_exon	307	82	185	66
const|mouse|Plod2|ENSMUSG00000032374|9|92488173|92488712|+|dn_3intron	419	49	128	632
const|mouse|Plod2|ENSMUSG00000032374|9|92488173|92488712|+|dn_5intron	215	94	99	91
const|mouse|Plod2|ENSMUSG00000032374|9|92488173|92488712|+|dn_exon	324	3571	4602	427
const|mouse|Plod2|ENSMUSG00000032374|9|92488173|92488712|+|exon	1931	393	466	1637
const|mouse|Plod2|ENSMUSG00000032374|9|92488173|92488712|+|up_3intron	636	125	225	321
const|mouse|Plod2|ENSMUSG00000032374|9|92488173|92488712|+|up_5intron	240	82	42	60
const|mouse|Plod2|ENSMUSG00000032374|9|92488173|92488712|+|up_exon	641	104	16	43
const|mouse|Plod2|ENSMUSG00000032374|9|92488173|92488712|+|utr	108	8	4	8
const|mouse|Pltp|ENSMUSG00000017754|2|164670095|164670269|-|dn_5intron	662	316	102	69
const|mouse|Pltp|ENSMUSG00000017754|2|164670095|164670269|-|dn_exon	300	145	32	44
const|mouse|Pltp|ENSMUSG00000017754|2|164670095|164670269|-|exon	615	176	113	170
const|mouse|Pltp|ENSMUSG00000017754|2|164670095|164670269|-|up_3intron	903	186	27	53
const|mouse|Pltp|ENSMUSG00000017754|2|164670095|164670269|-|up_5intron	90	65	104	85
const|mouse|Pltp|ENSMUSG00000017754|2|164670095|164670269|-|up_exon	935	611	221	216
const|mouse|Plxdc2|ENSMUSG00000026748|2|16571736|16571854|+|deep_dn	505	106	110	350
const|mouse|Plxdc2|ENSMUSG00000026748|2|16571736|16571854|+|dn_3intron	180	204	222	544
const|mouse|Plxdc2|ENSMUSG00000026748|2|16571736|16571854|+|dn_5intron	1631	462	906	4945
const|mouse|Plxdc2|ENSMUSG00000026748|2|16571736|16571854|+|dn_exon	204	104	44	69
const|mouse|Plxdc2|ENSMUSG00000026748|2|16571736|16571854|+|exon	295	104	26	46
const|mouse|Plxdc2|ENSMUSG00000026748|2|16571736|16571854|+|up_3intron	696	420	136	407
const|mouse|Plxdc2|ENSMUSG00000026748|2|16571736|16571854|+|up_5intron	150	55	98	72
const|mouse|Plxdc2|ENSMUSG00000026748|2|16571736|16571854|+|up_exon	183	22	143	261
const|mouse|Plxdc2|ENSMUSG00000026748|2|16571736|16571854|+|utr	36	20	18	4
const|mouse|Plxnd1|ENSMUSG00000030123|6|115906611|115906870|-|dn_3intron	46	14	8	13
const|mouse|Plxnd1|ENSMUSG00000030123|6|115906611|115906870|-|dn_5intron	382	92	148	145
const|mouse|Plxnd1|ENSMUSG00000030123|6|115906611|115906870|-|dn_exon	1245	487	637	787
const|mouse|Plxnd1|ENSMUSG00000030123|6|115906611|115906870|-|exon	483	168	59	90
const|mouse|Plxnd1|ENSMUSG00000030123|6|115906611|115906870|-|up_5intron	21	31	4	6
const|mouse|Plxnd1|ENSMUSG00000030123|6|115906611|115906870|-|up_exon	1517	600	92	27
const|mouse|Plxnd1|ENSMUSG00000030123|6|115906611|115906870|-|utr	176	96	108	98
const|mouse|Pnpla6|ENSMUSG00000004565|8|3536531|3536675|+|dn_5intron	242	47	77	57
const|mouse|Pnpla6|ENSMUSG00000004565|8|3536531|3536675|+|dn_exon	424	195	141	84
const|mouse|Pnpla6|ENSMUSG00000004565|8|3536531|3536675|+|exon	93	74	61	36
const|mouse|Pnpla6|ENSMUSG00000004565|8|3536531|3536675|+|up_5intron	358	8013	5807	1264
const|mouse|Pnpla6|ENSMUSG00000004565|8|3536531|3536675|+|up_exon	256	84	41	35
const|mouse|Pnpt1|ENSMUSG00000020464|11|29039224|29039275|+|dn_3intron	307	60	50	129
const|mouse|Pnpt1|ENSMUSG00000020464|11|29039224|29039275|+|dn_5intron	123	46	49	43
const|mouse|Pnpt1|ENSMUSG00000020464|11|29039224|29039275|+|dn_exon	368	69	150	242
const|mouse|Pnpt1|ENSMUSG00000020464|11|29039224|29039275|+|exon	483	77	116	224
const|mouse|Pnpt1|ENSMUSG00000020464|11|29039224|29039275|+|up_3intron	689	163	137	417
const|mouse|Pnpt1|ENSMUSG00000020464|11|29039224|29039275|+|up_5intron	359	53	75	206
const|mouse|Pnpt1|ENSMUSG00000020464|11|29039224|29039275|+|up_exon	183	47	16	32
const|mouse|Pogz|ENSMUSG00000038902|3|94680558|94680692|+|dn_exon	817	628	604	1274
const|mouse|Pogz|ENSMUSG00000038902|3|94680558|94680692|+|exon	275	71	11	22
const|mouse|Pogz|ENSMUSG00000038902|3|94680558|94680692|+|up_3intron	893	160	155	148
const|mouse|Pogz|ENSMUSG00000038902|3|94680558|94680692|+|up_5intron	269	89	175	418
const|mouse|Pogz|ENSMUSG00000038902|3|94680558|94680692|+|up_exon	184	35	38	33
const|mouse|Pola1|ENSMUSG00000006678|X|90806679|90806829|-|up_3intron	79	79	106	57
const|mouse|Pola1|ENSMUSG00000006678|X|90806679|90806829|-|up_5intron	718	522	2969	1118
const|mouse|Pola1|ENSMUSG00000006678|X|90806679|90806829|-|up_exon	124	14	8	26
const|mouse|Polr1e|ENSMUSG00000028318|4|45044239|45044370|+|dn_3intron	272	43	30	20
const|mouse|Polr1e|ENSMUSG00000028318|4|45044239|45044370|+|dn_5intron	510	127	392	254
const|mouse|Polr1e|ENSMUSG00000028318|4|45044239|45044370|+|dn_exon	441	138	104	103
const|mouse|Polr1e|ENSMUSG00000028318|4|45044239|45044370|+|exon	419	58	50	53
const|mouse|Polr1e|ENSMUSG00000028318|4|45044239|45044370|+|up_3intron	22	36	30	4
const|mouse|Polr1e|ENSMUSG00000028318|4|45044239|45044370|+|up_5intron	51	133	123	27
const|mouse|Polr1e|ENSMUSG00000028318|4|45044239|45044370|+|up_exon	195	157	72	186
const|mouse|Polr2b|ENSMUSG00000029250|5|77777248|77777443|+|dn_3intron	586	232	247	209
const|mouse|Polr2b|ENSMUSG00000029250|5|77777248|77777443|+|dn_5intron	474	129	111	266
const|mouse|Polr2b|ENSMUSG00000029250|5|77777248|77777443|+|dn_exon	243	44	49	85
const|mouse|Polr2b|ENSMUSG00000029250|5|77777248|77777443|+|exon	318	140	30	89
const|mouse|Polr2b|ENSMUSG00000029250|5|77777248|77777443|+|up_3intron	270	86	9	24
const|mouse|Polr2b|ENSMUSG00000029250|5|77777248|77777443|+|up_5intron	910	230	315	263
const|mouse|Polr2b|ENSMUSG00000029250|5|77777248|77777443|+|up_exon	337	30	22	54
const|mouse|Postn|ENSMUSG00000027750|3|54179955|54180120|+|dn_3intron	339	190	634	586
const|mouse|Postn|ENSMUSG00000027750|3|54179955|54180120|+|dn_exon	456	342	2070	740
const|mouse|Postn|ENSMUSG00000027750|3|54179955|54180120|+|up_3intron	312	46	24	135
const|mouse|Postn|ENSMUSG00000027750|3|54179955|54180120|+|up_5intron	187	73	44	79
const|mouse|Postn|ENSMUSG00000027750|3|54179955|54180120|+|up_exon	356	1292	924	254
const|mouse|Ppm1d|ENSMUSG00000020525|11|85140366|85140594|+|deep_dn	472	352	915	387
const|mouse|Ppm1d|ENSMUSG00000020525|11|85140366|85140594|+|deep_up	1219	542	680	1893
const|mouse|Ppm1d|ENSMUSG00000020525|11|85140366|85140594|+|dn_3intron	897	215	507	1892
const|mouse|Ppm1d|ENSMUSG00000020525|11|85140366|85140594|+|dn_5intron	394	666	2163	2414
const|mouse|Ppm1d|ENSMUSG00000020525|11|85140366|85140594|+|dn_exon	381	87	61	153
const|mouse|Ppm1d|ENSMUSG00000020525|11|85140366|85140594|+|exon	372	2281	4460	314
const|mouse|Ppm1d|ENSMUSG00000020525|11|85140366|85140594|+|up_3intron	420	160	59	242
const|mouse|Ppm1d|ENSMUSG00000020525|11|85140366|85140594|+|up_5intron	447	131	533	785
const|mouse|Ppm1d|ENSMUSG00000020525|11|85140366|85140594|+|up_exon	539	835	1294	520
const|mouse|Ppp4r1|ENSMUSG00000061950|17|66153200|66153306|+|dn_3intron	1049	257	88	217
const|mouse|Ppp4r1|ENSMUSG00000061950|17|66153200|66153306|+|dn_5intron	297	88	41	70
const|mouse|Ppp4r1|ENSMUSG00000061950|17|66153200|66153306|+|dn_exon	694	142	98	131
const|mouse|Ppp4r1|ENSMUSG00000061950|17|66153200|66153306|+|exon	422	168	287	265
const|mouse|Ppp4r1|ENSMUSG00000061950|17|66153200|66153306|+|up_3intron	665	152	245	984
const|mouse|Ppp4r1|ENSMUSG00000061950|17|66153200|66153306|+|up_5intron	352	399	344	336
const|mouse|Ppp4r1|ENSMUSG00000061950|17|66153200|66153306|+|up_exon	1076	231	143	92
const|mouse|Prim2|ENSMUSG00000026134|1|33685240|33685377|-|dn_3intron	730	269	324	468
const|mouse|Prim2|ENSMUSG00000026134|1|33685240|33685377|-|dn_5intron	1009	368	392	2546
const|mouse|Prim2|ENSMUSG00000026134|1|33685240|33685377|-|dn_exon	204	76	81	40
const|mouse|Prim2|ENSMUSG00000026134|1|33685240|33685377|-|exon	631	152	209	156
const|mouse|Prim2|ENSMUSG00000026134|1|33685240|33685377|-|up_3intron	574	206	170	278
const|mouse|Prim2|ENSMUSG00000026134|1|33685240|33685377|-|up_5intron	1016	204	29	63
const|mouse|Prim2|ENSMUSG00000026134|1|33685240|33685377|-|up_exon	470	239	588	919
const|mouse|Prim2|ENSMUSG00000026134|1|33723890|33723993|-|dn_3intron	1038	369	200	602
const|mouse|Prim2|ENSMUSG00000026134|1|33723890|33723993|-|dn_5intron	317	97	101	118
const|mouse|Prim2|ENSMUSG00000026134|1|33723890|33723993|-|dn_exon	450	113	12	14
const|mouse|Prim2|ENSMUSG00000026134|1|33723890|33723993|-|exon	408	111	74	259
const|mouse|Prim2|ENSMUSG00000026134|1|33723890|33723993|-|up_3intron	244	22	85	173
const|mouse|Prim2|ENSMUSG00000026134|1|33723890|33723993|-|up_5intron	235	237	126	101
const|mouse|Prim2|ENSMUSG00000026134|1|33723890|33723993|-|up_exon	231	45	16	31
const|mouse|Prkag2|ENSMUSG00000028944|5|24376873|24376915|-|dn_5intron	441	48	34	186
const|mouse|Prkag2|ENSMUSG00000028944|5|24376873|24376915|-|dn_exon	327	106	44	45
const|mouse|Prkag2|ENSMUSG00000028944|5|24376873|24376915|-|up_3intron	169	61	162	149
const|mouse|Prkag2|ENSMUSG00000028944|5|24376873|24376915|-|up_exon	403	240	482	982
const|mouse|Prkd1|ENSMUSG00000002688|12|51492313|51492436|-|dn_3intron	13	4	5	53
const|mouse|Prkd1|ENSMUSG00000002688|12|51492313|51492436|-|dn_5intron	217	124	140	367
const|mouse|Prkd1|ENSMUSG00000002688|12|51492313|51492436|-|dn_exon	265	202	339	214
const|mouse|Prkd1|ENSMUSG00000002688|12|51492313|51492436|-|exon	342	89	124	227
const|mouse|Prkd1|ENSMUSG00000002688|12|51492313|51492436|-|up_3intron	239	102	164	532
const|mouse|Prkd1|ENSMUSG00000002688|12|51492313|51492436|-|up_5intron	176	54	192	118
const|mouse|Prkd1|ENSMUSG00000002688|12|51492313|51492436|-|up_exon	318	118	168	269
const|mouse|Prkdc|ENSMUSG00000022672|16|15674062|15674174|+|dn_3intron	190	45	19	67
const|mouse|Prkdc|ENSMUSG00000022672|16|15674062|15674174|+|dn_5intron	24	6	1	11
const|mouse|Prkdc|ENSMUSG00000022672|16|15674062|15674174|+|dn_exon	360	93	57	128
const|mouse|Prkdc|ENSMUSG00000022672|16|15674062|15674174|+|exon	399	330	286	1227
const|mouse|Prkdc|ENSMUSG00000022672|16|15674062|15674174|+|up_3intron	2122	324	278	666
const|mouse|Prkdc|ENSMUSG00000022672|16|15674062|15674174|+|up_5intron	612	20513	19994	2053
const|mouse|Prkdc|ENSMUSG00000022672|16|15674062|15674174|+|up_exon	358	46	64	35
const|mouse|Psmd1|ENSMUSG00000026229|1|87985384|87985495|+|dn_3intron	721	99	117	177
const|mouse|Psmd1|ENSMUSG00000026229|1|87985384|87985495|+|dn_5intron	331	59	30	18
const|mouse|Psmd1|ENSMUSG00000026229|1|87985384|87985495|+|dn_exon	168	218	553	731
const|mouse|Psmd1|ENSMUSG00000026229|1|87985384|87985495|+|exon	832	261	182	722
const|mouse|Psmd1|ENSMUSG00000026229|1|87985384|87985495|+|up_3intron	428	269	488	909
const|mouse|Psmd1|ENSMUSG00000026229|1|87985384|87985495|+|up_5intron	713	205	133	85
const|mouse|Psmd1|ENSMUSG00000026229|1|87985384|87985495|+|up_exon	587	79	18	50
const|mouse|Ptdss1|ENSMUSG00000021518|13|67073430|67073571|+|dn_3intron	319	124	67	82
const|mouse|Ptdss1|ENSMUSG00000021518|13|67073430|67073571|+|dn_5intron	280	53	201	713
const|mouse|Ptdss1|ENSMUSG00000021518|13|67073430|67073571|+|dn_exon	588	97	48	53
const|mouse|Ptdss1|ENSMUSG00000021518|13|67073430|67073571|+|exon	806	163	72	119
const|mouse|Ptdss1|ENSMUSG00000021518|13|67073430|67073571|+|up_3intron	1284	533	818	1677
const|mouse|Ptdss1|ENSMUSG00000021518|13|67073430|67073571|+|up_5intron	1087	333	913	1641
const|mouse|Ptdss1|ENSMUSG00000021518|13|67073430|67073571|+|up_exon	302	95	169	179
const|mouse|Ptpn1|ENSMUSG00000027540|2|167800229|167800393|+|dn_3intron	261	157	52	23
const|mouse|Ptpn1|ENSMUSG00000027540|2|167800229|167800393|+|dn_5intron	191	59	54	54
const|mouse|Ptpn1|ENSMUSG00000027540|2|167800229|167800393|+|dn_exon	348	77	19	29
const|mouse|Ptpn1|ENSMUSG00000027540|2|167800229|167800393|+|exon	1097	508	536	975
const|mouse|Ptpn1|ENSMUSG00000027540|2|167800229|167800393|+|up_3intron	817	260	152	696
const|mouse|Ptpn1|ENSMUSG00000027540|2|167800229|167800393|+|up_5intron	440	148	313	289
const|mouse|Ptpn1|ENSMUSG00000027540|2|167800229|167800393|+|up_exon	566	267	85	107
const|mouse|Ptpn6|ENSMUSG00000004266|6|124678799|124678988|-|dn_5intron	418	196	115	49
const|mouse|Ptpn6|ENSMUSG00000004266|6|124678799|124678988|-|dn_exon	294	286	850	223
const|mouse|Ptpn6|ENSMUSG00000004266|6|124678799|124678988|-|exon	516	316	17	17
const|mouse|Ptpn6|ENSMUSG00000004266|6|124678799|124678988|-|up_3intron	304	183	124	44
const|mouse|Ptpn6|ENSMUSG00000004266|6|124678799|124678988|-|up_5intron	1250	1263	331	162
const|mouse|Ptpn6|ENSMUSG00000004266|6|124678799|124678988|-|up_exon	203	108	84	153
const|mouse|Ptprk|ENSMUSG00000019889|10|28271345|28271566|+|dn_3intron	268	51	7	22
const|mouse|Ptprk|ENSMUSG00000019889|10|28271345|28271566|+|dn_5intron	356	172	130	508
const|mouse|Ptprk|ENSMUSG00000019889|10|28271345|28271566|+|dn_exon	378	75	192	1087
const|mouse|Ptprk|ENSMUSG00000019889|10|28271345|28271566|+|exon	254	204	130	87
const|mouse|Ptprk|ENSMUSG00000019889|10|28271345|28271566|+|up_3intron	975	1434	3437	5949
const|mouse|Ptprk|ENSMUSG00000019889|10|28271345|28271566|+|up_5intron	1923	47208	127470	9888
const|mouse|Ptprk|ENSMUSG00000019889|10|28271345|28271566|+|up_exon	1389	303	469	473
const|mouse|Pvrl3|ENSMUSG00000022656|16|46454737|46454888|-|deep_dn	810	165	204	450
const|mouse|Pvrl3|ENSMUSG00000022656|16|46454737|46454888|-|deep_up	345	89	66	148
const|mouse|Pvrl3|ENSMUSG00000022656|16|46454737|46454888|-|dn_3intron	725	221	156	773
const|mouse|Pvrl3|ENSMUSG00000022656|16|46454737|46454888|-|dn_5intron	383	52	99	430
const|mouse|Pvrl3|ENSMUSG00000022656|16|46454737|46454888|-|dn_exon	717	320	1310	984
const|mouse|Pvrl3|ENSMUSG00000022656|16|46454737|46454888|-|exon	528	136	48	109
const|mouse|Pvrl3|ENSMUSG00000022656|16|46454737|46454888|-|up_3intron	155	33	6	31
const|mouse|Pvrl3|ENSMUSG00000022656|16|46454737|46454888|-|up_5intron	235	66	33	214
const|mouse|Pvrl3|ENSMUSG00000022656|16|46454737|46454888|-|up_exon	184	144	170	360
const|mouse|Rab3gap1|ENSMUSG00000036104|1|129821247|129821398|+|dn_3intron	392	119	137	280
const|mouse|Rab3gap1|ENSMUSG00000036104|1|129821247|129821398|+|dn_5intron	1178	231	321	808
const|mouse|Rab3gap1|ENSMUSG00000036104|1|129821247|129821398|+|dn_exon	199	101	52	71
const|mouse|Rab3gap1|ENSMUSG00000036104|1|129821247|129821398|+|exon	187	20	27	35
const|mouse|Rab3gap1|ENSMUSG00000036104|1|129821247|129821398|+|up_3intron	451	215	74	235
const|mouse|Rab3gap1|ENSMUSG00000036104|1|129821247|129821398|+|up_5intron	630	154	169	781
const|mouse|Rab3gap1|ENSMUSG00000036104|1|129821247|129821398|+|up_exon	325	1710	711	294
const|mouse|Rab7|ENSMUSG00000079477|6|87954165|87954293|-|dn_3intron	290	59	118	652
const|mouse|Rab7|ENSMUSG00000079477|6|87954165|87954293|-|dn_5intron	559	687	394	43
const|mouse|Rab7|ENSMUSG00000079477|6|87954165|87954293|-|dn_exon	256	54	5	12
const|mouse|Rab7|ENSMUSG00000079477|6|87954165|87954293|-|exon	475	150	122	91
const|mouse|Rab7|ENSMUSG00000079477|6|87954165|87954293|-|up_3intron	496	263	46	65
const|mouse|Rab7|ENSMUSG00000079477|6|87954165|87954293|-|up_5intron	250	184	112	15
const|mouse|Rab7|ENSMUSG00000079477|6|87954165|87954293|-|up_exon	580	271	393	457
const|mouse|Rabgap1|ENSMUSG00000035437|2|37339248|37339405|+|deep_dn	259	25	23	9
const|mouse|Rabgap1|ENSMUSG00000035437|2|37339248|37339405|+|deep_up	1026	109	116	925
const|mouse|Rabgap1|ENSMUSG00000035437|2|37339248|37339405|+|dn_3intron	332	49	12	23
const|mouse|Rabgap1|ENSMUSG00000035437|2|37339248|37339405|+|dn_5intron	30	35	6	32
const|mouse|Rabgap1|ENSMUSG00000035437|2|37339248|37339405|+|dn_exon	843	101	125	122
const|mouse|Rabgap1|ENSMUSG00000035437|2|37339248|37339405|+|exon	119	52	50	80
const|mouse|Rabgap1|ENSMUSG00000035437|2|37339248|37339405|+|up_3intron	595	183	219	392
const|mouse|Rabgap1|ENSMUSG00000035437|2|37339248|37339405|+|up_5intron	168	40	51	75
const|mouse|Rabgap1|ENSMUSG00000035437|2|37339248|37339405|+|up_exon	250	127	33	23
const|mouse|Rad18|ENSMUSG00000030254|6|112622118|112622194|-|deep_dn	85	137	8	8
const|mouse|Rad18|ENSMUSG00000030254|6|112622118|112622194|-|deep_up	327	267	89	344
const|mouse|Rad18|ENSMUSG00000030254|6|112622118|112622194|-|dn_3intron	2103	333	1622	2927
const|mouse|Rad18|ENSMUSG00000030254|6|112622118|112622194|-|dn_5intron	533	71	65	89
const|mouse|Rad18|ENSMUSG00000030254|6|112622118|112622194|-|dn_exon	328	46	44	118
const|mouse|Rad18|ENSMUSG00000030254|6|112622118|112622194|-|exon	508	167	274	475
const|mouse|Rad18|ENSMUSG00000030254|6|112622118|112622194|-|up_3intron	440	1557	2307	1428
const|mouse|Rad18|ENSMUSG00000030254|6|112622118|112622194|-|up_5intron	355	67	113	140
const|mouse|Rad18|ENSMUSG00000030254|6|112622118|112622194|-|up_exon	434	67	193	280
const|mouse|Rad18|ENSMUSG00000030254|6|112622118|112622194|-|utr	1202	461	2107	2352
const|mouse|Rai14|ENSMUSG00000022246|15|10513534|10513777|-|dn_5intron	304	93	56	59
const|mouse|Rai14|ENSMUSG00000022246|15|10513534|10513777|-|dn_exon	518	94	40	22
const|mouse|Rai14|ENSMUSG00000022246|15|10517593|10517708|-|up_3intron	952	2362	3346	2313
const|mouse|Rai14|ENSMUSG00000022246|15|10517593|10517708|-|up_5intron	142	57	81	58
const|mouse|Rai14|ENSMUSG00000022246|15|10517593|10517708|-|up_exon	216	73	127	280
const|mouse|Rapgef1|ENSMUSG00000039844|2|29580293|29580404|+|dn_3intron	928	686	1615	1873
const|mouse|Rapgef1|ENSMUSG00000039844|2|29580293|29580404|+|dn_5intron	225	99	121	31
const|mouse|Rapgef1|ENSMUSG00000039844|2|29580293|29580404|+|dn_exon	342	175	101	159
const|mouse|Rapgef1|ENSMUSG00000039844|2|29580293|29580404|+|exon	232	83	15	29
const|mouse|Rapgef1|ENSMUSG00000039844|2|29580293|29580404|+|up_3intron	165	188	27	18
const|mouse|Rapgef1|ENSMUSG00000039844|2|29580293|29580404|+|up_5intron	575	977	1195	356
const|mouse|Rapgef1|ENSMUSG00000039844|2|29580293|29580404|+|up_exon	261	244	432	178
const|mouse|Rapgef1|ENSMUSG00000039844|2|29580293|29580404|+|utr	111	265	93	75
const|mouse|Rapgef2|ENSMUSG00000062232|3|78976830|78976997|-|dn_3intron	2011	603	662	1860
const|mouse|Rapgef2|ENSMUSG00000062232|3|78976830|78976997|-|dn_5intron	94	3	7	79
const|mouse|Rapgef2|ENSMUSG00000062232|3|78976830|78976997|-|dn_exon	2364	553	719	3124
const|mouse|Rapgef2|ENSMUSG00000062232|3|78976830|78976997|-|exon	168	104	47	26
const|mouse|Rapgef2|ENSMUSG00000062232|3|78976830|78976997|-|up_5intron	200	70	202	130
const|mouse|Rapgef2|ENSMUSG00000062232|3|78976830|78976997|-|up_exon	875	165	146	324
const|mouse|Rcbtb2|ENSMUSG00000022106|14|73578240|73578370|+|dn_3intron	720	181	181	914
const|mouse|Rcbtb2|ENSMUSG00000022106|14|73578240|73578370|+|dn_5intron	362	85	128	528
const|mouse|Rcbtb2|ENSMUSG00000022106|14|73578240|73578370|+|dn_exon	324	82	25	8
const|mouse|Rcbtb2|ENSMUSG00000022106|14|73578240|73578370|+|exon	327	180	186	818
const|mouse|Rcbtb2|ENSMUSG00000022106|14|73578240|73578370|+|up_3intron	239	111	96	67
const|mouse|Rcbtb2|ENSMUSG00000022106|14|73578240|73578370|+|up_5intron	1117	215	192	139
const|mouse|Rcbtb2|ENSMUSG00000022106|14|73578240|73578370|+|up_exon	646	152	22	44
const|mouse|Recql|ENSMUSG00000030243|6|142312067|142312196|-|dn_3intron	149	228	76	161
const|mouse|Recql|ENSMUSG00000030243|6|142312067|142312196|-|dn_5intron	297	142	102	393
const|mouse|Recql|ENSMUSG00000030243|6|142312067|142312196|-|dn_exon	571	131	57	90
const|mouse|Recql|ENSMUSG00000030243|6|142312067|142312196|-|exon	624	219	193	257
const|mouse|Recql|ENSMUSG00000030243|6|142312067|142312196|-|up_3intron	677	227	342	888
const|mouse|Recql|ENSMUSG00000030243|6|142312067|142312196|-|up_5intron	243	44	10	23
const|mouse|Recql|ENSMUSG00000030243|6|142312067|142312196|-|up_exon	545	135	7	34
const|mouse|Reep2|ENSMUSG00000038555|18|35001941|35002180|+|dn_3intron	705	306	574	1089
const|mouse|Reep2|ENSMUSG00000038555|18|35001941|35002180|+|dn_exon	382	174	229	63
const|mouse|Reep2|ENSMUSG00000038555|18|35001941|35002180|+|exon	791	234	48	42
const|mouse|Reep2|ENSMUSG00000038555|18|35001941|35002180|+|up_3intron	398	132	123	110
const|mouse|Reep2|ENSMUSG00000038555|18|35001941|35002180|+|up_5intron	152	133	163	27
const|mouse|Reep2|ENSMUSG00000038555|18|35001941|35002180|+|up_exon	347	123	73	14
const|mouse|Rel|ENSMUSG00000020275|11|23645429|23645641|-|dn_3intron	445	3354	5635	1344
const|mouse|Rel|ENSMUSG00000020275|11|23645429|23645641|-|dn_5intron	58	90	526	203
const|mouse|Rel|ENSMUSG00000020275|11|23645429|23645641|-|dn_exon	218	67	41	147
const|mouse|Rel|ENSMUSG00000020275|11|23645429|23645641|-|exon	420	134	50	58
const|mouse|Rel|ENSMUSG00000020275|11|23645429|23645641|-|up_5intron	799	153	236	700
const|mouse|Rel|ENSMUSG00000020275|11|23645429|23645641|-|up_exon	368	41	72	77
const|mouse|Rgs12|ENSMUSG00000029101|5|35371185|35371283|+|dn_3intron	364	171	300	450
const|mouse|Rgs12|ENSMUSG00000029101|5|35371185|35371283|+|dn_5intron	624	227	217	193
const|mouse|Rgs12|ENSMUSG00000029101|5|35371185|35371283|+|dn_exon	872	473	523	922
const|mouse|Rgs12|ENSMUSG00000029101|5|35371185|35371283|+|exon	318	98	101	18
const|mouse|Rgs12|ENSMUSG00000029101|5|35371185|35371283|+|up_3intron	502	111	32	15
const|mouse|Rgs12|ENSMUSG00000029101|5|35371185|35371283|+|up_5intron	911	435	451	582
const|mouse|Rgs12|ENSMUSG00000029101|5|35371185|35371283|+|up_exon	1220	158	111	85
const|mouse|Rgs4|ENSMUSG00000038530|1|171674481|171674651|-|dn_3intron	175	132	143	197
const|mouse|Rgs4|ENSMUSG00000038530|1|171674481|171674651|-|dn_5intron	317	100	81	98
const|mouse|Rgs4|ENSMUSG00000038530|1|171674481|171674651|-|dn_exon	380	1253	3735	1955
const|mouse|Rgs4|ENSMUSG00000038530|1|171674481|171674651|-|exon	71	31	8	28
const|mouse|Rgs4|ENSMUSG00000038530|1|171674481|171674651|-|up_3intron	6	3	10	5
const|mouse|Rgs4|ENSMUSG00000038530|1|171674481|171674651|-|up_exon	1168	176	187	1353
const|mouse|Rhpn2|ENSMUSG00000030494|7|36145999|36146127|+|deep_dn	514	8576	5211	1462
const|mouse|Rhpn2|ENSMUSG00000030494|7|36145999|36146127|+|deep_up	815	334	15	67
const|mouse|Rhpn2|ENSMUSG00000030494|7|36145999|36146127|+|dn_3intron	97	98	139	47
const|mouse|Rhpn2|ENSMUSG00000030494|7|36145999|36146127|+|dn_5intron	171	140	67	80
const|mouse|Rhpn2|ENSMUSG00000030494|7|36145999|36146127|+|dn_exon	205	93	273	163
const|mouse|Rhpn2|ENSMUSG00000030494|7|36145999|36146127|+|exon	271	71	48	26
const|mouse|Rhpn2|ENSMUSG00000030494|7|36145999|36146127|+|up_3intron	879	281	131	205
const|mouse|Rhpn2|ENSMUSG00000030494|7|36145999|36146127|+|up_5intron	621	241	57	158
const|mouse|Rhpn2|ENSMUSG00000030494|7|36145999|36146127|+|up_exon	361	55	70	63
const|mouse|Rims1|ENSMUSG00000041670|1|22418545|22418799|-|dn_3intron	600	263	93	24
const|mouse|Rims1|ENSMUSG00000041670|1|22418545|22418799|-|dn_5intron	933	191	142	293
const|mouse|Rims1|ENSMUSG00000041670|1|22418545|22418799|-|up_3intron	496	52242	9920	1109
const|mouse|Rims1|ENSMUSG00000041670|1|22418545|22418799|-|up_5intron	459	145	50	55
const|mouse|Rims1|ENSMUSG00000041670|1|22418545|22418799|-|up_exon	710	163	223	252
const|mouse|Riok3|ENSMUSG00000024404|18|12294800|12295347|+|dn_5intron	484	116	155	121
const|mouse|Riok3|ENSMUSG00000024404|18|12294800|12295347|+|dn_exon	157	130	133	227
const|mouse|Riok3|ENSMUSG00000024404|18|12294800|12295347|+|exon	304	143	588	799
const|mouse|Riok3|ENSMUSG00000024404|18|12294800|12295347|+|up_3intron	46	7	1	3
const|mouse|Riok3|ENSMUSG00000024404|18|12294800|12295347|+|up_exon	574	72	48	51
const|mouse|Rnf145|ENSMUSG00000019189|11|44344778|44344886|+|deep_dn	149	52	30	66
const|mouse|Rnf145|ENSMUSG00000019189|11|44344778|44344886|+|deep_up	422	63	86	452
const|mouse|Rnf145|ENSMUSG00000019189|11|44344778|44344886|+|dn_3intron	1428	267	30	22
const|mouse|Rnf145|ENSMUSG00000019189|11|44344778|44344886|+|dn_5intron	324	425	11872	1421
const|mouse|Rnf145|ENSMUSG00000019189|11|44344778|44344886|+|dn_exon	433	142	124	215
const|mouse|Rnf145|ENSMUSG00000019189|11|44344778|44344886|+|exon	478	141	62	211
const|mouse|Rnf145|ENSMUSG00000019189|11|44344778|44344886|+|up_3intron	458	164	126	167
const|mouse|Rnf145|ENSMUSG00000019189|11|44344778|44344886|+|up_5intron	950	798	659	2061
const|mouse|Rnf145|ENSMUSG00000019189|11|44344778|44344886|+|up_exon	204	70	34	22
const|mouse|Rnf170|ENSMUSG00000013878|8|27236376|27236451|+|dn_3intron	363	99	247	365
const|mouse|Rnf170|ENSMUSG00000013878|8|27236376|27236451|+|dn_5intron	314	93	77	124
const|mouse|Rnf170|ENSMUSG00000013878|8|27236376|27236451|+|dn_exon	492	1402	2137	4919
const|mouse|Rnf170|ENSMUSG00000013878|8|27236376|27236451|+|exon	329	72	71	55
const|mouse|Rnf170|ENSMUSG00000013878|8|27236376|27236451|+|up_3intron	436	146	69	100
const|mouse|Rnf170|ENSMUSG00000013878|8|27236376|27236451|+|up_5intron	320	117	25	43
const|mouse|Rnf170|ENSMUSG00000013878|8|27236376|27236451|+|up_exon	150	115	8	13
const|mouse|Rnf20|ENSMUSG00000028309|4|49646126|49646282|+|dn_3intron	547	97	163	473
const|mouse|Rnf20|ENSMUSG00000028309|4|49646126|49646282|+|dn_5intron	263	77	85	72
const|mouse|Rnf20|ENSMUSG00000028309|4|49646126|49646282|+|dn_exon	320	133	9	24
const|mouse|Rnf20|ENSMUSG00000028309|4|49646126|49646282|+|exon	389	76	73	55
const|mouse|Rnf20|ENSMUSG00000028309|4|49646126|49646282|+|up_3intron	423	238	2590	2413
const|mouse|Rnf20|ENSMUSG00000028309|4|49646126|49646282|+|up_5intron	115	67	33	30
const|mouse|Rnf20|ENSMUSG00000028309|4|49646126|49646282|+|up_exon	430	273	186	80
const|mouse|Rnf38|ENSMUSG00000035696|4|44161897|44162110|-|dn_3intron	231	81	33	56
const|mouse|Rnf38|ENSMUSG00000035696|4|44161897|44162110|-|dn_5intron	374	98	98	615
const|mouse|Rnf38|ENSMUSG00000035696|4|44161897|44162110|-|dn_exon	526	245	90	334
const|mouse|Rnf38|ENSMUSG00000035696|4|44161897|44162110|-|exon	322	382	376	407
const|mouse|Rnf38|ENSMUSG00000035696|4|44161897|44162110|-|up_3intron	671	1596	4176	910
const|mouse|Rnf38|ENSMUSG00000035696|4|44161897|44162110|-|up_5intron	97	20	16	456
const|mouse|Rnf38|ENSMUSG00000035696|4|44161897|44162110|-|up_exon	448	130	78	193
const|mouse|Rngtt|ENSMUSG00000028274|4|33416495|33416570|+|dn_3intron	312	32	84	214
const|mouse|Rngtt|ENSMUSG00000028274|4|33416495|33416570|+|dn_5intron	441	2692	6615	2871
const|mouse|Rngtt|ENSMUSG00000028274|4|33416495|33416570|+|dn_exon	490	546	1826	2151
const|mouse|Rngtt|ENSMUSG00000028274|4|33416495|33416570|+|exon	451	106	209	580
const|mouse|Rngtt|ENSMUSG00000028274|4|33416495|33416570|+|up_3intron	771	157	1031	1390
const|mouse|Rngtt|ENSMUSG00000028274|4|33416495|33416570|+|up_5intron	366	49	70	214
const|mouse|Rngtt|ENSMUSG00000028274|4|33416495|33416570|+|up_exon	841	120	402	731
const|mouse|Rock1|ENSMUSG00000024290|18|10100920|10101026|-|dn_3intron	167	45	69	224
const|mouse|Rock1|ENSMUSG00000024290|18|10100920|10101026|-|dn_5intron	333	71	233	991
const|mouse|Rock1|ENSMUSG00000024290|18|10100920|10101026|-|dn_exon	362	53	25	20
const|mouse|Rock1|ENSMUSG00000024290|18|10100920|10101026|-|exon	290	92	446	98
const|mouse|Rock1|ENSMUSG00000024290|18|10100920|10101026|-|up_3intron	229	93	44	27
const|mouse|Rock1|ENSMUSG00000024290|18|10100920|10101026|-|up_5intron	910	155	115	372
const|mouse|Rock1|ENSMUSG00000024290|18|10100920|10101026|-|up_exon	77	20	43	76
const|mouse|Rock1|ENSMUSG00000024290|18|10100920|10101026|-|utr	104	25	38	54
const|mouse|Ryr2|ENSMUSG00000021313|13|11945383|11945457|-|dn_3intron	309	171	150	236
const|mouse|Ryr2|ENSMUSG00000021313|13|11945383|11945457|-|dn_5intron	605	219	503	440
const|mouse|Ryr2|ENSMUSG00000021313|13|11945383|11945457|-|dn_exon	171	27	63	88
const|mouse|Ryr2|ENSMUSG00000021313|13|11945383|11945457|-|exon	293	83	25	46
const|mouse|Ryr2|ENSMUSG00000021313|13|11945383|11945457|-|up_3intron	385	110	80	92
const|mouse|Ryr2|ENSMUSG00000021313|13|11945383|11945457|-|up_5intron	1620	412	934	1071
const|mouse|Ryr2|ENSMUSG00000021313|13|11945383|11945457|-|up_exon	1352	2161	3581	1307
const|mouse|Ryr2|ENSMUSG00000021313|13|11945383|11945457|-|utr	1512	518	397	707
const|mouse|Sash3|ENSMUSG00000031101|X|45511910|45512058|+|dn_3intron	562	150	68	26
const|mouse|Sash3|ENSMUSG00000031101|X|45511910|45512058|+|exon	235	124	28	25
const|mouse|Sash3|ENSMUSG00000031101|X|45511910|45512058|+|up_3intron	218	61	75	262
const|mouse|Sash3|ENSMUSG00000031101|X|45511910|45512058|+|up_5intron	298	843	1471	422
const|mouse|Sash3|ENSMUSG00000031101|X|45511910|45512058|+|up_exon	2275	326	49	67
const|mouse|Scn4a|ENSMUSG00000001027|11|106209586|106209714|-|dn_3intron	533	131	62	120
const|mouse|Scn4a|ENSMUSG00000001027|11|106209586|106209714|-|dn_5intron	277	122	91	108
const|mouse|Scn4a|ENSMUSG00000001027|11|106209586|106209714|-|dn_exon	418	91	42	8
const|mouse|Scn4a|ENSMUSG00000001027|11|106209586|106209714|-|exon	514	190	142	234
const|mouse|Scn4a|ENSMUSG00000001027|11|106209586|106209714|-|up_3intron	38	6	3	31
const|mouse|Scn4a|ENSMUSG00000001027|11|106209586|106209714|-|up_5intron	57	65	26	11
const|mouse|Scn4a|ENSMUSG00000001027|11|106209586|106209714|-|up_exon	927	775	757	468
const|mouse|Scnn1b|ENSMUSG00000030873|7|129060040|129060230|+|dn_3intron	38	16	8	4
const|mouse|Scnn1b|ENSMUSG00000030873|7|129060040|129060230|+|dn_exon	202	48	125	47
const|mouse|Scnn1b|ENSMUSG00000030873|7|129060040|129060230|+|exon	80	48	17	11
const|mouse|Scnn1b|ENSMUSG00000030873|7|129060040|129060230|+|up_3intron	334	147	469	274
const|mouse|Scnn1b|ENSMUSG00000030873|7|129060040|129060230|+|up_5intron	635	200	13	36
const|mouse|Scnn1b|ENSMUSG00000030873|7|129060040|129060230|+|up_exon	469	123	42	20
const|mouse|Sdccag8|ENSMUSG00000026504|1|178775312|178775628|+|dn_3intron	1105	721	651	741
const|mouse|Sdccag8|ENSMUSG00000026504|1|178775312|178775628|+|dn_5intron	311	111	118	54
const|mouse|Sdccag8|ENSMUSG00000026504|1|178775312|178775628|+|dn_exon	397	231	554	437
const|mouse|Sdccag8|ENSMUSG00000026504|1|178775312|178775628|+|exon	487	7407	3873	1468
const|mouse|Sdccag8|ENSMUSG00000026504|1|178775312|178775628|+|up_3intron	1195	583	1465	1342
const|mouse|Sdccag8|ENSMUSG00000026504|1|178775312|178775628|+|up_5intron	312	71	28	72
const|mouse|Sdccag8|ENSMUSG00000026504|1|178775312|178775628|+|up_exon	449	60	6	7
const|mouse|Sdccag8|ENSMUSG00000026504|1|178942020|178942192|+|dn_3intron	171	40	27	64
const|mouse|Sdccag8|ENSMUSG00000026504|1|178942020|178942192|+|dn_5intron	153	160	440	153
const|mouse|Sdccag8|ENSMUSG00000026504|1|178942020|178942192|+|dn_exon	499	97	65	42
const|mouse|Sdccag8|ENSMUSG00000026504|1|178942020|178942192|+|exon	389	108	91	65
const|mouse|Sdccag8|ENSMUSG00000026504|1|178942020|178942192|+|up_3intron	376	165	208	1083
const|mouse|Sdccag8|ENSMUSG00000026504|1|178942020|178942192|+|up_5intron	953	1185	806	1005
const|mouse|Sec23a|ENSMUSG00000020986|12|60091821|60092075|-|dn_3intron	589	126	33	61
const|mouse|Sec23a|ENSMUSG00000020986|12|60091821|60092075|-|dn_5intron	255	66	301	397
const|mouse|Sec23a|ENSMUSG00000020986|12|60091821|60092075|-|dn_exon	330	98	58	106
const|mouse|Sec23a|ENSMUSG00000020986|12|60091821|60092075|-|exon	667	161	140	135
const|mouse|Sec23a|ENSMUSG00000020986|12|60091821|60092075|-|up_3intron	272	119	169	462
const|mouse|Sec23a|ENSMUSG00000020986|12|60091821|60092075|-|up_5intron	622	248	1395	1110
const|mouse|Sec23a|ENSMUSG00000020986|12|60091821|60092075|-|up_exon	716	113	159	82
const|mouse|Secisbp2l|ENSMUSG00000035093|2|125601289|125601923|-|dn_3intron	190	222	205	554
const|mouse|Secisbp2l|ENSMUSG00000035093|2|125601289|125601923|-|dn_5intron	461	130	142	336
const|mouse|Secisbp2l|ENSMUSG00000035093|2|125601289|125601923|-|dn_exon	377	104	96	130
const|mouse|Secisbp2l|ENSMUSG00000035093|2|125601289|125601923|-|exon	863	464	706	2232
const|mouse|Secisbp2l|ENSMUSG00000035093|2|125601289|125601923|-|up_5intron	847	289	111	231
const|mouse|Secisbp2l|ENSMUSG00000035093|2|125601289|125601923|-|up_exon	130	384	291	60
const|mouse|Senp7|ENSMUSG00000052917|16|56171805|56171996|+|dn_5intron	414	208	132	228
const|mouse|Senp7|ENSMUSG00000052917|16|56171805|56171996|+|dn_exon	262	85	106	75
const|mouse|Senp7|ENSMUSG00000052917|16|56171805|56171996|+|exon	95	112	139	91
const|mouse|Senp7|ENSMUSG00000052917|16|56171805|56171996|+|up_3intron	365	181	384	3874
const|mouse|Senp7|ENSMUSG00000052917|16|56171805|56171996|+|up_5intron	465	83	165	179
const|mouse|Senp7|ENSMUSG00000052917|16|56171805|56171996|+|up_exon	116	32	19	43
const|mouse|Senp7|ENSMUSG00000052917|16|56171805|56171996|+|utr	263	125	22	91
const|mouse|Sept9|ENSMUSG00000059248|11|117212743|117212934|+|dn_3intron	261	89	101	67
const|mouse|Sept9|ENSMUSG00000059248|11|117212743|117212934|+|dn_5intron	818	200	30	27
const|mouse|Sept9|ENSMUSG00000059248|11|117212743|117212934|+|dn_exon	107	48	28	16
const|mouse|Sept9|ENSMUSG00000059248|11|117212743|117212934|+|exon	230	43	30	9
const|mouse|Sept9|ENSMUSG00000059248|11|117212743|117212934|+|up_3intron	497	117	29	41
const|mouse|Sept9|ENSMUSG00000059248|11|117212743|117212934|+|up_5intron	286	170	63	27
const|mouse|Sept9|ENSMUSG00000059248|11|117212743|117212934|+|up_exon	248	627	185	97
const|mouse|Sept9|ENSMUSG00000059248|11|117212743|117212934|+|utr	184	107	81	76
const|mouse|Serpini1|ENSMUSG00000027834|3|75441835|75441965|+|deep_dn	394	243	927	859
const|mouse|Serpini1|ENSMUSG00000027834|3|75441835|75441965|+|deep_up	834	253	147	478
const|mouse|Serpini1|ENSMUSG00000027834|3|75441835|75441965|+|dn_3intron	82	142	27	72
const|mouse|Serpini1|ENSMUSG00000027834|3|75441835|75441965|+|dn_5intron	443	201	144	197
const|mouse|Serpini1|ENSMUSG00000027834|3|75441835|75441965|+|dn_exon	1095	224	296	410
const|mouse|Serpini1|ENSMUSG00000027834|3|75441835|75441965|+|exon	334	118	96	353
const|mouse|Serpini1|ENSMUSG00000027834|3|75441835|75441965|+|up_3intron	860	185	123	2377
const|mouse|Serpini1|ENSMUSG00000027834|3|75441835|75441965|+|up_5intron	62	18	7	29
const|mouse|Serpini1|ENSMUSG00000027834|3|75441835|75441965|+|up_exon	209	14	8	17
const|mouse|Setd7|ENSMUSG00000037111|3|51336768|51337243|-|dn_3intron	238	345	284	453
const|mouse|Setd7|ENSMUSG00000037111|3|51336768|51337243|-|dn_5intron	626	267	92	207
const|mouse|Setd7|ENSMUSG00000037111|3|51336768|51337243|-|dn_exon	182	113	48	55
const|mouse|Setd7|ENSMUSG00000037111|3|51336768|51337243|-|exon	426	84	51	89
const|mouse|Setd7|ENSMUSG00000037111|3|51336768|51337243|-|up_3intron	112	6	2	10
const|mouse|Setd7|ENSMUSG00000037111|3|51336768|51337243|-|up_exon	370	99	82	177
const|mouse|Setx|ENSMUSG00000043535|2|29016992|29017093|+|dn_3intron	833	3095	11523	2202
const|mouse|Setx|ENSMUSG00000043535|2|29016992|29017093|+|dn_exon	282	118	125	152
const|mouse|Setx|ENSMUSG00000043535|2|29016992|29017093|+|exon	273	60	23	24
const|mouse|Setx|ENSMUSG00000043535|2|29016992|29017093|+|up_3intron	403	175	129	90
const|mouse|Setx|ENSMUSG00000043535|2|29016992|29017093|+|up_5intron	523	224	407	1319
const|mouse|Setx|ENSMUSG00000043535|2|29016992|29017093|+|up_exon	49	2	18	17
const|mouse|Sf3b3|ENSMUSG00000033732|8|113357680|113357775|-|dn_3intron	871	309	6	100
const|mouse|Sf3b3|ENSMUSG00000033732|8|113357680|113357775|-|dn_5intron	101	35	36	54
const|mouse|Sf3b3|ENSMUSG00000033732|8|113357680|113357775|-|dn_exon	97	177	93	40
const|mouse|Sf3b3|ENSMUSG00000033732|8|113357680|113357775|-|exon	354	118	317	352
const|mouse|Sf3b3|ENSMUSG00000033732|8|113357680|113357775|-|up_3intron	556	171	297	2198
const|mouse|Sf3b3|ENSMUSG00000033732|8|113357680|113357775|-|up_5intron	287	162	316	499
const|mouse|Sf3b3|ENSMUSG00000033732|8|113357680|113357775|-|up_exon	422	100	62	118
const|mouse|Sidt1|ENSMUSG00000022696|16|44243581|44243698|-|dn_3intron	788	241	180	553
const|mouse|Sidt1|ENSMUSG00000022696|16|44243581|44243698|-|dn_5intron	869	637	338	1226
const|mouse|Sidt1|ENSMUSG00000022696|16|44243581|44243698|-|dn_exon	50	90	44	24
const|mouse|Sidt1|ENSMUSG00000022696|16|44243581|44243698|-|exon	1697	296	224	257
const|mouse|Sidt1|ENSMUSG00000022696|16|44243581|44243698|-|up_3intron	521	92	194	433
const|mouse|Sidt1|ENSMUSG00000022696|16|44243581|44243698|-|up_5intron	1228	916	831	436
const|mouse|Sidt1|ENSMUSG00000022696|16|44243581|44243698|-|up_exon	556	252	30	31
const|mouse|Sik3|ENSMUSG00000034135|9|46004067|46004176|+|dn_3intron	843	84	61	25
const|mouse|Sik3|ENSMUSG00000034135|9|46004067|46004176|+|dn_5intron	570	300	199	57
const|mouse|Sik3|ENSMUSG00000034135|9|46004067|46004176|+|dn_exon	290	222	70	295
const|mouse|Sik3|ENSMUSG00000034135|9|46004067|46004176|+|exon	662	205	180	124
const|mouse|Sik3|ENSMUSG00000034135|9|46004067|46004176|+|up_5intron	983	518	454	1725
const|mouse|Sik3|ENSMUSG00000034135|9|46004067|46004176|+|up_exon	480	61	45	81
const|mouse|Sik3|ENSMUSG00000034135|9|46004067|46004176|+|utr	226	76	214	649
const|mouse|Sipa1l1|ENSMUSG00000042700|12|83485638|83485741|+|dn_3intron	1345	289	616	1301
const|mouse|Sipa1l1|ENSMUSG00000042700|12|83485638|83485741|+|dn_5intron	983	200	116	52
const|mouse|Sipa1l1|ENSMUSG00000042700|12|83485638|83485741|+|dn_exon	416	418	781	751
const|mouse|Sipa1l1|ENSMUSG00000042700|12|83485638|83485741|+|exon	419	111	20	44
const|mouse|Sipa1l1|ENSMUSG00000042700|12|83485638|83485741|+|up_3intron	549	284	61	181
const|mouse|Sipa1l1|ENSMUSG00000042700|12|83485638|83485741|+|up_5intron	600	171	66	102
const|mouse|Sipa1l1|ENSMUSG00000042700|12|83485638|83485741|+|up_exon	131	80	89	82
const|mouse|Skiv2l2|ENSMUSG00000016018|13|113676959|113677073|-|dn_3intron	154	62	51	53
const|mouse|Skiv2l2|ENSMUSG00000016018|13|113676959|113677073|-|dn_5intron	412	68	30	31
const|mouse|Skiv2l2|ENSMUSG00000016018|13|113676959|113677073|-|dn_exon	536	134	189	687
const|mouse|Skiv2l2|ENSMUSG00000016018|13|113676959|113677073|-|exon	267	136	14	14
const|mouse|Skiv2l2|ENSMUSG00000016018|13|113676959|113677073|-|up_3intron	777	397	2839	2587
const|mouse|Skiv2l2|ENSMUSG00000016018|13|113676959|113677073|-|up_5intron	1045	182	170	94
const|mouse|Skiv2l2|ENSMUSG00000016018|13|113676959|113677073|-|up_exon	99	67	55	63
const|mouse|Slc12a7|ENSMUSG00000017756|13|73943475|73943646|+|dn_5intron	573	253	91	150
const|mouse|Slc12a7|ENSMUSG00000017756|13|73943475|73943646|+|dn_exon	166	113	48	41
const|mouse|Slc12a7|ENSMUSG00000017756|13|73943475|73943646|+|exon	331	933	1429	365
const|mouse|Slc12a7|ENSMUSG00000017756|13|73943475|73943646|+|up_3intron	969	262	125	206
const|mouse|Slc12a7|ENSMUSG00000017756|13|73943475|73943646|+|up_5intron	295	76	97	32
const|mouse|Slc12a7|ENSMUSG00000017756|13|73943475|73943646|+|up_exon	619	317	146	138
const|mouse|Slc36a4|ENSMUSG00000043885|9|15526377|15526465|+|dn_3intron	580	104	145	476
const|mouse|Slc36a4|ENSMUSG00000043885|9|15526377|15526465|+|dn_5intron	1125	312	213	4013
const|mouse|Slc36a4|ENSMUSG00000043885|9|15526377|15526465|+|dn_exon	199	169	224	251
const|mouse|Slc36a4|ENSMUSG00000043885|9|15526377|15526465|+|exon	613	181	218	1395
const|mouse|Slc36a4|ENSMUSG00000043885|9|15526377|15526465|+|up_3intron	688	690	1417	1128
const|mouse|Slc36a4|ENSMUSG00000043885|9|15526377|15526465|+|up_5intron	671	185	73	102
const|mouse|Slc36a4|ENSMUSG00000043885|9|15526377|15526465|+|up_exon	335	212	461	169
const|mouse|Slc43a3|ENSMUSG00000027074|2|84796153|84796543|+|dn_3intron	259	63	82	66
const|mouse|Slc43a3|ENSMUSG00000027074|2|84796153|84796543|+|dn_exon	423	154	190	305
const|mouse|Slc43a3|ENSMUSG00000027074|2|84796153|84796543|+|exon	102	26	106	25
const|mouse|Slc43a3|ENSMUSG00000027074|2|84796153|84796543|+|up_3intron	656	225	54	70
const|mouse|Slc43a3|ENSMUSG00000027074|2|84796153|84796543|+|up_5intron	1077	919	1845	2489
const|mouse|Slc43a3|ENSMUSG00000027074|2|84796153|84796543|+|up_exon	508	255	210	270
const|mouse|Smarca1|ENSMUSG00000031099|X|45228341|45228472|-|dn_3intron	103	5	6	26
const|mouse|Smarca1|ENSMUSG00000031099|X|45228341|45228472|-|dn_5intron	768	151	169	247
const|mouse|Smarca1|ENSMUSG00000031099|X|45228341|45228472|-|dn_exon	77	4	5	24
const|mouse|Smarca1|ENSMUSG00000031099|X|45228341|45228472|-|exon	627	331	555	2242
const|mouse|Smarca1|ENSMUSG00000031099|X|45228341|45228472|-|up_3intron	338	18	1	10
const|mouse|Smarca1|ENSMUSG00000031099|X|45228341|45228472|-|up_5intron	360	45	23	41
const|mouse|Smarca1|ENSMUSG00000031099|X|45228341|45228472|-|up_exon	307	77	102	144
const|mouse|Smarcd1|ENSMUSG00000023018|15|99534169|99534291|+|dn_3intron	411	282	535	367
const|mouse|Smarcd1|ENSMUSG00000023018|15|99534169|99534291|+|dn_5intron	252	127	125	67
const|mouse|Smarcd1|ENSMUSG00000023018|15|99534169|99534291|+|dn_exon	424	224	85	24
const|mouse|Smarcd1|ENSMUSG00000023018|15|99534169|99534291|+|exon	332	167	40	11
const|mouse|Smarcd1|ENSMUSG00000023018|15|99534169|99534291|+|up_5intron	416	136	61	132
const|mouse|Smarcd1|ENSMUSG00000023018|15|99534169|99534291|+|up_exon	94	6	4	20
const|mouse|Snx13|ENSMUSG00000020590|12|35797107|35797176|+|dn_3intron	1469	3076	37629	5485
const|mouse|Snx13|ENSMUSG00000020590|12|35797107|35797176|+|dn_5intron	196	49	123	897
const|mouse|Snx13|ENSMUSG00000020590|12|35797107|35797176|+|dn_exon	464	100	147	459
const|mouse|Snx13|ENSMUSG00000020590|12|35797107|35797176|+|exon	258	49	35	49
const|mouse|Snx13|ENSMUSG00000020590|12|35797107|35797176|+|up_3intron	366	88	361	464
const|mouse|Snx13|ENSMUSG00000020590|12|35797107|35797176|+|up_5intron	266	74	398	257
const|mouse|Snx13|ENSMUSG00000020590|12|35797107|35797176|+|up_exon	321	77	47	113
const|mouse|Sorbs1|ENSMUSG00000025006|19|40426767|40426896|-|dn_3intron	59	5	7	23
const|mouse|Sorbs1|ENSMUSG00000025006|19|40426767|40426896|-|dn_5intron	663	211	189	247
const|mouse|Sorbs1|ENSMUSG00000025006|19|40426767|40426896|-|exon	191	232	36	5
const|mouse|Sorbs1|ENSMUSG00000025006|19|40426767|40426896|-|up_5intron	357	127	210	93
const|mouse|Spg11|ENSMUSG00000033396|2|121921326|121921502|-|dn_3intron	331	91	126	277
const|mouse|Spg11|ENSMUSG00000033396|2|121921326|121921502|-|dn_5intron	657	196	12	59
const|mouse|Spg11|ENSMUSG00000033396|2|121921326|121921502|-|dn_exon	277	53	167	125
const|mouse|Spg11|ENSMUSG00000033396|2|121921326|121921502|-|exon	207	42	40	21
const|mouse|Spg11|ENSMUSG00000033396|2|121921326|121921502|-|up_3intron	189	1446	2418	283
const|mouse|Spg11|ENSMUSG00000033396|2|121921326|121921502|-|up_5intron	343	465	1056	319
const|mouse|Spg11|ENSMUSG00000033396|2|121921326|121921502|-|up_exon	582	102	207	194
const|mouse|Spg11|ENSMUSG00000033396|2|121921326|121921502|-|utr	64	78	21	4
const|mouse|Spna2|ENSMUSG00000057738|2|29843854|29843989|+|dn_3intron	365	105	119	197
const|mouse|Spna2|ENSMUSG00000057738|2|29843854|29843989|+|dn_5intron	612	199	116	160
const|mouse|Spna2|ENSMUSG00000057738|2|29843854|29843989|+|dn_exon	266	91	80	48
const|mouse|Spna2|ENSMUSG00000057738|2|29843854|29843989|+|exon	550	163	48	73
const|mouse|Spna2|ENSMUSG00000057738|2|29843854|29843989|+|up_3intron	788	112	179	256
const|mouse|Spna2|ENSMUSG00000057738|2|29843854|29843989|+|up_5intron	577	81	33	28
const|mouse|Spna2|ENSMUSG00000057738|2|29843854|29843989|+|up_exon	216	239	139	129
const|mouse|Spnb2|ENSMUSG00000020315|11|30046739|30046851|-|dn_3intron	3	2	11	1
const|mouse|Spnb2|ENSMUSG00000020315|11|30046739|30046851|-|dn_5intron	652	161	196	301
const|mouse|Spnb2|ENSMUSG00000020315|11|30046739|30046851|-|dn_exon	649	179	132	626
const|mouse|Spnb2|ENSMUSG00000020315|11|30046739|30046851|-|exon	431	77	46	109
const|mouse|Spnb2|ENSMUSG00000020315|11|30046739|30046851|-|up_3intron	1125	153	88	162
const|mouse|Spnb2|ENSMUSG00000020315|11|30046739|30046851|-|up_5intron	470	230	510	514
const|mouse|Spnb2|ENSMUSG00000020315|11|30046739|30046851|-|up_exon	288	83	188	338
const|mouse|Sptlc1|ENSMUSG00000021468|13|53463235|53463328|-|dn_3intron	96	32	115	77
const|mouse|Sptlc1|ENSMUSG00000021468|13|53463235|53463328|-|dn_5intron	25	102	215	174
const|mouse|Sptlc1|ENSMUSG00000021468|13|53463235|53463328|-|dn_exon	656	243	478	1864
const|mouse|Sptlc1|ENSMUSG00000021468|13|53463235|53463328|-|exon	701	185	93	29
const|mouse|Sptlc1|ENSMUSG00000021468|13|53463235|53463328|-|up_3intron	1321	345	191	172
const|mouse|Sptlc1|ENSMUSG00000021468|13|53463235|53463328|-|up_5intron	196	63	59	25
const|mouse|Sptlc1|ENSMUSG00000021468|13|53463235|53463328|-|up_exon	214	70	27	27
const|mouse|Src|ENSMUSG00000027646|2|157284270|157284369|+|up_3intron	383	141	42	57
const|mouse|Src|ENSMUSG00000027646|2|157284270|157284369|+|up_5intron	767	129	113	61
const|mouse|Ssh1|ENSMUSG00000042121|5|114410609|114410674|-|dn_5intron	51	39	55	40
const|mouse|Ssh1|ENSMUSG00000042121|5|114410609|114410674|-|dn_exon	167	151	44	96
const|mouse|Ssh1|ENSMUSG00000042121|5|114410609|114410674|-|exon	253	80	57	21
const|mouse|Ssh1|ENSMUSG00000042121|5|114410609|114410674|-|up_3intron	166	78	30	47
const|mouse|Ssh1|ENSMUSG00000042121|5|114410609|114410674|-|up_5intron	385	121	224	145
const|mouse|Ssh1|ENSMUSG00000042121|5|114410609|114410674|-|up_exon	184	96	45	21
const|mouse|Stab1|ENSMUSG00000042286|14|31962977|31963105|-|dn_3intron	1068	226	80	343
const|mouse|Stab1|ENSMUSG00000042286|14|31962977|31963105|-|dn_5intron	263	145	68	22
const|mouse|Stab1|ENSMUSG00000042286|14|31962977|31963105|-|dn_exon	284	69	25	40
const|mouse|Stab1|ENSMUSG00000042286|14|31962977|31963105|-|exon	573	394	348	273
const|mouse|Stab1|ENSMUSG00000042286|14|31962977|31963105|-|up_3intron	1324	535	1220	996
const|mouse|Stab1|ENSMUSG00000042286|14|31962977|31963105|-|up_5intron	367	108	55	19
const|mouse|Stab1|ENSMUSG00000042286|14|31962977|31963105|-|up_exon	178	193	53	71
const|mouse|Stab1|ENSMUSG00000042286|14|31963985|31964062|-|dn_5intron	619	232	150	135
const|mouse|Stab1|ENSMUSG00000042286|14|31963985|31964062|-|dn_exon	312	164	21	28
const|mouse|Stab1|ENSMUSG00000042286|14|31963985|31964062|-|up_3intron	741	203	174	365
const|mouse|Stab1|ENSMUSG00000042286|14|31963985|31964062|-|up_5intron	425	203	81	51
const|mouse|Stab1|ENSMUSG00000042286|14|31963985|31964062|-|up_exon	130	41	27	10
const|mouse|Stim2|ENSMUSG00000039156|5|54493814|54493926|+|dn_3intron	767	53	196	402
const|mouse|Stim2|ENSMUSG00000039156|5|54493814|54493926|+|dn_5intron	86	16	43	23
const|mouse|Stim2|ENSMUSG00000039156|5|54493814|54493926|+|dn_exon	376	122	38	39
const|mouse|Stim2|ENSMUSG00000039156|5|54493814|54493926|+|exon	914	260	501	565
const|mouse|Stim2|ENSMUSG00000039156|5|54493814|54493926|+|up_3intron	845	353	674	2043
const|mouse|Stim2|ENSMUSG00000039156|5|54493814|54493926|+|up_5intron	303	131	250	134
const|mouse|Stim2|ENSMUSG00000039156|5|54493814|54493926|+|up_exon	498	87	146	223
const|mouse|Stk39|ENSMUSG00000027030|2|68228968|68229027|-|dn_3intron	537	152	122	204
const|mouse|Stk39|ENSMUSG00000027030|2|68228968|68229027|-|dn_5intron	617	87	129	348
const|mouse|Stk39|ENSMUSG00000027030|2|68228968|68229027|-|dn_exon	717	167	83	140
const|mouse|Stk39|ENSMUSG00000027030|2|68228968|68229027|-|exon	452	105	48	58
const|mouse|Stk39|ENSMUSG00000027030|2|68228968|68229027|-|up_3intron	555	133	139	843
const|mouse|Stk39|ENSMUSG00000027030|2|68228968|68229027|-|up_5intron	117	51	12	83
const|mouse|Stk39|ENSMUSG00000027030|2|68228968|68229027|-|up_exon	399	67	27	55
const|mouse|Strbp|ENSMUSG00000026915|2|37482955|37483046|-|dn_3intron	397	83	187	1073
const|mouse|Strbp|ENSMUSG00000026915|2|37482955|37483046|-|dn_5intron	924	174	67	238
const|mouse|Strbp|ENSMUSG00000026915|2|37482955|37483046|-|dn_exon	543	151	406	474
const|mouse|Strbp|ENSMUSG00000026915|2|37482955|37483046|-|exon	408	231	328	698
const|mouse|Strbp|ENSMUSG00000026915|2|37482955|37483046|-|up_3intron	957	161	198	374
const|mouse|Strbp|ENSMUSG00000026915|2|37482955|37483046|-|up_5intron	353	322	810	2751
const|mouse|Strbp|ENSMUSG00000026915|2|37482955|37483046|-|up_exon	676	171	265	334
const|mouse|Syap1|ENSMUSG00000031357|X|159320900|159321018|-|dn_3intron	302	108	194	476
const|mouse|Syap1|ENSMUSG00000031357|X|159320900|159321018|-|dn_5intron	293	81	273	422
const|mouse|Syap1|ENSMUSG00000031357|X|159320900|159321018|-|dn_exon	239	30	32	34
const|mouse|Syap1|ENSMUSG00000031357|X|159320900|159321018|-|exon	249	47	61	60
const|mouse|Syap1|ENSMUSG00000031357|X|159320900|159321018|-|up_3intron	836	236	419	481
const|mouse|Syap1|ENSMUSG00000031357|X|159320900|159321018|-|up_5intron	207	54	87	72
const|mouse|Syne1|ENSMUSG00000019769|10|4925961|4926161|+|deep_dn	1116	245	80	254
const|mouse|Syne1|ENSMUSG00000019769|10|4925961|4926161|+|deep_up	181	43	52	53
const|mouse|Syne1|ENSMUSG00000019769|10|4925961|4926161|+|dn_3intron	327	115	116	331
const|mouse|Syne1|ENSMUSG00000019769|10|4925961|4926161|+|dn_5intron	441	808	1644	236
const|mouse|Syne1|ENSMUSG00000019769|10|4925961|4926161|+|dn_exon	451	113	160	153
const|mouse|Syne1|ENSMUSG00000019769|10|4925961|4926161|+|exon	447	108	26	6
const|mouse|Syne1|ENSMUSG00000019769|10|4925961|4926161|+|up_3intron	577	180	687	1403
const|mouse|Syne1|ENSMUSG00000019769|10|4925961|4926161|+|up_5intron	957	270	446	1475
const|mouse|Syne1|ENSMUSG00000019769|10|4925961|4926161|+|up_exon	191	87	34	66
const|mouse|Syne1|ENSMUSG00000019769|10|4998611|4998719|+|dn_3intron	608	92	75	206
const|mouse|Syne1|ENSMUSG00000019769|10|4998611|4998719|+|dn_5intron	199	49	45	24
const|mouse|Syne1|ENSMUSG00000019769|10|4998611|4998719|+|dn_exon	240	52	53	48
const|mouse|Syne1|ENSMUSG00000019769|10|4998611|4998719|+|exon	634	245	720	665
const|mouse|Syne1|ENSMUSG00000019769|10|4998611|4998719|+|up_3intron	500	178	36	142
const|mouse|Syne1|ENSMUSG00000019769|10|4998611|4998719|+|up_5intron	379	140	43	57
const|mouse|Syne1|ENSMUSG00000019769|10|4998611|4998719|+|up_exon	405	99	28	24
const|mouse|Synj1|ENSMUSG00000022973|16|90960805|90961119|-|dn_5intron	718	568	1279	1688
const|mouse|Synj1|ENSMUSG00000022973|16|90960805|90961119|-|dn_exon	297	84	34	100
const|mouse|Synj1|ENSMUSG00000022973|16|90960805|90961119|-|exon	721	217	187	538
const|mouse|Synj1|ENSMUSG00000022973|16|90960805|90961119|-|up_5intron	281	95	91	206
const|mouse|Synj1|ENSMUSG00000022973|16|90960805|90961119|-|up_exon	375	264	638	1008
const|mouse|Synj2|ENSMUSG00000023805|17|5996815|5996961|+|dn_3intron	342	244	403	261
const|mouse|Synj2|ENSMUSG00000023805|17|5996815|5996961|+|dn_5intron	1153	316	71	339
const|mouse|Synj2|ENSMUSG00000023805|17|5996815|5996961|+|dn_exon	595	165	77	70
const|mouse|Synj2|ENSMUSG00000023805|17|5996815|5996961|+|exon	671	360	45	44
const|mouse|Synj2|ENSMUSG00000023805|17|5996815|5996961|+|up_3intron	431	219	89	73
const|mouse|Synj2|ENSMUSG00000023805|17|5996815|5996961|+|up_exon	318	77	27	31
const|mouse|Szt2|ENSMUSG00000033253|4|118045793|118045909|-|dn_3intron	54	22	60	23
const|mouse|Szt2|ENSMUSG00000033253|4|118045793|118045909|-|dn_5intron	218	179	81	205
const|mouse|Szt2|ENSMUSG00000033253|4|118045793|118045909|-|dn_exon	763	464	313	480
const|mouse|Szt2|ENSMUSG00000033253|4|118045793|118045909|-|up_5intron	493	334	159	112
const|mouse|Szt2|ENSMUSG00000033253|4|118045793|118045909|-|up_exon	211	105	29	9
const|mouse|Tbc1d1|ENSMUSG00000029174|5|64655534|64655697|+|dn_5intron	532	222	96	128
const|mouse|Tbc1d1|ENSMUSG00000029174|5|64655534|64655697|+|dn_exon	301	114	57	132
const|mouse|Tbc1d1|ENSMUSG00000029174|5|64655534|64655697|+|exon	329	83	47	98
const|mouse|Tbc1d1|ENSMUSG00000029174|5|64655534|64655697|+|up_3intron	265	41	69	144
const|mouse|Tbc1d1|ENSMUSG00000029174|5|64655534|64655697|+|up_5intron	720	137	93	504
const|mouse|Tbc1d1|ENSMUSG00000029174|5|64655534|64655697|+|up_exon	436	101	317	343
const|mouse|Tbcd|ENSMUSG00000039230|11|121355073|121355205|+|dn_3intron	589	128	168	455
const|mouse|Tbcd|ENSMUSG00000039230|11|121355073|121355205|+|dn_5intron	333	225	1269	1046
const|mouse|Tbcd|ENSMUSG00000039230|11|121355073|121355205|+|dn_exon	292	415	437	230
const|mouse|Tbcd|ENSMUSG00000039230|11|121355073|121355205|+|exon	464	162	10	8
const|mouse|Tbcd|ENSMUSG00000039230|11|121355073|121355205|+|up_3intron	948	394	520	490
const|mouse|Tbcd|ENSMUSG00000039230|11|121355073|121355205|+|up_5intron	1250	133	100	247
const|mouse|Tbcd|ENSMUSG00000039230|11|121355073|121355205|+|up_exon	1010	192	467	707
const|mouse|Tbcd|ENSMUSG00000039230|11|121361350|121361424|+|dn_3intron	260	14	34	53
const|mouse|Tbcd|ENSMUSG00000039230|11|121361350|121361424|+|dn_5intron	1084	225	294	742
const|mouse|Tbcd|ENSMUSG00000039230|11|121361350|121361424|+|dn_exon	93	668	1106	40
const|mouse|Tbcd|ENSMUSG00000039230|11|121361350|121361424|+|exon	636	144	184	249
const|mouse|Tbcd|ENSMUSG00000039230|11|121361350|121361424|+|up_3intron	490	243	151	395
const|mouse|Tbcd|ENSMUSG00000039230|11|121361350|121361424|+|up_5intron	520	126	214	163
const|mouse|Tbcd|ENSMUSG00000039230|11|121361350|121361424|+|up_exon	331	204	18	31
const|mouse|Tbcel|ENSMUSG00000037287|9|42258002|42258146|-|dn_3intron	106	669	213	15
const|mouse|Tbcel|ENSMUSG00000037287|9|42258002|42258146|-|dn_5intron	182	2465	8272	680
const|mouse|Tbcel|ENSMUSG00000037287|9|42258002|42258146|-|dn_exon	460	128	163	224
const|mouse|Tbcel|ENSMUSG00000037287|9|42258002|42258146|-|exon	315	98	50	110
const|mouse|Tbcel|ENSMUSG00000037287|9|42258002|42258146|-|up_3intron	280	170	304	156
const|mouse|Tbcel|ENSMUSG00000037287|9|42258002|42258146|-|up_5intron	134	210	219	645
const|mouse|Tbcel|ENSMUSG00000037287|9|42258002|42258146|-|up_exon	482	97	43	17
const|mouse|Tdrd3|ENSMUSG00000022019|14|87874342|87874647|+|dn_3intron	520	370	2325	2413
const|mouse|Tdrd3|ENSMUSG00000022019|14|87874342|87874647|+|dn_5intron	269	48	24	15
const|mouse|Tdrd3|ENSMUSG00000022019|14|87874342|87874647|+|dn_exon	648	100	35	78
const|mouse|Tdrd3|ENSMUSG00000022019|14|87874342|87874647|+|exon	410	195	176	923
const|mouse|Tdrd3|ENSMUSG00000022019|14|87874342|87874647|+|up_3intron	1421	223	616	2290
const|mouse|Tdrd3|ENSMUSG00000022019|14|87874342|87874647|+|up_5intron	669	226	601	528
const|mouse|Tdrd3|ENSMUSG00000022019|14|87874342|87874647|+|up_exon	679	191	118	167
const|mouse|Thoc4|ENSMUSG00000025134|11|120456566|120456632|-|dn_5intron	335	180	63	140
const|mouse|Thoc4|ENSMUSG00000025134|11|120456566|120456632|-|dn_exon	49	29	39	18
const|mouse|Thoc4|ENSMUSG00000025134|11|120456566|120456632|-|up_3intron	360	199	83	37
const|mouse|Thoc4|ENSMUSG00000025134|11|120456566|120456632|-|up_5intron	950	288	57	74
const|mouse|Thoc4|ENSMUSG00000025134|11|120456566|120456632|-|up_exon	369	410	447	446
const|mouse|Tiam2|ENSMUSG00000023800|17|3477175|3477280|+|deep_dn	214	548	88	91
const|mouse|Tiam2|ENSMUSG00000023800|17|3477175|3477280|+|deep_up	719	171	218	270
const|mouse|Tiam2|ENSMUSG00000023800|17|3477175|3477280|+|dn_3intron	109	17	92	72
const|mouse|Tiam2|ENSMUSG00000023800|17|3477175|3477280|+|dn_5intron	275	104	16	34
const|mouse|Tiam2|ENSMUSG00000023800|17|3477175|3477280|+|dn_exon	336	194	301	225
const|mouse|Tiam2|ENSMUSG00000023800|17|3477175|3477280|+|exon	528	544	306	173
const|mouse|Tiam2|ENSMUSG00000023800|17|3477175|3477280|+|up_3intron	1004	444	516	895
const|mouse|Tiam2|ENSMUSG00000023800|17|3477175|3477280|+|up_5intron	173	93	225	135
const|mouse|Tiam2|ENSMUSG00000023800|17|3477175|3477280|+|utr	413	85	245	312
const|mouse|Timm44|ENSMUSG00000002949|8|4260414|4260930|-|dn_3intron	493	249	215	281
const|mouse|Timm44|ENSMUSG00000002949|8|4260414|4260930|-|dn_exon	782	321	223	123
const|mouse|Timm44|ENSMUSG00000002949|8|4260414|4260930|-|exon	65	394	441	74
const|mouse|Timm44|ENSMUSG00000002949|8|4260414|4260930|-|up_3intron	234	301	69	47
const|mouse|Timm44|ENSMUSG00000002949|8|4260414|4260930|-|up_5intron	330	81	64	40
const|mouse|Timm44|ENSMUSG00000002949|8|4260414|4260930|-|up_exon	214	280	22	39
const|mouse|Timm44|ENSMUSG00000002949|8|4260414|4260930|-|utr	660	353	444	867
const|mouse|Tjp2|ENSMUSG00000024812|19|24199058|24199211|-|dn_3intron	580	180	247	498
const|mouse|Tjp2|ENSMUSG00000024812|19|24199058|24199211|-|dn_5intron	438	99	201	349
const|mouse|Tjp2|ENSMUSG00000024812|19|24199058|24199211|-|dn_exon	230	91	16	23
const|mouse|Tjp2|ENSMUSG00000024812|19|24199058|24199211|-|exon	264	72	88	183
const|mouse|Tjp2|ENSMUSG00000024812|19|24199058|24199211|-|up_3intron	234	208	37	35
const|mouse|Tjp2|ENSMUSG00000024812|19|24199058|24199211|-|up_5intron	348	298	126	75
const|mouse|Tjp2|ENSMUSG00000024812|19|24199058|24199211|-|up_exon	266	55	43	77
const|mouse|Tlk1|ENSMUSG00000041997|2|70554669|70554779|-|dn_3intron	215	42	68	77
const|mouse|Tlk1|ENSMUSG00000041997|2|70554669|70554779|-|dn_5intron	594	296	61	71
const|mouse|Tlk1|ENSMUSG00000041997|2|70554669|70554779|-|dn_exon	1192	205	64	167
const|mouse|Tlk1|ENSMUSG00000041997|2|70554669|70554779|-|exon	385	59	28	26
const|mouse|Tlk1|ENSMUSG00000041997|2|70554669|70554779|-|up_3intron	376	82	146	249
const|mouse|Tlk1|ENSMUSG00000041997|2|70554669|70554779|-|up_5intron	181	57	31	39
const|mouse|Tlk1|ENSMUSG00000041997|2|70554669|70554779|-|up_exon	573	169	119	154
const|mouse|Tlk2|ENSMUSG00000020694|11|105116280|105116377|+|dn_3intron	289	194	377	636
const|mouse|Tlk2|ENSMUSG00000020694|11|105116280|105116377|+|dn_5intron	63	8	18	95
const|mouse|Tlk2|ENSMUSG00000020694|11|105116280|105116377|+|dn_exon	176	68	34	107
const|mouse|Tlk2|ENSMUSG00000020694|11|105116280|105116377|+|exon	113	92	101	53
const|mouse|Tlk2|ENSMUSG00000020694|11|105116280|105116377|+|up_3intron	529	153	288	513
const|mouse|Tlk2|ENSMUSG00000020694|11|105116280|105116377|+|up_5intron	211	59	81	120
const|mouse|Tlk2|ENSMUSG00000020694|11|105116280|105116377|+|up_exon	529	34	33	47
const|mouse|Tln2|ENSMUSG00000052698|9|67223535|67223647|-|dn_3intron	370	84	14	18
const|mouse|Tln2|ENSMUSG00000052698|9|67223535|67223647|-|dn_5intron	419	75	41	32
const|mouse|Tln2|ENSMUSG00000052698|9|67223535|67223647|-|dn_exon	449	569	232	184
const|mouse|Tln2|ENSMUSG00000052698|9|67223535|67223647|-|exon	437	114	166	227
const|mouse|Tln2|ENSMUSG00000052698|9|67223535|67223647|-|up_3intron	51	64	16	16
const|mouse|Tln2|ENSMUSG00000052698|9|67223535|67223647|-|up_5intron	914	229	88	149
const|mouse|Tln2|ENSMUSG00000052698|9|67223535|67223647|-|up_exon	249	132	135	168
const|mouse|Tm2d2|ENSMUSG00000031556|8|26128522|26128625|+|dn_3intron	1072	228	332	726
const|mouse|Tm2d2|ENSMUSG00000031556|8|26128522|26128625|+|dn_5intron	20	11	49	56
const|mouse|Tm2d2|ENSMUSG00000031556|8|26128522|26128625|+|dn_exon	285	87	5	28
const|mouse|Tm2d2|ENSMUSG00000031556|8|26128522|26128625|+|exon	515	232	139	313
const|mouse|Tm2d2|ENSMUSG00000031556|8|26128522|26128625|+|up_3intron	236	39	110	143
const|mouse|Tm2d2|ENSMUSG00000031556|8|26128522|26128625|+|up_5intron	414	203	450	240
const|mouse|Tm2d2|ENSMUSG00000031556|8|26128522|26128625|+|up_exon	613	248	31	17
const|mouse|Tm6sf1|ENSMUSG00000038623|7|89010133|89010230|+|dn_3intron	250	78	134	55
const|mouse|Tm6sf1|ENSMUSG00000038623|7|89010133|89010230|+|dn_5intron	226	44	38	38
const|mouse|Tm6sf1|ENSMUSG00000038623|7|89010133|89010230|+|dn_exon	327	125	204	181
const|mouse|Tm6sf1|ENSMUSG00000038623|7|89010133|89010230|+|exon	1029	301	610	1026
const|mouse|Tm6sf1|ENSMUSG00000038623|7|89010133|89010230|+|up_3intron	804	398	109	223
const|mouse|Tm6sf1|ENSMUSG00000038623|7|89010133|89010230|+|up_5intron	174	156	48	71
const|mouse|Tm6sf1|ENSMUSG00000038623|7|89010133|89010230|+|up_exon	1145	535	161	161
const|mouse|Tmem131|ENSMUSG00000026116|1|36869402|36869565|-|dn_3intron	834	82	336	1080
const|mouse|Tmem131|ENSMUSG00000026116|1|36869402|36869565|-|dn_5intron	348	51	22	44
const|mouse|Tmem131|ENSMUSG00000026116|1|36869402|36869565|-|dn_exon	490	98	184	153
const|mouse|Tmem131|ENSMUSG00000026116|1|36869402|36869565|-|exon	219	84	34	26
const|mouse|Tmem131|ENSMUSG00000026116|1|36869402|36869565|-|up_3intron	196	73	88	18
const|mouse|Tmem131|ENSMUSG00000026116|1|36869402|36869565|-|up_5intron	274	129	175	486
const|mouse|Tmem131|ENSMUSG00000026116|1|36869402|36869565|-|up_exon	202	9	26	87
const|mouse|Tmem131|ENSMUSG00000026116|1|36869402|36869565|-|utr	601	267	433	1304
const|mouse|Tnc|ENSMUSG00000028364|4|63681178|63681760|-|dn_3intron	492	315	71	78
const|mouse|Tnc|ENSMUSG00000028364|4|63681178|63681760|-|dn_5intron	612	106	126	87
const|mouse|Tnc|ENSMUSG00000028364|4|63681178|63681760|-|dn_exon	520	140	26	20
const|mouse|Tnc|ENSMUSG00000028364|4|63681178|63681760|-|exon	236	165	85	107
const|mouse|Tnc|ENSMUSG00000028364|4|63681178|63681760|-|up_3intron	41	113	63	56
const|mouse|Tnc|ENSMUSG00000028364|4|63681178|63681760|-|up_5intron	317	149	6	27
const|mouse|Tnc|ENSMUSG00000028364|4|63681178|63681760|-|up_exon	867	255	262	118
const|mouse|Trim25|ENSMUSG00000000275|11|88874790|88875009|+|dn_3intron	259	695	3250	1065
const|mouse|Trim25|ENSMUSG00000000275|11|88874790|88875009|+|dn_5intron	753	3694	3311	1333
const|mouse|Trim25|ENSMUSG00000000275|11|88874790|88875009|+|dn_exon	1299	476	231	661
const|mouse|Trim25|ENSMUSG00000000275|11|88874790|88875009|+|exon	264	1184	2046	260
const|mouse|Trim25|ENSMUSG00000000275|11|88874790|88875009|+|up_3intron	363	135	173	115
const|mouse|Trim25|ENSMUSG00000000275|11|88874790|88875009|+|up_5intron	709	198	79	130
const|mouse|Trim25|ENSMUSG00000000275|11|88874790|88875009|+|up_exon	866	218	242	432
const|mouse|Trpm2|ENSMUSG00000009292|10|77401072|77401193|-|dn_3intron	1735	502	41	95
const|mouse|Trpm2|ENSMUSG00000009292|10|77401072|77401193|-|dn_exon	448	178	128	333
const|mouse|Trpm2|ENSMUSG00000009292|10|77401072|77401193|-|exon	196	161	57	116
const|mouse|Trpm2|ENSMUSG00000009292|10|77401072|77401193|-|up_3intron	663	141	107	200
const|mouse|Trpm2|ENSMUSG00000009292|10|77401072|77401193|-|up_5intron	135	41	12	51
const|mouse|Trpm2|ENSMUSG00000009292|10|77401072|77401193|-|up_exon	202	63	56	106
const|mouse|Trpm6|ENSMUSG00000024727|19|18858264|18858388|+|dn_3intron	223	42	65	97
const|mouse|Trpm6|ENSMUSG00000024727|19|18858264|18858388|+|dn_5intron	730	88	67	92
const|mouse|Trpm6|ENSMUSG00000024727|19|18858264|18858388|+|dn_exon	583	117	105	199
const|mouse|Trpm6|ENSMUSG00000024727|19|18858264|18858388|+|exon	713	850	2171	808
const|mouse|Trpm6|ENSMUSG00000024727|19|18858264|18858388|+|up_3intron	339	144	809	1290
const|mouse|Trpm6|ENSMUSG00000024727|19|18858264|18858388|+|up_5intron	547	215	191	295
const|mouse|Trpm6|ENSMUSG00000024727|19|18858264|18858388|+|up_exon	1001	482	120	258
const|mouse|Trpm7|ENSMUSG00000027365|2|126663071|126663215|-|dn_3intron	320	130	82	471
const|mouse|Trpm7|ENSMUSG00000027365|2|126663071|126663215|-|dn_5intron	247	70	11	23
const|mouse|Trpm7|ENSMUSG00000027365|2|126663071|126663215|-|dn_exon	488	183	411	528
const|mouse|Trpm7|ENSMUSG00000027365|2|126663071|126663215|-|exon	895	244	500	2046
const|mouse|Trpm7|ENSMUSG00000027365|2|126663071|126663215|-|up_3intron	280	62	34	41
const|mouse|Trpm7|ENSMUSG00000027365|2|126663071|126663215|-|up_5intron	638	212	95	377
const|mouse|Trpm7|ENSMUSG00000027365|2|126663071|126663215|-|up_exon	280	71	161	261
const|mouse|Trpm7|ENSMUSG00000027365|2|126670036|126670210|-|dn_3intron	46	52	42	53
const|mouse|Trpm7|ENSMUSG00000027365|2|126670036|126670210|-|dn_5intron	1291	312	508	1774
const|mouse|Trpm7|ENSMUSG00000027365|2|126670036|126670210|-|dn_exon	60	41	90	144
const|mouse|Trpm7|ENSMUSG00000027365|2|126670036|126670210|-|exon	245	104	151	136
const|mouse|Trpm7|ENSMUSG00000027365|2|126670036|126670210|-|up_3intron	161	33	28	23
const|mouse|Trpm7|ENSMUSG00000027365|2|126670036|126670210|-|up_5intron	351	220	1117	727
const|mouse|Trpm7|ENSMUSG00000027365|2|126670036|126670210|-|up_exon	171	28	119	280
const|mouse|Tsc2|ENSMUSG00000002496|17|24758005|24758108|-|dn_3intron	334	113	117	68
const|mouse|Tsc2|ENSMUSG00000002496|17|24758005|24758108|-|dn_5intron	773	269	168	80
const|mouse|Tsc2|ENSMUSG00000002496|17|24758005|24758108|-|dn_exon	464	301	113	194
const|mouse|Tsc2|ENSMUSG00000002496|17|24758005|24758108|-|exon	267	136	73	111
const|mouse|Tsc2|ENSMUSG00000002496|17|24758005|24758108|-|up_3intron	92	22	12	23
const|mouse|Tsc2|ENSMUSG00000002496|17|24758005|24758108|-|up_5intron	484	178	20	27
const|mouse|Tsc2|ENSMUSG00000002496|17|24758005|24758108|-|up_exon	351	106	140	255
const|mouse|Ttc15|ENSMUSG00000020628|12|29376624|29376713|-|dn_3intron	932	196	209	145
const|mouse|Ttc15|ENSMUSG00000020628|12|29376624|29376713|-|dn_exon	619	336	380	2905
const|mouse|Ttc15|ENSMUSG00000020628|12|29376624|29376713|-|exon	451	135	82	49
const|mouse|Ttc15|ENSMUSG00000020628|12|29376624|29376713|-|up_3intron	1800	296	230	425
const|mouse|Ttc15|ENSMUSG00000020628|12|29376624|29376713|-|up_5intron	162	449	792	488
const|mouse|Ttc15|ENSMUSG00000020628|12|29376624|29376713|-|up_exon	982	233	59	118
const|mouse|Ttc27|ENSMUSG00000024078|17|75120861|75120990|+|deep_up	435	310	362	2606
const|mouse|Ttc27|ENSMUSG00000024078|17|75120861|75120990|+|dn_3intron	985	327	918	1920
const|mouse|Ttc27|ENSMUSG00000024078|17|75120861|75120990|+|dn_5intron	28	8	14	73
const|mouse|Ttc27|ENSMUSG00000024078|17|75120861|75120990|+|dn_exon	2646	382	200	516
const|mouse|Ttc27|ENSMUSG00000024078|17|75120861|75120990|+|exon	952	272	256	271
const|mouse|Ttc27|ENSMUSG00000024078|17|75120861|75120990|+|up_3intron	28	8	11	10
const|mouse|Ttc27|ENSMUSG00000024078|17|75120861|75120990|+|up_5intron	80	26	27	32
const|mouse|Ttc27|ENSMUSG00000024078|17|75120861|75120990|+|up_exon	364	112	29	50
const|mouse|Tubgcp4|ENSMUSG00000027263|2|121021146|121021262|+|dn_3intron	382	98	47	60
const|mouse|Tubgcp4|ENSMUSG00000027263|2|121021146|121021262|+|dn_5intron	95	36	36	11
const|mouse|Tubgcp4|ENSMUSG00000027263|2|121021146|121021262|+|dn_exon	827	204	12	45
const|mouse|Tubgcp4|ENSMUSG00000027263|2|121021146|121021262|+|exon	311	265	184	560
const|mouse|Tubgcp4|ENSMUSG00000027263|2|121021146|121021262|+|up_3intron	409	89	109	173
const|mouse|Tubgcp4|ENSMUSG00000027263|2|121021146|121021262|+|up_5intron	78	102	34	51
const|mouse|Tubgcp4|ENSMUSG00000027263|2|121021146|121021262|+|up_exon	1148	394	504	862
const|mouse|Txndc5|ENSMUSG00000038991|13|38596593|38597886|-|dn_3intron	820	206	138	108
const|mouse|Txndc5|ENSMUSG00000038991|13|38596593|38597886|-|dn_5intron	390	300	186	299
const|mouse|Txndc5|ENSMUSG00000038991|13|38596593|38597886|-|dn_exon	300	102	61	40
const|mouse|Txndc5|ENSMUSG00000038991|13|38596593|38597886|-|exon	866	358	835	1865
const|mouse|Txndc5|ENSMUSG00000038991|13|38596593|38597886|-|up_3intron	226	61	82	32
const|mouse|Txndc5|ENSMUSG00000038991|13|38596593|38597886|-|up_5intron	513	314	536	1491
const|mouse|Txndc5|ENSMUSG00000038991|13|38596593|38597886|-|up_exon	126	78	79	79
const|mouse|Ubr1|ENSMUSG00000027272|2|120718804|120718952|-|dn_3intron	118	86	268	268
const|mouse|Ubr1|ENSMUSG00000027272|2|120718804|120718952|-|dn_5intron	342	74	65	75
const|mouse|Ubr1|ENSMUSG00000027272|2|120718804|120718952|-|dn_exon	340	65	66	135
const|mouse|Ubr1|ENSMUSG00000027272|2|120718804|120718952|-|exon	451	167	34	25
const|mouse|Ubr1|ENSMUSG00000027272|2|120718804|120718952|-|up_3intron	458	131	74	179
const|mouse|Ubr1|ENSMUSG00000027272|2|120718804|120718952|-|up_5intron	105	65	19	35
const|mouse|Ubr1|ENSMUSG00000027272|2|120718804|120718952|-|up_exon	491	191	203	395
const|mouse|Uso1|ENSMUSG00000029407|5|92609566|92609656|+|dn_3intron	2138	1003	740	2503
const|mouse|Uso1|ENSMUSG00000029407|5|92609566|92609656|+|dn_exon	946	215	21	49
const|mouse|Uso1|ENSMUSG00000029407|5|92609566|92609656|+|exon	372	122	114	314
const|mouse|Uso1|ENSMUSG00000029407|5|92609566|92609656|+|up_3intron	612	114	131	191
const|mouse|Uso1|ENSMUSG00000029407|5|92609566|92609656|+|up_5intron	205	49	203	82
const|mouse|Uso1|ENSMUSG00000029407|5|92609566|92609656|+|up_exon	758	205	87	92
const|mouse|Usp34|ENSMUSG00000056342|11|23332246|23332392|+|dn_exon	223	33	103	921
const|mouse|Usp34|ENSMUSG00000056342|11|23332246|23332392|+|exon	186	29	40	27
const|mouse|Usp34|ENSMUSG00000056342|11|23332246|23332392|+|up_3intron	1309	392	1011	2279
const|mouse|Usp34|ENSMUSG00000056342|11|23332246|23332392|+|up_5intron	496	89	57	127
const|mouse|Usp34|ENSMUSG00000056342|11|23332246|23332392|+|up_exon	432	59	94	132
const|mouse|Usp47|ENSMUSG00000059263|7|119225944|119226075|+|dn_3intron	101	23	21	46
const|mouse|Usp47|ENSMUSG00000059263|7|119225944|119226075|+|dn_5intron	731	168	90	156
const|mouse|Usp47|ENSMUSG00000059263|7|119225944|119226075|+|dn_exon	184	72	49	157
const|mouse|Usp47|ENSMUSG00000059263|7|119225944|119226075|+|exon	321	233	170	361
const|mouse|Usp47|ENSMUSG00000059263|7|119225944|119226075|+|up_3intron	59	124	113	142
const|mouse|Usp47|ENSMUSG00000059263|7|119225944|119226075|+|up_5intron	503	596	2159	1723
const|mouse|Usp47|ENSMUSG00000059263|7|119225944|119226075|+|up_exon	846	127	176	424
const|mouse|Uxs1|ENSMUSG00000057363|1|43831662|43831721|-|deep_dn	1015	193	218	784
const|mouse|Uxs1|ENSMUSG00000057363|1|43831662|43831721|-|deep_up	279	288	217	122
const|mouse|Uxs1|ENSMUSG00000057363|1|43831662|43831721|-|dn_3intron	443	603	637	276
const|mouse|Uxs1|ENSMUSG00000057363|1|43831662|43831721|-|dn_5intron	505	256	1854	517
const|mouse|Uxs1|ENSMUSG00000057363|1|43831662|43831721|-|dn_exon	445	174	49	148
const|mouse|Uxs1|ENSMUSG00000057363|1|43831662|43831721|-|exon	151	96	20	31
const|mouse|Uxs1|ENSMUSG00000057363|1|43831662|43831721|-|up_3intron	230	56	53	57
const|mouse|Uxs1|ENSMUSG00000057363|1|43831662|43831721|-|up_5intron	621	124	208	402
const|mouse|Vipar|ENSMUSG00000021038|12|88597430|88597501|-|dn_3intron	356	91	73	105
const|mouse|Vipar|ENSMUSG00000021038|12|88597430|88597501|-|dn_5intron	255	297	3468	805
const|mouse|Vipar|ENSMUSG00000021038|12|88597430|88597501|-|dn_exon	31	9	3	7
const|mouse|Vipar|ENSMUSG00000021038|12|88597430|88597501|-|exon	235	85	61	18
const|mouse|Vipar|ENSMUSG00000021038|12|88597430|88597501|-|up_3intron	219	52	74	106
const|mouse|Vipar|ENSMUSG00000021038|12|88597430|88597501|-|up_5intron	356	248	848	117
const|mouse|Vipar|ENSMUSG00000021038|12|88597430|88597501|-|up_exon	743	369	713	497
const|mouse|Vps13a|ENSMUSG00000046230|19|16816929|16817058|-|dn_3intron	48	45	208	53
const|mouse|Vps13a|ENSMUSG00000046230|19|16816929|16817058|-|dn_5intron	353	10	28	125
const|mouse|Vps13a|ENSMUSG00000046230|19|16816929|16817058|-|dn_exon	152	61	24	36
const|mouse|Vps13a|ENSMUSG00000046230|19|16816929|16817058|-|exon	404	67	41	184
const|mouse|Vps13a|ENSMUSG00000046230|19|16816929|16817058|-|up_3intron	100	6	6	52
const|mouse|Vps13c|ENSMUSG00000035284|9|67737394|67737619|+|dn_3intron	832	143	228	465
const|mouse|Vps13c|ENSMUSG00000035284|9|67737394|67737619|+|dn_5intron	473	175	209	184
const|mouse|Vps13c|ENSMUSG00000035284|9|67737394|67737619|+|dn_exon	412	192	20	26
const|mouse|Vps13c|ENSMUSG00000035284|9|67737394|67737619|+|exon	484	83	71	160
const|mouse|Vps13c|ENSMUSG00000035284|9|67737394|67737619|+|up_3intron	369	92	97	335
const|mouse|Vps13c|ENSMUSG00000035284|9|67737394|67737619|+|up_5intron	628	135	139	259
const|mouse|Vps13c|ENSMUSG00000035284|9|67737394|67737619|+|up_exon	107	18	18	65
const|mouse|Vps54|ENSMUSG00000020128|11|21175001|21175132|+|dn_3intron	236	45	13	20
const|mouse|Vps54|ENSMUSG00000020128|11|21175001|21175132|+|dn_5intron	531	183	146	807
const|mouse|Vps54|ENSMUSG00000020128|11|21175001|21175132|+|dn_exon	191	69	33	43
const|mouse|Vps54|ENSMUSG00000020128|11|21175001|21175132|+|exon	779	164	62	88
const|mouse|Vps54|ENSMUSG00000020128|11|21175001|21175132|+|up_3intron	353	83	234	802
const|mouse|Vps54|ENSMUSG00000020128|11|21175001|21175132|+|up_5intron	45	5	1	30
const|mouse|Vps54|ENSMUSG00000020128|11|21175001|21175132|+|up_exon	434	121	136	81
const|mouse|Vrk1|ENSMUSG00000021115|12|107300840|107301018|+|dn_3intron	688	231	471	3660
const|mouse|Vrk1|ENSMUSG00000021115|12|107300840|107301018|+|dn_5intron	607	138	122	88
const|mouse|Vrk1|ENSMUSG00000021115|12|107300840|107301018|+|dn_exon	389	156	91	93
const|mouse|Vrk1|ENSMUSG00000021115|12|107300840|107301018|+|exon	216	60	38	20
const|mouse|Vrk1|ENSMUSG00000021115|12|107300840|107301018|+|up_3intron	298	149	352	921
const|mouse|Vrk1|ENSMUSG00000021115|12|107300840|107301018|+|up_5intron	233	221	935	69
const|mouse|Vrk1|ENSMUSG00000021115|12|107300840|107301018|+|up_exon	520	168	65	102
const|mouse|Wdfy3|ENSMUSG00000043940|5|102336468|102336629|-|dn_3intron	398	67	23	53
const|mouse|Wdfy3|ENSMUSG00000043940|5|102336468|102336629|-|dn_5intron	337	271	979	174
const|mouse|Wdfy3|ENSMUSG00000043940|5|102336468|102336629|-|dn_exon	698	190	286	383
const|mouse|Wdfy3|ENSMUSG00000043940|5|102336468|102336629|-|exon	444	330	59	168
const|mouse|Wdfy3|ENSMUSG00000043940|5|102336468|102336629|-|up_3intron	734	162	25	72
const|mouse|Wdfy3|ENSMUSG00000043940|5|102336468|102336629|-|up_5intron	355	89	39	39
const|mouse|Wdr19|ENSMUSG00000037890|5|65637035|65637969|+|dn_3intron	137	93	35	30
const|mouse|Wdr19|ENSMUSG00000037890|5|65637035|65637969|+|dn_5intron	1670	475	329	655
const|mouse|Wdr19|ENSMUSG00000037890|5|65637035|65637969|+|dn_exon	532	62	30	39
const|mouse|Wdr19|ENSMUSG00000037890|5|65637035|65637969|+|exon	742	132	81	75
const|mouse|Wdr19|ENSMUSG00000037890|5|65637035|65637969|+|up_3intron	193	178	159	645
const|mouse|Wdr19|ENSMUSG00000037890|5|65637035|65637969|+|up_5intron	396	123	241	475
const|mouse|Wdr19|ENSMUSG00000037890|5|65637035|65637969|+|up_exon	599	142	171	225
const|mouse|Wdr19|ENSMUSG00000037890|5|65637035|65637969|+|utr	237	81	46	100
const|mouse|Wdr3|ENSMUSG00000033285|3|99963689|99963898|-|dn_3intron	790	116	68	191
const|mouse|Wdr3|ENSMUSG00000033285|3|99963689|99963898|-|dn_5intron	240	107	37	44
const|mouse|Wdr3|ENSMUSG00000033285|3|99963689|99963898|-|dn_exon	729	127	194	599
const|mouse|Wdr3|ENSMUSG00000033285|3|99963689|99963898|-|exon	1494	361	63	60
const|mouse|Wdr3|ENSMUSG00000033285|3|99963689|99963898|-|up_3intron	1489	1286	32605	4849
const|mouse|Wdr3|ENSMUSG00000033285|3|99963689|99963898|-|up_5intron	240	89	35	46
const|mouse|Wdr3|ENSMUSG00000033285|3|99963689|99963898|-|up_exon	1506	230	437	1093
const|mouse|Wdr60|ENSMUSG00000042050|12|117468021|117468183|-|dn_3intron	434	440	2580	2437
const|mouse|Wdr60|ENSMUSG00000042050|12|117468021|117468183|-|dn_5intron	289	42	21	21
const|mouse|Wdr60|ENSMUSG00000042050|12|117468021|117468183|-|dn_exon	1080	230	501	2861
const|mouse|Wdr60|ENSMUSG00000042050|12|117468021|117468183|-|exon	221	46	6	14
const|mouse|Wdr60|ENSMUSG00000042050|12|117468021|117468183|-|up_3intron	571	91	49	159
const|mouse|Wdr60|ENSMUSG00000042050|12|117468021|117468183|-|up_5intron	379	111	14	92
const|mouse|Wdr60|ENSMUSG00000042050|12|117468021|117468183|-|up_exon	662	148	88	118
const|mouse|Wdr60|ENSMUSG00000042050|12|117468021|117468183|-|utr	438	111	44	14
const|mouse|Wipf2|ENSMUSG00000038013|11|98752810|98752926|+|dn_3intron	117	55	110	61
const|mouse|Wipf2|ENSMUSG00000038013|11|98752810|98752926|+|dn_exon	36	30	25	53
const|mouse|Wipf2|ENSMUSG00000038013|11|98752810|98752926|+|exon	133	103	54	30
const|mouse|Wipf2|ENSMUSG00000038013|11|98752810|98752926|+|up_3intron	734	204	525	613
const|mouse|Wipf2|ENSMUSG00000038013|11|98752810|98752926|+|up_5intron	935	151	69	79
const|mouse|Wipf2|ENSMUSG00000038013|11|98752810|98752926|+|up_exon	256	63	22	34
const|mouse|Wwc2|ENSMUSG00000031563|8|49005943|49006052|-|dn_3intron	858	158	277	1760
const|mouse|Wwc2|ENSMUSG00000031563|8|49005943|49006052|-|dn_5intron	401	163	124	507
const|mouse|Wwc2|ENSMUSG00000031563|8|49005943|49006052|-|dn_exon	1128	2750	4706	4753
const|mouse|Wwc2|ENSMUSG00000031563|8|49005943|49006052|-|exon	166	168	40	63
const|mouse|Wwc2|ENSMUSG00000031563|8|49005943|49006052|-|up_3intron	432	124	54	123
const|mouse|Wwc2|ENSMUSG00000031563|8|49005943|49006052|-|up_5intron	126	34	38	81
const|mouse|Wwc2|ENSMUSG00000031563|8|49005943|49006052|-|up_exon	99	36	45	68
const|mouse|Wwp1|ENSMUSG00000041058|4|19567342|19567428|-|dn_5intron	306	100	43	91
const|mouse|Wwp1|ENSMUSG00000041058|4|19567342|19567428|-|dn_exon	169	82	55	55
const|mouse|Wwp1|ENSMUSG00000041058|4|19567342|19567428|-|exon	375	75	73	44
const|mouse|Wwp2|ENSMUSG00000031930|8|110077688|110078002|+|dn_3intron	309	186	61	35
const|mouse|Wwp2|ENSMUSG00000031930|8|110077688|110078002|+|dn_5intron	348	201	204	142
const|mouse|Wwp2|ENSMUSG00000031930|8|110077688|110078002|+|dn_exon	188	122	205	155
const|mouse|Wwp2|ENSMUSG00000031930|8|110077688|110078002|+|exon	455	145	60	62
const|mouse|Wwp2|ENSMUSG00000031930|8|110077688|110078002|+|up_3intron	59	39	11	78
const|mouse|Wwp2|ENSMUSG00000031930|8|110077688|110078002|+|up_5intron	445	109	20	35
const|mouse|Wwp2|ENSMUSG00000031930|8|110077688|110078002|+|up_exon	400	142	101	128
const|mouse|Xylb|ENSMUSG00000035769|9|119287362|119287443|+|dn_3intron	250	247	76	89
const|mouse|Xylb|ENSMUSG00000035769|9|119287362|119287443|+|dn_5intron	29	15	21	17
const|mouse|Xylb|ENSMUSG00000035769|9|119287362|119287443|+|dn_exon	2	34	11	1
const|mouse|Xylb|ENSMUSG00000035769|9|119287362|119287443|+|exon	845	157	49	33
const|mouse|Xylb|ENSMUSG00000035769|9|119287362|119287443|+|up_3intron	175	136	53	54
const|mouse|Xylb|ENSMUSG00000035769|9|119287362|119287443|+|up_5intron	9	4	4	6
const|mouse|Xylb|ENSMUSG00000035769|9|119287362|119287443|+|up_exon	640	208	121	118
const|mouse|Zap70|ENSMUSG00000026117|1|36828634|36828794|+|dn_3intron	1841	527	571	1291
const|mouse|Zap70|ENSMUSG00000026117|1|36828634|36828794|+|dn_5intron	57	87	391	22
const|mouse|Zap70|ENSMUSG00000026117|1|36828634|36828794|+|dn_exon	176	198	82	259
const|mouse|Zap70|ENSMUSG00000026117|1|36828634|36828794|+|exon	134	88	28	37
const|mouse|Zap70|ENSMUSG00000026117|1|36828634|36828794|+|up_3intron	309	74	57	38
const|mouse|Zap70|ENSMUSG00000026117|1|36828634|36828794|+|up_5intron	234	454	1965	108
const|mouse|Zap70|ENSMUSG00000026117|1|36828634|36828794|+|up_exon	542	310	184	75
const|mouse|Zfp410|ENSMUSG00000042472|12|85668229|85668531|+|dn_3intron	359	114	35	110
const|mouse|Zfp410|ENSMUSG00000042472|12|85668229|85668531|+|dn_5intron	917	282	691	1475
const|mouse|Zfp410|ENSMUSG00000042472|12|85668229|85668531|+|dn_exon	130	24	32	13
const|mouse|Zfp410|ENSMUSG00000042472|12|85668229|85668531|+|exon	269	257	162	77
const|mouse|Zfp410|ENSMUSG00000042472|12|85668229|85668531|+|up_3intron	375	165	221	162
const|mouse|Zfp410|ENSMUSG00000042472|12|85668229|85668531|+|up_5intron	168	83	130	171
const|mouse|Zfp410|ENSMUSG00000042472|12|85668229|85668531|+|up_exon	606	119	160	342
const|mouse|Zfp512|ENSMUSG00000062761|5|31773370|31773537|+|dn_3intron	861	261	172	207
const|mouse|Zfp512|ENSMUSG00000062761|5|31773370|31773537|+|dn_5intron	859	210	168	543
const|mouse|Zfp512|ENSMUSG00000062761|5|31773370|31773537|+|dn_exon	320	77	48	81
const|mouse|Zfp512|ENSMUSG00000062761|5|31773370|31773537|+|exon	709	134	451	137
const|mouse|Zfp512|ENSMUSG00000062761|5|31773370|31773537|+|up_3intron	713	179	541	1195
const|mouse|Zfp512|ENSMUSG00000062761|5|31773370|31773537|+|up_5intron	551	235	320	243
const|mouse|Zfp512|ENSMUSG00000062761|5|31773370|31773537|+|up_exon	513	207	115	202
const|mouse|Zmym3|ENSMUSG00000031310|X|98605396|98605628|-|dn_3intron	630	223	25	55
const|mouse|Zmym3|ENSMUSG00000031310|X|98605396|98605628|-|dn_5intron	248	112	36	14
const|mouse|Zmym3|ENSMUSG00000031310|X|98605396|98605628|-|dn_exon	276	125	121	224
const|mouse|Zmym3|ENSMUSG00000031310|X|98605396|98605628|-|exon	525	177	151	203
const|mouse|Zmym3|ENSMUSG00000031310|X|98605396|98605628|-|up_3intron	329	299	501	709
const|mouse|Zmym3|ENSMUSG00000031310|X|98605396|98605628|-|up_5intron	705	208	309	652
const|mouse|Zmym3|ENSMUSG00000031310|X|98605396|98605628|-|up_exon	766	172	60	75
const|mouse|Zmynd8|ENSMUSG00000039671|2|165664312|165664400|-|dn_3intron	483	189	243	221
const|mouse|Zmynd8|ENSMUSG00000039671|2|165664312|165664400|-|dn_5intron	436	127	9	10
const|mouse|Zmynd8|ENSMUSG00000039671|2|165664312|165664400|-|dn_exon	622	170	59	41
const|mouse|Zmynd8|ENSMUSG00000039671|2|165664312|165664400|-|exon	477	131	96	32
const|mouse|Zmynd8|ENSMUSG00000039671|2|165664312|165664400|-|up_3intron	203	68	96	12
const|mouse|Zmynd8|ENSMUSG00000039671|2|165664312|165664400|-|up_5intron	648	212	89	188
const|mouse|Zmynd8|ENSMUSG00000039671|2|165664312|165664400|-|up_exon	760	227	165	176
const|mouse|Zw10|ENSMUSG00000032264|9|48869160|48869335|+|dn_3intron	183	68	36	39
const|mouse|Zw10|ENSMUSG00000032264|9|48869160|48869335|+|dn_5intron	599	159	240	824
const|mouse|Zw10|ENSMUSG00000032264|9|48869160|48869335|+|dn_exon	182	594	1663	254
const|mouse|Zw10|ENSMUSG00000032264|9|48869160|48869335|+|exon	498	139	101	168
const|mouse|Zw10|ENSMUSG00000032264|9|48869160|48869335|+|up_5intron	907	270	332	543
mammal|mouse|1110007C09Rik|ENSMUSG00000037960|13|49299298|49299362|-|dn_5intron	405	303	184	44
mammal|mouse|1110007C09Rik|ENSMUSG00000037960|13|49299298|49299362|-|dn_exon	2097	790	1364	636
mammal|mouse|1110020G09Rik|ENSMUSG00000022253|15|9028567|9028635|+|dn_3intron	723	402	659	401
mammal|mouse|1110020G09Rik|ENSMUSG00000022253|15|9028567|9028635|+|dn_5intron	534	3884	7473	490
mammal|mouse|1110020G09Rik|ENSMUSG00000022253|15|9028567|9028635|+|dn_exon	151	327	253	179
mammal|mouse|1110020G09Rik|ENSMUSG00000022253|15|9028567|9028635|+|exon	49	10	21	112
mammal|mouse|1110020G09Rik|ENSMUSG00000022253|15|9028567|9028635|+|up_3intron	370	165	220	341
mammal|mouse|1110020G09Rik|ENSMUSG00000022253|15|9028567|9028635|+|up_5intron	177	17	20	12
mammal|mouse|1110020G09Rik|ENSMUSG00000022253|15|9028567|9028635|+|up_exon	186	156	36	10
mammal|mouse|1700081L11Rik|ENSMUSG00000018412|11|104204173|104204361|-|dn_3intron	868	68	27	53
mammal|mouse|1700081L11Rik|ENSMUSG00000018412|11|104204173|104204361|-|dn_5intron	324	111	50	51
mammal|mouse|1700081L11Rik|ENSMUSG00000018412|11|104204173|104204361|-|dn_exon	573	222	79	102
mammal|mouse|1700081L11Rik|ENSMUSG00000018412|11|104204173|104204361|-|exon	511	295	176	343
mammal|mouse|1700081L11Rik|ENSMUSG00000018412|11|104204173|104204361|-|up_3intron	222	55	77	122
mammal|mouse|1700081L11Rik|ENSMUSG00000018412|11|104204173|104204361|-|up_5intron	613	112	171	389
mammal|mouse|1700081L11Rik|ENSMUSG00000018412|11|104204173|104204361|-|up_exon	212	98	32	56
mammal|mouse|2010106G01Rik|ENSMUSG00000027366|2|126739033|126739091|-|dn_3intron	78	44	13	47
mammal|mouse|2010106G01Rik|ENSMUSG00000027366|2|126739033|126739091|-|dn_5intron	226	87	210	85
mammal|mouse|2010106G01Rik|ENSMUSG00000027366|2|126739033|126739091|-|dn_exon	1107	315	297	503
mammal|mouse|2010106G01Rik|ENSMUSG00000027366|2|126739033|126739091|-|exon	275	122	136	485
mammal|mouse|2010106G01Rik|ENSMUSG00000027366|2|126739033|126739091|-|up_3intron	416	344	792	2150
mammal|mouse|2010106G01Rik|ENSMUSG00000027366|2|126739033|126739091|-|up_exon	726	182	141	196
mammal|mouse|5730419I09Rik|ENSMUSG00000030279|6|143007666|143007731|-|dn_3intron	993	9498	10154	5065
mammal|mouse|5730419I09Rik|ENSMUSG00000030279|6|143007666|143007731|-|dn_5intron	231	79	61	49
mammal|mouse|5730419I09Rik|ENSMUSG00000030279|6|143007666|143007731|-|dn_exon	1004	437	185	164
mammal|mouse|5730419I09Rik|ENSMUSG00000030279|6|143007666|143007731|-|exon	589	68	195	719
mammal|mouse|5730419I09Rik|ENSMUSG00000030279|6|143007666|143007731|-|up_3intron	690	870	7592	5171
mammal|mouse|5730419I09Rik|ENSMUSG00000030279|6|143007666|143007731|-|up_exon	434	55	94	633
mammal|mouse|5730419I09Rik|ENSMUSG00000030279|6|143021859|143022307|-|dn_3intron	433	118	63	304
mammal|mouse|5730419I09Rik|ENSMUSG00000030279|6|143021859|143022307|-|dn_5intron	179	33	60	67
mammal|mouse|5730419I09Rik|ENSMUSG00000030279|6|143021859|143022307|-|dn_exon	645	482	356	1146
mammal|mouse|5730419I09Rik|ENSMUSG00000030279|6|143021859|143022307|-|exon	250	52	104	164
mammal|mouse|5730419I09Rik|ENSMUSG00000030279|6|143021859|143022307|-|up_3intron	731	728	2453	1617
mammal|mouse|5730419I09Rik|ENSMUSG00000030279|6|143021859|143022307|-|up_5intron	604	153	714	2183
mammal|mouse|5730419I09Rik|ENSMUSG00000030279|6|143021859|143022307|-|up_exon	165	10	24	147
mammal|mouse|5730419I09Rik|ENSMUSG00000030279|6|143021859|143022307|-|utr	384	170	1353	383
mammal|mouse|6530401G17Rik|ENSMUSG00000052632|12|21262336|21262470|+|dn_3intron	129	23	38	35
mammal|mouse|6530401G17Rik|ENSMUSG00000052632|12|21262336|21262470|+|dn_5intron	313	105	169	121
mammal|mouse|6530401G17Rik|ENSMUSG00000052632|12|21262336|21262470|+|dn_exon	237	122	43	76
mammal|mouse|6530401G17Rik|ENSMUSG00000052632|12|21262336|21262470|+|exon	929	322	63	69
mammal|mouse|6530401G17Rik|ENSMUSG00000052632|12|21262336|21262470|+|up_3intron	1315	1047	7040	2125
mammal|mouse|6530401G17Rik|ENSMUSG00000052632|12|21262336|21262470|+|up_5intron	571	95	258	808
mammal|mouse|6530401G17Rik|ENSMUSG00000052632|12|21262336|21262470|+|up_exon	366	523	1580	1313
mammal|mouse|8030462N17Rik|ENSMUSG00000047466|18|77891817|77895582|-|deep_dn	29	58	41	14
mammal|mouse|8030462N17Rik|ENSMUSG00000047466|18|77891817|77895582|-|deep_up	60	21	19	25
mammal|mouse|8030462N17Rik|ENSMUSG00000047466|18|77891817|77895582|-|dn_3intron	568	117	71	152
mammal|mouse|8030462N17Rik|ENSMUSG00000047466|18|77891817|77895582|-|dn_5intron	945	233	116	214
mammal|mouse|8030462N17Rik|ENSMUSG00000047466|18|77891817|77895582|-|dn_exon	248	61	80	186
mammal|mouse|8030462N17Rik|ENSMUSG00000047466|18|77891817|77895582|-|exon	121	17	31	71
mammal|mouse|8030462N17Rik|ENSMUSG00000047466|18|77891817|77895582|-|up_3intron	169	52	83	186
mammal|mouse|8030462N17Rik|ENSMUSG00000047466|18|77891817|77895582|-|up_5intron	298	399	901	745
mammal|mouse|8030462N17Rik|ENSMUSG00000047466|18|77891817|77895582|-|up_exon	239	49	32	39
mammal|mouse|Abi2|ENSMUSG00000026782|1|60495786|60495803|+|dn_3intron	550	682	1188	1070
mammal|mouse|Abi2|ENSMUSG00000026782|1|60495786|60495803|+|dn_5intron	245	55	26	51
mammal|mouse|Abi2|ENSMUSG00000026782|1|60495786|60495803|+|dn_exon	128	77	15	9
mammal|mouse|Abi2|ENSMUSG00000026782|1|60495786|60495803|+|exon	684	264	97	327
mammal|mouse|Abi2|ENSMUSG00000026782|1|60495786|60495803|+|up_3intron	1777	728	1478	9228
mammal|mouse|Abi2|ENSMUSG00000026782|1|60495786|60495803|+|up_5intron	302	114	68	118
mammal|mouse|Abi2|ENSMUSG00000026782|1|60495786|60495803|+|up_exon	160	56	42	41
mammal|mouse|Abi2|ENSMUSG00000026782|1|60506903|60507120|+|dn_3intron	483	95	232	1064
mammal|mouse|Abi2|ENSMUSG00000026782|1|60506903|60507120|+|dn_5intron	1616	761	2715	1555
mammal|mouse|Abi2|ENSMUSG00000026782|1|60506903|60507120|+|exon	368	445	590	273
mammal|mouse|Abi2|ENSMUSG00000026782|1|60506903|60507120|+|up_3intron	1876	388	349	3018
mammal|mouse|Abi2|ENSMUSG00000026782|1|60506903|60507120|+|up_5intron	531	740	14716	4058
mammal|mouse|Abi2|ENSMUSG00000026782|1|60506903|60507120|+|up_exon	555	191	107	106
mammal|mouse|Abi2|ENSMUSG00000026782|1|60521373|60521829|+|deep_dn	13	3	25	2
mammal|mouse|Abi2|ENSMUSG00000026782|1|60521373|60521829|+|dn_3intron	263	84	228	377
mammal|mouse|Abi2|ENSMUSG00000026782|1|60521373|60521829|+|dn_5intron	114	94	78	14
mammal|mouse|Abi2|ENSMUSG00000026782|1|60521373|60521829|+|dn_exon	250	106	60	70
mammal|mouse|Abi2|ENSMUSG00000026782|1|60521373|60521829|+|exon	961	150	203	270
mammal|mouse|Abi2|ENSMUSG00000026782|1|60521373|60521829|+|up_3intron	3014	565	608	815
mammal|mouse|Abi2|ENSMUSG00000026782|1|60521373|60521829|+|up_5intron	865	167	190	878
mammal|mouse|Abi3bp|ENSMUSG00000035258|16|56636284|56636358|+|dn_3intron	738	243	257	1606
mammal|mouse|Abi3bp|ENSMUSG00000035258|16|56636284|56636358|+|dn_5intron	377	96	59	149
mammal|mouse|Abi3bp|ENSMUSG00000035258|16|56636284|56636358|+|dn_exon	53	82	299	668
mammal|mouse|Abi3bp|ENSMUSG00000035258|16|56636284|56636358|+|exon	499	209	454	1038
mammal|mouse|Abi3bp|ENSMUSG00000035258|16|56636284|56636358|+|up_3intron	557	138	85	316
mammal|mouse|Abi3bp|ENSMUSG00000035258|16|56636284|56636358|+|up_5intron	475	167	132	194
mammal|mouse|Abi3bp|ENSMUSG00000035258|16|56636284|56636358|+|up_exon	453	208	119	212
mammal|mouse|Ablim1|ENSMUSG00000025085|19|57133575|57133694|-|dn_3intron	687	20150	19549	3341
mammal|mouse|Ablim1|ENSMUSG00000025085|19|57133575|57133694|-|dn_5intron	1108	163	113	100
mammal|mouse|Ablim1|ENSMUSG00000025085|19|57133575|57133694|-|dn_exon	653	295	273	378
mammal|mouse|Ablim1|ENSMUSG00000025085|19|57133575|57133694|-|exon	2051	790	203	104
mammal|mouse|Ablim1|ENSMUSG00000025085|19|57133575|57133694|-|up_3intron	858	824	763	1020
mammal|mouse|Ablim1|ENSMUSG00000025085|19|57133575|57133694|-|up_5intron	266	150	52	172
mammal|mouse|Ablim1|ENSMUSG00000025085|19|57133575|57133694|-|up_exon	682	275	127	255
mammal|mouse|Ablim2|ENSMUSG00000029095|5|36182439|36182471|+|dn_5intron	195	157	58	5
mammal|mouse|Ablim2|ENSMUSG00000029095|5|36182439|36182471|+|dn_exon	107	342	345	385
mammal|mouse|Ablim2|ENSMUSG00000029095|5|36182439|36182471|+|up_3intron	1186	236	45	103
mammal|mouse|Ablim2|ENSMUSG00000029095|5|36182439|36182471|+|up_5intron	248	2068	1726	1472
mammal|mouse|Ablim2|ENSMUSG00000029095|5|36182439|36182471|+|up_exon	410	187	53	76
mammal|mouse|Ablim3|ENSMUSG00000032735|18|61978643|61979252|-|dn_5intron	565	1871	2577	624
mammal|mouse|Ablim3|ENSMUSG00000032735|18|61978643|61979252|-|dn_exon	26	16	32	27
mammal|mouse|Ablim3|ENSMUSG00000032735|18|61978643|61979252|-|exon	73	97	206	85
mammal|mouse|Ablim3|ENSMUSG00000032735|18|61978643|61979252|-|up_3intron	799	165	22	8
mammal|mouse|Ablim3|ENSMUSG00000032735|18|61978643|61979252|-|up_exon	216	290	379	197
mammal|mouse|Ablim3|ENSMUSG00000032735|18|61981527|61982067|-|dn_3intron	491	256	141	148
mammal|mouse|Ablim3|ENSMUSG00000032735|18|61981527|61982067|-|dn_5intron	261	62	29	43
mammal|mouse|Ablim3|ENSMUSG00000032735|18|61981527|61982067|-|dn_exon	333	138	127	261
mammal|mouse|Ablim3|ENSMUSG00000032735|18|61981527|61982067|-|exon	768	262	90	172
mammal|mouse|Ablim3|ENSMUSG00000032735|18|61981527|61982067|-|up_3intron	160	70	210	68
mammal|mouse|Ablim3|ENSMUSG00000032735|18|61981527|61982067|-|up_5intron	434	187	324	230
mammal|mouse|Ablim3|ENSMUSG00000032735|18|61981527|61982067|-|up_exon	727	291	210	404
mammal|mouse|Abtb1|ENSMUSG00000030083|6|88788839|88788955|-|dn_5intron	1249	541	264	208
mammal|mouse|Abtb1|ENSMUSG00000030083|6|88788839|88788955|-|dn_exon	655	199	203	284
mammal|mouse|Abtb1|ENSMUSG00000030083|6|88788839|88788955|-|up_5intron	634	195	115	196
mammal|mouse|Acap2|ENSMUSG00000049076|16|31107614|31107718|-|dn_3intron	532	142	276	806
mammal|mouse|Acap2|ENSMUSG00000049076|16|31107614|31107718|-|dn_5intron	1191	307	259	276
mammal|mouse|Acap2|ENSMUSG00000049076|16|31107614|31107718|-|dn_exon	121	182	198	93
mammal|mouse|Acap2|ENSMUSG00000049076|16|31107614|31107718|-|exon	463	86	52	108
mammal|mouse|Acap2|ENSMUSG00000049076|16|31107614|31107718|-|up_3intron	543	629	363	417
mammal|mouse|Acap2|ENSMUSG00000049076|16|31107614|31107718|-|up_5intron	542	53	161	348
mammal|mouse|Acap2|ENSMUSG00000049076|16|31107614|31107718|-|up_exon	301	36	60	70
mammal|mouse|Acbd5|ENSMUSG00000026781|2|22936188|22936220|+|dn_3intron	360	98	92	513
mammal|mouse|Acbd5|ENSMUSG00000026781|2|22936188|22936220|+|dn_5intron	696	179	192	333
mammal|mouse|Acbd5|ENSMUSG00000026781|2|22936188|22936220|+|dn_exon	479	170	68	410
mammal|mouse|Acbd5|ENSMUSG00000026781|2|22936188|22936220|+|up_3intron	867	290	231	665
mammal|mouse|Acbd5|ENSMUSG00000026781|2|22936188|22936220|+|up_5intron	249	43	16	38
mammal|mouse|Acbd5|ENSMUSG00000026781|2|22936188|22936220|+|up_exon	567	189	162	1095
mammal|mouse|Acox1|ENSMUSG00000020777|11|116050729|116050889|-|dn_3intron	301	67	147	271
mammal|mouse|Acox1|ENSMUSG00000020777|11|116050729|116050889|-|dn_5intron	530	277	414	738
mammal|mouse|Acox1|ENSMUSG00000020777|11|116050729|116050889|-|dn_exon	936	130	110	58
mammal|mouse|Acox1|ENSMUSG00000020777|11|116050729|116050889|-|exon	339	72	35	44
mammal|mouse|Acox1|ENSMUSG00000020777|11|116050729|116050889|-|up_3intron	60	86	83	43
mammal|mouse|Acox1|ENSMUSG00000020777|11|116050729|116050889|-|up_5intron	493	217	528	1014
mammal|mouse|Acox1|ENSMUSG00000020777|11|116050729|116050889|-|up_exon	109	102	60	46
mammal|mouse|Acsl6|ENSMUSG00000020333|11|54150438|54150515|+|up_3intron	244	327	275	342
mammal|mouse|Acsl6|ENSMUSG00000020333|11|54150438|54150515|+|up_5intron	190	104	262	96
mammal|mouse|Acsl6|ENSMUSG00000020333|11|54150438|54150515|+|up_exon	176	166	284	132
mammal|mouse|Acsl6|ENSMUSG00000020333|11|54150573|54151230|+|dn_3intron	354	104	21	62
mammal|mouse|Acsl6|ENSMUSG00000020333|11|54150573|54151230|+|dn_5intron	3	4	1	8
mammal|mouse|Acsl6|ENSMUSG00000020333|11|54150573|54151230|+|dn_exon	170	266	29	61
mammal|mouse|Acss2|ENSMUSG00000027605|2|155376926|155376964|+|dn_3intron	1252	670	376	81
mammal|mouse|Acss2|ENSMUSG00000027605|2|155376926|155376964|+|dn_5intron	613	376	470	2817
mammal|mouse|Acss2|ENSMUSG00000027605|2|155376926|155376964|+|dn_exon	86	124	136	313
mammal|mouse|Acss2|ENSMUSG00000027605|2|155376926|155376964|+|exon	547	146	66	342
mammal|mouse|Acss2|ENSMUSG00000027605|2|155376926|155376964|+|up_3intron	416	75	129	113
mammal|mouse|Acss2|ENSMUSG00000027605|2|155376926|155376964|+|up_5intron	364	101	112	268
mammal|mouse|Acss2|ENSMUSG00000027605|2|155376926|155376964|+|up_exon	139	64	81	50
mammal|mouse|Actn1|ENSMUSG00000015143|12|81271166|81271235|-|dn_3intron	1355	227	30	32
mammal|mouse|Actn1|ENSMUSG00000015143|12|81271166|81271235|-|dn_5intron	513	136	75	34
mammal|mouse|Actn1|ENSMUSG00000015143|12|81271166|81271235|-|dn_exon	45	387	445	188
mammal|mouse|Actn1|ENSMUSG00000015143|12|81271673|81271753|-|up_5intron	36	541	325	17
mammal|mouse|Actn1|ENSMUSG00000015143|12|81271673|81271753|-|up_exon	903	197	56	25
mammal|mouse|Add1|ENSMUSG00000029106|5|34963481|34963567|+|dn_3intron	2077	1538	2389	3854
mammal|mouse|Add1|ENSMUSG00000029106|5|34963481|34963567|+|dn_5intron	575	285	122	119
mammal|mouse|Add1|ENSMUSG00000029106|5|34963481|34963567|+|dn_exon	93	54	181	116
mammal|mouse|Add1|ENSMUSG00000029106|5|34963481|34963567|+|exon	683	136	75	213
mammal|mouse|Add1|ENSMUSG00000029106|5|34963481|34963567|+|up_3intron	2030	21277	6115	3810
mammal|mouse|Add1|ENSMUSG00000029106|5|34963481|34963567|+|up_5intron	554	306	175	213
mammal|mouse|Add1|ENSMUSG00000029106|5|34963481|34963567|+|up_exon	456	210	683	1190
mammal|mouse|Aftph|ENSMUSG00000049659|11|20596483|20596924|-|dn_3intron	2	2	55	3
mammal|mouse|Aftph|ENSMUSG00000049659|11|20596483|20596924|-|dn_5intron	182	50	19	33
mammal|mouse|Aftph|ENSMUSG00000049659|11|20596483|20596924|-|dn_exon	224	18	23	41
mammal|mouse|Aftph|ENSMUSG00000049659|11|20596483|20596924|-|exon	851	240	184	394
mammal|mouse|Aftph|ENSMUSG00000049659|11|20596483|20596924|-|up_3intron	824	102	79	127
mammal|mouse|Aftph|ENSMUSG00000049659|11|20596483|20596924|-|up_5intron	488	137	160	465
mammal|mouse|Aftph|ENSMUSG00000049659|11|20596483|20596924|-|up_exon	788	195	59	92
mammal|mouse|Agap3|ENSMUSG00000023353|5|24002727|24004025|+|dn_3intron	320	138	50	19
mammal|mouse|Agap3|ENSMUSG00000023353|5|24002727|24004025|+|dn_5intron	149	71	342	148
mammal|mouse|Agap3|ENSMUSG00000023353|5|24002727|24004025|+|exon	62	70	52	4
mammal|mouse|Agap3|ENSMUSG00000023353|5|24002727|24004025|+|up_3intron	391	213	42	8
mammal|mouse|Agap3|ENSMUSG00000023353|5|24002727|24004025|+|up_5intron	311	118	69	61
mammal|mouse|Agap3|ENSMUSG00000023353|5|24002727|24004025|+|up_exon	794	536	491	300
mammal|mouse|Alcam|ENSMUSG00000022636|16|52268903|52270139|-|dn_3intron	627	1768	2113	1030
mammal|mouse|Alcam|ENSMUSG00000022636|16|52268903|52270139|-|dn_5intron	269	31	12	48
mammal|mouse|Alcam|ENSMUSG00000022636|16|52268903|52270139|-|dn_exon	499	342	195	306
mammal|mouse|Alcam|ENSMUSG00000022636|16|52268903|52270139|-|exon	447	166	444	632
mammal|mouse|Alcam|ENSMUSG00000022636|16|52268903|52270139|-|up_5intron	168	107	23	40
mammal|mouse|Alcam|ENSMUSG00000022636|16|52268903|52270139|-|up_exon	356	82	117	199
mammal|mouse|Alcam|ENSMUSG00000022636|16|52268903|52270139|-|utr	524	496	6968	2837
mammal|mouse|Ambra1|ENSMUSG00000040506|2|91645181|91645267|+|dn_3intron	492	201	147	515
mammal|mouse|Ambra1|ENSMUSG00000040506|2|91645181|91645267|+|dn_5intron	361	126	365	252
mammal|mouse|Ambra1|ENSMUSG00000040506|2|91645181|91645267|+|dn_exon	427	205	131	306
mammal|mouse|Ambra1|ENSMUSG00000040506|2|91645181|91645267|+|exon	1105	153	134	97
mammal|mouse|Ambra1|ENSMUSG00000040506|2|91645181|91645267|+|up_3intron	758	159	219	233
mammal|mouse|Ambra1|ENSMUSG00000040506|2|91645181|91645267|+|up_5intron	218	75	70	205
mammal|mouse|Ank3|ENSMUSG00000069601|10|69347887|69347985|+|up_3intron	391	362	833	1637
mammal|mouse|Ank3|ENSMUSG00000069601|10|69347887|69347985|+|up_5intron	417	222	164	148
mammal|mouse|Ank3|ENSMUSG00000069601|10|69347887|69347985|+|up_exon	259	101	109	288
mammal|mouse|Ank3|ENSMUSG00000069601|10|69367190|69372675|+|dn_3intron	1226	1475	849	470
mammal|mouse|Ank3|ENSMUSG00000069601|10|69367190|69372675|+|dn_5intron	8	4	2	2
mammal|mouse|Ank3|ENSMUSG00000069601|10|69367190|69372675|+|dn_exon	536	69	91	95
mammal|mouse|Ank3|ENSMUSG00000069601|10|69367190|69372675|+|exon	329	656	191	153
mammal|mouse|Ank3|ENSMUSG00000069601|10|69367190|69372675|+|up_3intron	1142	394	1625	1575
mammal|mouse|Ank3|ENSMUSG00000069601|10|69367190|69372675|+|up_exon	131	344	862	801
mammal|mouse|Ank3|ENSMUSG00000069601|10|69443570|69443598|+|dn_3intron	316	97	60	29
mammal|mouse|Ank3|ENSMUSG00000069601|10|69443570|69443598|+|dn_5intron	515	147	181	671
mammal|mouse|Ank3|ENSMUSG00000069601|10|69443570|69443598|+|dn_exon	567	566	716	751
mammal|mouse|Ank3|ENSMUSG00000069601|10|69443570|69443598|+|exon	448	170	236	429
mammal|mouse|Ank3|ENSMUSG00000069601|10|69443570|69443598|+|up_3intron	475	350	1461	3154
mammal|mouse|Ank3|ENSMUSG00000069601|10|69443570|69443598|+|up_5intron	682	409	539	577
mammal|mouse|Ank3|ENSMUSG00000069601|10|69443570|69443598|+|up_exon	371	41	32	11
mammal|mouse|Ank3|ENSMUSG00000069601|10|69443570|69443598|+|utr	336	351	1690	1698
mammal|mouse|Ank3|ENSMUSG00000069601|10|69469543|69469601|+|up_3intron	312	170	143	162
mammal|mouse|Ank3|ENSMUSG00000069601|10|69469543|69469601|+|up_5intron	643	82	36	39
mammal|mouse|Ank3|ENSMUSG00000069601|10|69469543|69469601|+|up_exon	149	13	18	18
mammal|mouse|Ank3|ENSMUSG00000069601|10|69476720|69476803|+|dn_5intron	705	876	1597	1499
mammal|mouse|Ank3|ENSMUSG00000069601|10|69476720|69476803|+|dn_exon	204	59	74	110
mammal|mouse|Ap1ar|ENSMUSG00000074238|3|127518511|127518744|-|dn_5intron	738	165	60	63
mammal|mouse|Ap1ar|ENSMUSG00000074238|3|127518511|127518744|-|dn_exon	283	84	45	43
mammal|mouse|Ap1ar|ENSMUSG00000074238|3|127518511|127518744|-|exon	328	71	61	162
mammal|mouse|Ap1ar|ENSMUSG00000074238|3|127518511|127518744|-|up_3intron	115	36	7	28
mammal|mouse|Ap1ar|ENSMUSG00000074238|3|127518511|127518744|-|up_5intron	74	34	2	2
mammal|mouse|Ap1ar|ENSMUSG00000074238|3|127518511|127518744|-|up_exon	397	1004	2226	3396
mammal|mouse|Ap1b1|ENSMUSG00000009090|11|4933245|4933265|+|dn_3intron	467	240	320	348
mammal|mouse|Ap1b1|ENSMUSG00000009090|11|4933245|4933265|+|dn_5intron	178	182	145	50
mammal|mouse|Ap1b1|ENSMUSG00000009090|11|4933245|4933265|+|dn_exon	664	303	207	440
mammal|mouse|Ap1b1|ENSMUSG00000009090|11|4933245|4933265|+|exon	556	393	453	2024
mammal|mouse|Ap1b1|ENSMUSG00000009090|11|4933245|4933265|+|up_3intron	934	28014	34073	9344
mammal|mouse|Ap1b1|ENSMUSG00000009090|11|4933245|4933265|+|up_5intron	1039	137	90	48
mammal|mouse|Ap1b1|ENSMUSG00000009090|11|4933245|4933265|+|up_exon	709	544	133	160
mammal|mouse|Aplp2|ENSMUSG00000031996|9|30963775|30964766|-|dn_3intron	971	341	837	2910
mammal|mouse|Aplp2|ENSMUSG00000031996|9|30963775|30964766|-|dn_5intron	998	296	202	889
mammal|mouse|Aplp2|ENSMUSG00000031996|9|30963775|30964766|-|dn_exon	123	36	66	81
mammal|mouse|Aplp2|ENSMUSG00000031996|9|30963775|30964766|-|exon	336	69	35	41
mammal|mouse|Aplp2|ENSMUSG00000031996|9|30963775|30964766|-|up_3intron	503	661	3430	975
mammal|mouse|Aplp2|ENSMUSG00000031996|9|30963775|30964766|-|up_5intron	715	3351	5043	1783
mammal|mouse|Aplp2|ENSMUSG00000031996|9|30975146|30975545|-|dn_3intron	920	502	1056	1289
mammal|mouse|Aplp2|ENSMUSG00000031996|9|30975146|30975545|-|dn_5intron	1338	473	361	1133
mammal|mouse|Aplp2|ENSMUSG00000031996|9|30975146|30975545|-|dn_exon	551	190	228	282
mammal|mouse|Aplp2|ENSMUSG00000031996|9|30975146|30975545|-|exon	391	134	124	274
mammal|mouse|Aplp2|ENSMUSG00000031996|9|30975146|30975545|-|up_3intron	775	220	106	107
mammal|mouse|Aplp2|ENSMUSG00000031996|9|30975146|30975545|-|up_5intron	513	382	602	825
mammal|mouse|Aplp2|ENSMUSG00000031996|9|30975146|30975545|-|up_exon	101	32	15	17
mammal|mouse|App|ENSMUSG00000022892|16|84971653|84971706|-|dn_3intron	561	85	13	9
mammal|mouse|App|ENSMUSG00000022892|16|84971653|84971706|-|dn_5intron	926	212	312	540
mammal|mouse|App|ENSMUSG00000022892|16|84971653|84971706|-|dn_exon	87	37	25	34
mammal|mouse|App|ENSMUSG00000022892|16|84971653|84971706|-|exon	2682	1170	2120	3581
mammal|mouse|App|ENSMUSG00000022892|16|84971653|84971706|-|up_3intron	1036	1075	7030	3922
mammal|mouse|App|ENSMUSG00000022892|16|84971653|84971706|-|up_5intron	416	115	136	204
mammal|mouse|App|ENSMUSG00000022892|16|84971653|84971706|-|up_exon	122	26	43	63
mammal|mouse|App|ENSMUSG00000022892|16|85043821|85043988|-|deep_dn	1364	438	772	4011
mammal|mouse|App|ENSMUSG00000022892|16|85043821|85043988|-|deep_up	30	13	2	16
mammal|mouse|App|ENSMUSG00000022892|16|85043821|85043988|-|dn_3intron	2302	209841	159758	4796
mammal|mouse|App|ENSMUSG00000022892|16|85043821|85043988|-|dn_5intron	679	457	867	954
mammal|mouse|App|ENSMUSG00000022892|16|85043821|85043988|-|dn_exon	602	341	378	230
mammal|mouse|App|ENSMUSG00000022892|16|85043821|85043988|-|exon	641	90	122	109
mammal|mouse|App|ENSMUSG00000022892|16|85043821|85043988|-|up_3intron	252	160	54	96
mammal|mouse|App|ENSMUSG00000022892|16|85043821|85043988|-|up_5intron	408	104	72	177
mammal|mouse|App|ENSMUSG00000022892|16|85043821|85043988|-|up_exon	963	17341	16054	3523
mammal|mouse|Arfgap1|ENSMUSG00000027575|2|180712161|180713146|+|dn_3intron	856	279	161	271
mammal|mouse|Arfgap1|ENSMUSG00000027575|2|180712161|180713146|+|dn_5intron	1524	892	1499	7954
mammal|mouse|Arfgap1|ENSMUSG00000027575|2|180712161|180713146|+|dn_exon	266	64	154	203
mammal|mouse|Arfgap1|ENSMUSG00000027575|2|180712161|180713146|+|exon	434	125	78	339
mammal|mouse|Arfgap1|ENSMUSG00000027575|2|180712161|180713146|+|up_5intron	651	95	163	234
mammal|mouse|Arfgap2|ENSMUSG00000027255|2|91109227|91109268|+|dn_3intron	344	257	218	429
mammal|mouse|Arfgap2|ENSMUSG00000027255|2|91109227|91109268|+|dn_5intron	773	399	73	73
mammal|mouse|Arfgap2|ENSMUSG00000027255|2|91109227|91109268|+|dn_exon	413	90	33	38
mammal|mouse|Arfgap2|ENSMUSG00000027255|2|91109227|91109268|+|exon	679	381	216	235
mammal|mouse|Arfgap2|ENSMUSG00000027255|2|91109227|91109268|+|up_3intron	119	161	222	21
mammal|mouse|Arfgap2|ENSMUSG00000027255|2|91109227|91109268|+|up_exon	137	86	72	38
mammal|mouse|Arhgap12|ENSMUSG00000041225|18|6057515|6057924|-|dn_3intron	61	7	45	42
mammal|mouse|Arhgap12|ENSMUSG00000041225|18|6057515|6057924|-|dn_5intron	302	80	64	489
mammal|mouse|Arhgap12|ENSMUSG00000041225|18|6057515|6057924|-|dn_exon	187	149	176	302
mammal|mouse|Arhgap12|ENSMUSG00000041225|18|6057515|6057924|-|exon	352	129	59	58
mammal|mouse|Arhgap12|ENSMUSG00000041225|18|6057515|6057924|-|up_3intron	345	69	107	638
mammal|mouse|Arhgap12|ENSMUSG00000041225|18|6057515|6057924|-|up_5intron	888	313	361	3750
mammal|mouse|Arhgap12|ENSMUSG00000041225|18|6057515|6057924|-|up_exon	204	132	272	194
mammal|mouse|Arhgap12|ENSMUSG00000041225|18|6065647|6065843|-|dn_3intron	372	128	144	572
mammal|mouse|Arhgap12|ENSMUSG00000041225|18|6065647|6065843|-|dn_5intron	362	118	200	233
mammal|mouse|Arhgap12|ENSMUSG00000041225|18|6065647|6065843|-|dn_exon	361	619	2178	781
mammal|mouse|Arhgap12|ENSMUSG00000041225|18|6065647|6065843|-|exon	372	71	34	122
mammal|mouse|Arhgap12|ENSMUSG00000041225|18|6065647|6065843|-|up_3intron	62	31	24	82
mammal|mouse|Arhgap12|ENSMUSG00000041225|18|6065647|6065843|-|up_5intron	333	69	72	224
mammal|mouse|Arhgap12|ENSMUSG00000041225|18|6065647|6065843|-|up_exon	261	113	35	31
mammal|mouse|Arhgap12|ENSMUSG00000041225|18|6065647|6065843|-|utr	132	127	581	230
mammal|mouse|Arhgef11|ENSMUSG00000041977|3|87499320|87499439|+|dn_3intron	130	15	28	4
mammal|mouse|Arhgef11|ENSMUSG00000041977|3|87499320|87499439|+|dn_5intron	473	103	69	94
mammal|mouse|Arhgef11|ENSMUSG00000041977|3|87499320|87499439|+|dn_exon	700	147	12	43
mammal|mouse|Arhgef11|ENSMUSG00000041977|3|87499320|87499439|+|exon	153	126	27	30
mammal|mouse|Arhgef11|ENSMUSG00000041977|3|87499320|87499439|+|up_3intron	3369	1966	1070	2289
mammal|mouse|Arhgef11|ENSMUSG00000041977|3|87499320|87499439|+|up_5intron	560	247	1702	2089
mammal|mouse|Arhgef11|ENSMUSG00000041977|3|87499320|87499439|+|up_exon	79	87	37	28
mammal|mouse|Arhgef11|ENSMUSG00000041977|3|87522151|87522180|+|dn_3intron	55	580	1147	47
mammal|mouse|Arhgef11|ENSMUSG00000041977|3|87522151|87522180|+|dn_5intron	1063	381	492	5396
mammal|mouse|Arhgef11|ENSMUSG00000041977|3|87522151|87522180|+|dn_exon	560	213	196	168
mammal|mouse|Arhgef11|ENSMUSG00000041977|3|87522151|87522180|+|exon	1227	489	3222	2774
mammal|mouse|Arhgef11|ENSMUSG00000041977|3|87522151|87522180|+|up_3intron	859	375	2742	3110
mammal|mouse|Arhgef11|ENSMUSG00000041977|3|87522151|87522180|+|up_exon	195	60	43	20
mammal|mouse|Arhgef11|ENSMUSG00000041977|3|87522151|87522180|+|utr	76	134	35	1
mammal|mouse|Arhgef12|ENSMUSG00000059495|9|42848623|42848679|-|dn_3intron	686	146	92	185
mammal|mouse|Arhgef12|ENSMUSG00000059495|9|42848623|42848679|-|dn_5intron	384	969	2022	7748
mammal|mouse|Arhgef12|ENSMUSG00000059495|9|42848623|42848679|-|dn_exon	164	76	13	33
mammal|mouse|Arhgef12|ENSMUSG00000059495|9|42848623|42848679|-|exon	326	204	54	52
mammal|mouse|Arhgef12|ENSMUSG00000059495|9|42848623|42848679|-|up_3intron	627	817	1671	2978
mammal|mouse|Arhgef12|ENSMUSG00000059495|9|42848623|42848679|-|up_5intron	534	317	1133	1926
mammal|mouse|Arhgef12|ENSMUSG00000059495|9|42848623|42848679|-|up_exon	59	80	202	218
mammal|mouse|Arhgef6|ENSMUSG00000031133|X|54494983|54495233|-|dn_3intron	900	217	344	1618
mammal|mouse|Arhgef6|ENSMUSG00000031133|X|54494983|54495233|-|dn_5intron	1700	463	1722	2531
mammal|mouse|Arhgef6|ENSMUSG00000031133|X|54494983|54495233|-|dn_exon	110	36	104	50
mammal|mouse|Arhgef6|ENSMUSG00000031133|X|54494983|54495233|-|exon	740	184	215	335
mammal|mouse|Arhgef6|ENSMUSG00000031133|X|54494983|54495233|-|up_3intron	458	66	90	36
mammal|mouse|Arhgef6|ENSMUSG00000031133|X|54494983|54495233|-|up_5intron	7	3	8	18
mammal|mouse|Arhgef6|ENSMUSG00000031133|X|54494983|54495233|-|up_exon	708	201	31	102
mammal|mouse|Asph|ENSMUSG00000028207|4|9551507|9551548|-|dn_3intron	165	197	840	162
mammal|mouse|Asph|ENSMUSG00000028207|4|9551507|9551548|-|dn_5intron	703	358	1480	3933
mammal|mouse|Asph|ENSMUSG00000028207|4|9551507|9551548|-|dn_exon	1258	501	335	285
mammal|mouse|Asph|ENSMUSG00000028207|4|9551507|9551548|-|exon	493	151	115	89
mammal|mouse|Asph|ENSMUSG00000028207|4|9551507|9551548|-|up_3intron	906	228	236	852
mammal|mouse|Asph|ENSMUSG00000028207|4|9551507|9551548|-|up_5intron	362	128	164	808
mammal|mouse|Asph|ENSMUSG00000028207|4|9551507|9551548|-|up_exon	111	70	172	257
mammal|mouse|Asph|ENSMUSG00000028207|4|9564806|9564855|-|dn_3intron	171	255	291	885
mammal|mouse|Asph|ENSMUSG00000028207|4|9564806|9564855|-|dn_5intron	122	75	58	20
mammal|mouse|Asph|ENSMUSG00000028207|4|9564806|9564855|-|dn_exon	160	89	813	648
mammal|mouse|Asph|ENSMUSG00000028207|4|9564806|9564855|-|exon	557	108	97	201
mammal|mouse|Asph|ENSMUSG00000028207|4|9564806|9564855|-|up_3intron	335	123	203	526
mammal|mouse|Asph|ENSMUSG00000028207|4|9564806|9564855|-|up_5intron	367	103	132	537
mammal|mouse|Asph|ENSMUSG00000028207|4|9564806|9564855|-|up_exon	250	155	287	267
mammal|mouse|Atf2|ENSMUSG00000027104|2|73691852|73691948|-|deep_dn	206	59	96	285
mammal|mouse|Atf2|ENSMUSG00000027104|2|73691852|73691948|-|deep_up	89	70	8	20
mammal|mouse|Atf2|ENSMUSG00000027104|2|73691852|73691948|-|dn_3intron	1146	194	337	2208
mammal|mouse|Atf2|ENSMUSG00000027104|2|73691852|73691948|-|dn_5intron	236	61	61	118
mammal|mouse|Atf2|ENSMUSG00000027104|2|73691852|73691948|-|dn_exon	364	66	65	248
mammal|mouse|Atf2|ENSMUSG00000027104|2|73691852|73691948|-|exon	831	182	74	81
mammal|mouse|Atf2|ENSMUSG00000027104|2|73691852|73691948|-|up_3intron	178	44	23	124
mammal|mouse|Atf2|ENSMUSG00000027104|2|73691852|73691948|-|up_5intron	296	76	60	336
mammal|mouse|Atf2|ENSMUSG00000027104|2|73691852|73691948|-|up_exon	453	163	144	288
mammal|mouse|Atg16l1|ENSMUSG00000026289|1|89671388|89671444|+|up_3intron	652	177	744	423
mammal|mouse|Atg16l1|ENSMUSG00000026289|1|89671388|89671444|+|up_5intron	718	116	72	43
mammal|mouse|Atg16l1|ENSMUSG00000026289|1|89671388|89671444|+|up_exon	351	139	53	56
mammal|mouse|Atg16l1|ENSMUSG00000026289|1|89671653|89671703|+|dn_3intron	673	163	205	547
mammal|mouse|Atg16l1|ENSMUSG00000026289|1|89671653|89671703|+|dn_5intron	929	424	632	1129
mammal|mouse|Atg16l1|ENSMUSG00000026289|1|89671653|89671703|+|dn_exon	781	205	59	222
mammal|mouse|Atp11a|ENSMUSG00000031441|8|12861111|12861724|+|dn_3intron	644	133	31	65
mammal|mouse|Atp11a|ENSMUSG00000031441|8|12861111|12861724|+|exon	69	31	19	18
mammal|mouse|Atp11a|ENSMUSG00000031441|8|12861111|12861724|+|up_3intron	165	41	29	5
mammal|mouse|Atp11a|ENSMUSG00000031441|8|12861111|12861724|+|up_5intron	132	159	15	75
mammal|mouse|Atp11a|ENSMUSG00000031441|8|12861111|12861724|+|up_exon	399	82	27	50
mammal|mouse|Atp11a|ENSMUSG00000031441|8|12863684|12864529|+|dn_3intron	100	123	153	28
mammal|mouse|Atp11a|ENSMUSG00000031441|8|12863684|12864529|+|dn_5intron	356	1030	2730	450
mammal|mouse|Atp11a|ENSMUSG00000031441|8|12863684|12864529|+|exon	250	166	122	474
mammal|mouse|Atp11a|ENSMUSG00000031441|8|12863684|12864529|+|up_3intron	87	91	47	64
mammal|mouse|Atp11a|ENSMUSG00000031441|8|12863684|12864529|+|up_5intron	159	319	129	224
mammal|mouse|Atp2b2|ENSMUSG00000030302|6|113747104|113747145|-|dn_3intron	812	11522	7005	941
mammal|mouse|Atp2b2|ENSMUSG00000030302|6|113747104|113747145|-|dn_5intron	268	136	123	120
mammal|mouse|Atp2b2|ENSMUSG00000030302|6|113747104|113747145|-|dn_exon	159	61	140	116
mammal|mouse|Atp2b2|ENSMUSG00000030302|6|113752480|113752539|-|utr	179	12	6	10
mammal|mouse|Atp2b2|ENSMUSG00000030302|6|113753741|113753773|-|up_3intron	859	6511	18206	3709
mammal|mouse|Atp2b2|ENSMUSG00000030302|6|113753741|113753773|-|up_5intron	805	302	243	288
mammal|mouse|Atp2b2|ENSMUSG00000030302|6|113753741|113753773|-|up_exon	77	29	65	81
mammal|mouse|AU040829|ENSMUSG00000033389|11|64826409|64826426|-|dn_3intron	54	99	37	47
mammal|mouse|AU040829|ENSMUSG00000033389|11|64826409|64826426|-|dn_5intron	309	374	142	115
mammal|mouse|AU040829|ENSMUSG00000033389|11|64826409|64826426|-|dn_exon	881	385	446	1096
mammal|mouse|AU040829|ENSMUSG00000033389|11|64826409|64826426|-|up_3intron	444	120	80	110
mammal|mouse|AU040829|ENSMUSG00000033389|11|64826409|64826426|-|up_5intron	155	70	38	14
mammal|mouse|AU040829|ENSMUSG00000033389|11|64826409|64826426|-|up_exon	11	4	5	3
mammal|mouse|AU040829|ENSMUSG00000033389|11|64826409|64826426|-|utr	1120	360	42	136
mammal|mouse|Bat2l|ENSMUSG00000039262|2|32084783|32084864|+|dn_3intron	1338	483	314	727
mammal|mouse|Bat2l|ENSMUSG00000039262|2|32084783|32084864|+|dn_5intron	516	131	53	32
mammal|mouse|Bat2l|ENSMUSG00000039262|2|32084783|32084864|+|dn_exon	101	74	96	87
mammal|mouse|Bat2l|ENSMUSG00000039262|2|32084783|32084864|+|exon	98	82	6	15
mammal|mouse|Bat2l|ENSMUSG00000039262|2|32084783|32084864|+|up_3intron	1232	359	262	1031
mammal|mouse|Bat2l|ENSMUSG00000039262|2|32084783|32084864|+|up_5intron	156	303	497	92
mammal|mouse|Bat2l|ENSMUSG00000039262|2|32084783|32084864|+|up_exon	481	260	224	164
mammal|mouse|Baz1a|ENSMUSG00000035021|12|56024372|56024752|-|dn_5intron	538	209	290	1685
mammal|mouse|Baz1a|ENSMUSG00000035021|12|56024372|56024752|-|dn_exon	362	512	598	180
mammal|mouse|Baz1a|ENSMUSG00000035021|12|56024372|56024752|-|exon	530	534	3033	3050
mammal|mouse|Baz1a|ENSMUSG00000035021|12|56024372|56024752|-|up_3intron	351	106	18	31
mammal|mouse|Baz1a|ENSMUSG00000035021|12|56024372|56024752|-|up_5intron	620	55	73	181
mammal|mouse|Baz1a|ENSMUSG00000035021|12|56024372|56024752|-|up_exon	700	103	221	266
mammal|mouse|Baz2b|ENSMUSG00000026987|2|59797878|59798210|-|dn_3intron	230	98	132	201
mammal|mouse|Baz2b|ENSMUSG00000026987|2|59797878|59798210|-|dn_5intron	607	190	180	493
mammal|mouse|Baz2b|ENSMUSG00000026987|2|59797878|59798210|-|dn_exon	486	125	88	110
mammal|mouse|Baz2b|ENSMUSG00000026987|2|59797878|59798210|-|exon	261	100	42	143
mammal|mouse|Baz2b|ENSMUSG00000026987|2|59797878|59798210|-|up_3intron	882	238	740	924
mammal|mouse|Baz2b|ENSMUSG00000026987|2|59797878|59798210|-|up_5intron	1129	195	198	126
mammal|mouse|Baz2b|ENSMUSG00000026987|2|59797878|59798210|-|up_exon	173	102	26	41
mammal|mouse|Bbx|ENSMUSG00000022641|16|50210558|50210647|-|dn_3intron	820	416	744	2672
mammal|mouse|Bbx|ENSMUSG00000022641|16|50210558|50210647|-|dn_5intron	1020	447	524	2173
mammal|mouse|Bbx|ENSMUSG00000022641|16|50210558|50210647|-|dn_exon	202	40	30	74
mammal|mouse|Bbx|ENSMUSG00000022641|16|50210558|50210647|-|exon	198	48	18	12
mammal|mouse|Bbx|ENSMUSG00000022641|16|50210558|50210647|-|up_3intron	230	24	28	92
mammal|mouse|Bbx|ENSMUSG00000022641|16|50210558|50210647|-|up_5intron	599	359	145	192
mammal|mouse|Bbx|ENSMUSG00000022641|16|50210558|50210647|-|up_exon	266	119	85	143
mammal|mouse|Bcas1|ENSMUSG00000013523|2|170181747|170181908|-|dn_3intron	708	207	20	56
mammal|mouse|Bcas1|ENSMUSG00000013523|2|170181747|170181908|-|dn_5intron	404	178	71	214
mammal|mouse|Bcas1|ENSMUSG00000013523|2|170181747|170181908|-|dn_exon	221	75	92	155
mammal|mouse|Bcas1|ENSMUSG00000013523|2|170181747|170181908|-|exon	165	77	179	594
mammal|mouse|Bcas1|ENSMUSG00000013523|2|170181747|170181908|-|up_3intron	882	336	219	647
mammal|mouse|Bcas1|ENSMUSG00000013523|2|170181747|170181908|-|up_5intron	192	69	23	27
mammal|mouse|Bcas1|ENSMUSG00000013523|2|170191864|170192072|-|dn_3intron	126	194	75	26
mammal|mouse|Bcas1|ENSMUSG00000013523|2|170191864|170192072|-|dn_5intron	365	3448	1127	254
mammal|mouse|Bcas1|ENSMUSG00000013523|2|170191864|170192072|-|exon	283	11	41	42
mammal|mouse|Bcas1|ENSMUSG00000013523|2|170191864|170192072|-|up_3intron	416	166	366	914
mammal|mouse|Bcas1|ENSMUSG00000013523|2|170191864|170192072|-|up_5intron	1115	365	275	1284
mammal|mouse|Bcas1|ENSMUSG00000013523|2|170191864|170192072|-|up_exon	388	75	42	167
mammal|mouse|Bcas3|ENSMUSG00000059439|11|85357430|85357474|+|deep_dn	180	196	69	62
mammal|mouse|Bcas3|ENSMUSG00000059439|11|85357430|85357474|+|deep_up	418	121	54	90
mammal|mouse|Bcas3|ENSMUSG00000059439|11|85357430|85357474|+|dn_3intron	874	727	1791	1774
mammal|mouse|Bcas3|ENSMUSG00000059439|11|85357430|85357474|+|dn_5intron	893	16133	24134	3843
mammal|mouse|Bcas3|ENSMUSG00000059439|11|85357430|85357474|+|dn_exon	783	181	46	67
mammal|mouse|Bcas3|ENSMUSG00000059439|11|85357430|85357474|+|exon	308	959	2113	330
mammal|mouse|Bcas3|ENSMUSG00000059439|11|85357430|85357474|+|up_3intron	265	23	29	121
mammal|mouse|Bcas3|ENSMUSG00000059439|11|85357430|85357474|+|up_5intron	471	3409	30732	8347
mammal|mouse|Bcas3|ENSMUSG00000059439|11|85357430|85357474|+|up_exon	437	131	84	67
mammal|mouse|Bclaf1|ENSMUSG00000037608|10|20054305|20054451|+|dn_3intron	425	65	67	57
mammal|mouse|Bclaf1|ENSMUSG00000037608|10|20054305|20054451|+|dn_5intron	345	67	34	72
mammal|mouse|Bclaf1|ENSMUSG00000037608|10|20054305|20054451|+|dn_exon	243	96	66	91
mammal|mouse|Bclaf1|ENSMUSG00000037608|10|20054305|20054451|+|exon	156	45	47	10
mammal|mouse|Bclaf1|ENSMUSG00000037608|10|20054305|20054451|+|up_3intron	14	34	84	11
mammal|mouse|Bclaf1|ENSMUSG00000037608|10|20054305|20054451|+|up_5intron	475	103	76	88
mammal|mouse|Bclaf1|ENSMUSG00000037608|10|20054305|20054451|+|up_exon	96	72	58	53
mammal|mouse|Bin1|ENSMUSG00000024381|18|32582896|32582940|+|dn_3intron	1165	429	341	3054
mammal|mouse|Bin1|ENSMUSG00000024381|18|32582896|32582940|+|dn_5intron	1188	858	1744	1124
mammal|mouse|Bin1|ENSMUSG00000024381|18|32582896|32582940|+|dn_exon	96	89	18	8
mammal|mouse|Bin1|ENSMUSG00000024381|18|32582896|32582940|+|exon	88	78	89	88
mammal|mouse|Bin1|ENSMUSG00000024381|18|32582896|32582940|+|up_3intron	343	82	98	51
mammal|mouse|Bin1|ENSMUSG00000024381|18|32582896|32582940|+|up_5intron	1659	661	230	397
mammal|mouse|Bin1|ENSMUSG00000024381|18|32590802|32591396|+|up_3intron	289	43	39	21
mammal|mouse|Bin1|ENSMUSG00000024381|18|32590802|32591396|+|up_exon	505	613	1616	188
mammal|mouse|Braf|ENSMUSG00000002413|6|39596724|39596843|-|dn_3intron	493	191	2314	2541
mammal|mouse|Braf|ENSMUSG00000002413|6|39596724|39596843|-|dn_5intron	640	86	125	99
mammal|mouse|Braf|ENSMUSG00000002413|6|39596724|39596843|-|dn_exon	264	220	160	423
mammal|mouse|Braf|ENSMUSG00000002413|6|39596724|39596843|-|exon	957	600	1045	1304
mammal|mouse|Braf|ENSMUSG00000002413|6|39596724|39596843|-|up_3intron	2046	492	393	2847
mammal|mouse|Braf|ENSMUSG00000002413|6|39596724|39596843|-|up_5intron	1628	5535	40516	3631
mammal|mouse|Braf|ENSMUSG00000002413|6|39596724|39596843|-|up_exon	662	186	1092	1526
mammal|mouse|C230096C10Rik|ENSMUSG00000078517|4|138920235|138920254|+|dn_3intron	286	149	347	82
mammal|mouse|C230096C10Rik|ENSMUSG00000078517|4|138920235|138920254|+|dn_5intron	257	706	1566	1719
mammal|mouse|C230096C10Rik|ENSMUSG00000078517|4|138920235|138920254|+|dn_exon	490	287	32	13
mammal|mouse|C230096C10Rik|ENSMUSG00000078517|4|138920235|138920254|+|exon	226	18	44	360
mammal|mouse|C230096C10Rik|ENSMUSG00000078517|4|138920235|138920254|+|up_3intron	491	159	27	28
mammal|mouse|C230096C10Rik|ENSMUSG00000078517|4|138920235|138920254|+|up_5intron	277	277	76	83
mammal|mouse|C230096C10Rik|ENSMUSG00000078517|4|138920235|138920254|+|up_exon	626	188	264	206
mammal|mouse|Cadm1|ENSMUSG00000032076|9|47626817|47626900|+|up_3intron	727	174	386	1096
mammal|mouse|Cadm1|ENSMUSG00000032076|9|47626817|47626900|+|up_5intron	317	44	29	29
mammal|mouse|Cadm1|ENSMUSG00000032076|9|47626817|47626900|+|up_exon	633	273	214	633
mammal|mouse|Cadm1|ENSMUSG00000032076|9|47637460|47637614|+|dn_3intron	161	102	12	40
mammal|mouse|Cadm1|ENSMUSG00000032076|9|47637460|47637614|+|dn_5intron	25	178	37	14
mammal|mouse|Cadm1|ENSMUSG00000032076|9|47644794|47644853|+|dn_5intron	510	76	7	19
mammal|mouse|Cadm1|ENSMUSG00000032076|9|47644794|47644853|+|dn_exon	384	352	90	24
mammal|mouse|Cadm1|ENSMUSG00000032076|9|47644794|47644853|+|exon	627	100	37	56
mammal|mouse|Cadm1|ENSMUSG00000032076|9|47644794|47644853|+|up_3intron	16	2	6	50
mammal|mouse|Cadm1|ENSMUSG00000032076|9|47644794|47644853|+|up_5intron	105	50	112	92
mammal|mouse|Cald1|ENSMUSG00000029761|6|34697299|34697987|+|dn_3intron	260	119	39	48
mammal|mouse|Cald1|ENSMUSG00000029761|6|34697299|34697987|+|dn_5intron	479	115	108	184
mammal|mouse|Cald1|ENSMUSG00000029761|6|34697299|34697987|+|dn_exon	480	225	138	356
mammal|mouse|Cald1|ENSMUSG00000029761|6|34697299|34697987|+|exon	282	332	233	53
mammal|mouse|Cald1|ENSMUSG00000029761|6|34697299|34697987|+|up_3intron	250	34	99	105
mammal|mouse|Cald1|ENSMUSG00000029761|6|34697299|34697987|+|up_5intron	508	67	20	20
mammal|mouse|Camk2a|ENSMUSG00000024617|18|61127694|61128697|+|dn_3intron	397	213	52	19
mammal|mouse|Camk2a|ENSMUSG00000024617|18|61127694|61128697|+|dn_5intron	261	209	129	59
mammal|mouse|Camk2a|ENSMUSG00000024617|18|61127694|61128697|+|dn_exon	421	162	16	62
mammal|mouse|Camk2a|ENSMUSG00000024617|18|61127694|61128697|+|exon	697	90	40	36
mammal|mouse|Camk2a|ENSMUSG00000024617|18|61127694|61128697|+|up_3intron	902	213	83	63
mammal|mouse|Camk2a|ENSMUSG00000024617|18|61127694|61128697|+|up_5intron	422	115	17	5
mammal|mouse|Camk2a|ENSMUSG00000024617|18|61127694|61128697|+|up_exon	96	122	67	69
mammal|mouse|Camk2g|ENSMUSG00000021820|14|21560600|21561043|-|dn_3intron	548	211	223	528
mammal|mouse|Camk2g|ENSMUSG00000021820|14|21560600|21561043|-|dn_5intron	234	161	11	20
mammal|mouse|Camk2g|ENSMUSG00000021820|14|21560600|21561043|-|dn_exon	281	90	121	119
mammal|mouse|Camk2g|ENSMUSG00000021820|14|21560600|21561043|-|exon	1103	347	359	231
mammal|mouse|Camk2g|ENSMUSG00000021820|14|21560600|21561043|-|up_3intron	218	40	113	138
mammal|mouse|Camk2g|ENSMUSG00000021820|14|21560600|21561043|-|up_5intron	127	37	21	11
mammal|mouse|Camk2g|ENSMUSG00000021820|14|21560600|21561043|-|up_exon	604	104	69	46
mammal|mouse|Camsap1|ENSMUSG00000026933|2|25810778|25811027|-|dn_3intron	253	450	636	862
mammal|mouse|Camsap1|ENSMUSG00000026933|2|25810778|25811027|-|dn_5intron	282	557	742	788
mammal|mouse|Camsap1|ENSMUSG00000026933|2|25810778|25811027|-|dn_exon	747	1408	3943	2409
mammal|mouse|Camta1|ENSMUSG00000014592|4|150445535|150445565|-|deep_dn	716	172	265	662
mammal|mouse|Camta1|ENSMUSG00000014592|4|150445535|150445565|-|deep_up	492	152	33	12
mammal|mouse|Camta1|ENSMUSG00000014592|4|150445535|150445565|-|dn_3intron	199	148	24	17
mammal|mouse|Camta1|ENSMUSG00000014592|4|150445535|150445565|-|dn_5intron	605	2088	10238	3895
mammal|mouse|Camta1|ENSMUSG00000014592|4|150445535|150445565|-|exon	650	195	246	748
mammal|mouse|Camta1|ENSMUSG00000014592|4|150445535|150445565|-|up_3intron	472	118	124	190
mammal|mouse|Camta1|ENSMUSG00000014592|4|150445535|150445565|-|up_5intron	478	157	65	159
mammal|mouse|Camta1|ENSMUSG00000014592|4|150445535|150445565|-|up_exon	605	201	4	27
mammal|mouse|Cask|ENSMUSG00000031012|X|13128073|13128108|-|dn_3intron	333	67	57	139
mammal|mouse|Cask|ENSMUSG00000031012|X|13128073|13128108|-|dn_5intron	393	133	299	928
mammal|mouse|Cask|ENSMUSG00000031012|X|13128073|13128108|-|dn_exon	836	170	101	58
mammal|mouse|Cask|ENSMUSG00000031012|X|13128073|13128108|-|utr	12	10	13	7
mammal|mouse|Cask|ENSMUSG00000031012|X|13129499|13129570|-|up_3intron	347	2826	9455	2330
mammal|mouse|Cask|ENSMUSG00000031012|X|13129499|13129570|-|up_5intron	823	529	798	1278
mammal|mouse|Cask|ENSMUSG00000031012|X|13129499|13129570|-|up_exon	180	92	8	22
mammal|mouse|Ccdc64|ENSMUSG00000041609|5|116101165|116101273|-|dn_3intron	432	171	49	91
mammal|mouse|Ccdc64|ENSMUSG00000041609|5|116101165|116101273|-|dn_5intron	905	564	302	921
mammal|mouse|Ccdc64|ENSMUSG00000041609|5|116101165|116101273|-|dn_exon	1026	284	117	112
mammal|mouse|Ccdc64|ENSMUSG00000041609|5|116101165|116101273|-|exon	639	318	51	96
mammal|mouse|Ccdc64|ENSMUSG00000041609|5|116101165|116101273|-|up_3intron	206	93	15	11
mammal|mouse|Ccdc64|ENSMUSG00000041609|5|116101165|116101273|-|up_5intron	50	16	17	2
mammal|mouse|Ccdc64|ENSMUSG00000041609|5|116101165|116101273|-|up_exon	569	90	52	101
mammal|mouse|Ccdc64|ENSMUSG00000041609|5|116110215|116111885|-|dn_3intron	261	160	359	594
mammal|mouse|Ccdc64|ENSMUSG00000041609|5|116110215|116111885|-|dn_5intron	1078	221	358	458
mammal|mouse|Ccdc64|ENSMUSG00000041609|5|116110215|116111885|-|dn_exon	325	216	94	46
mammal|mouse|Ccdc64|ENSMUSG00000041609|5|116110215|116111885|-|exon	368	102	128	210
mammal|mouse|Ccdc64|ENSMUSG00000041609|5|116110215|116111885|-|up_3intron	2	1	1	2
mammal|mouse|Ccdc64|ENSMUSG00000041609|5|116110215|116111885|-|up_5intron	548	94	125	82
mammal|mouse|Ccdc64|ENSMUSG00000041609|5|116110215|116111885|-|up_exon	725	304	36	73
mammal|mouse|Ccpg1|ENSMUSG00000034563|9|72851913|72852008|+|dn_3intron	715	379	1819	2806
mammal|mouse|Ccpg1|ENSMUSG00000034563|9|72851913|72852008|+|dn_5intron	146	160	62	72
mammal|mouse|Ccpg1|ENSMUSG00000034563|9|72851913|72852008|+|exon	88	60	99	23
mammal|mouse|Ccpg1|ENSMUSG00000034563|9|72851913|72852008|+|up_3intron	52	8	5	27
mammal|mouse|Ccpg1|ENSMUSG00000034563|9|72851913|72852008|+|up_5intron	1290	412	132	431
mammal|mouse|Ccpg1|ENSMUSG00000034563|9|72851913|72852008|+|up_exon	521	417	31	134
mammal|mouse|Ccpg1|ENSMUSG00000034563|9|72855066|72855226|+|dn_3intron	164	36	16	19
mammal|mouse|Ccpg1|ENSMUSG00000034563|9|72855066|72855226|+|dn_5intron	145	34	198	164
mammal|mouse|Ccpg1|ENSMUSG00000034563|9|72855066|72855226|+|dn_exon	107	46	28	24
mammal|mouse|Ccpg1|ENSMUSG00000034563|9|72855066|72855226|+|exon	729	223	260	450
mammal|mouse|Ccpg1|ENSMUSG00000034563|9|72855066|72855226|+|up_3intron	395	28	91	203
mammal|mouse|Ccpg1|ENSMUSG00000034563|9|72855066|72855226|+|up_5intron	207	229	43	57
mammal|mouse|Cdc42bpa|ENSMUSG00000026490|1|182024075|182024317|+|dn_3intron	1493	202	228	1145
mammal|mouse|Cdc42bpa|ENSMUSG00000026490|1|182024075|182024317|+|dn_exon	423	96	41	108
mammal|mouse|Cdc42bpa|ENSMUSG00000026490|1|182024075|182024317|+|exon	197	79	212	143
mammal|mouse|Cdc42bpa|ENSMUSG00000026490|1|182024075|182024317|+|up_3intron	645	129	17	15
mammal|mouse|Cdc42bpa|ENSMUSG00000026490|1|182024075|182024317|+|up_5intron	180	25	33	31
mammal|mouse|Cdc42bpa|ENSMUSG00000026490|1|182024075|182024317|+|up_exon	86	17	25	27
mammal|mouse|Cdc42bpa|ENSMUSG00000026490|1|182053897|182054093|+|deep_dn	129	224	504	299
mammal|mouse|Cdc42bpa|ENSMUSG00000026490|1|182053897|182054093|+|deep_up	949	337	330	225
mammal|mouse|Cdc42bpa|ENSMUSG00000026490|1|182053897|182054093|+|dn_3intron	663	139	377	1092
mammal|mouse|Cdc42bpa|ENSMUSG00000026490|1|182053897|182054093|+|dn_5intron	462	443	520	313
mammal|mouse|Cdc42bpa|ENSMUSG00000026490|1|182053897|182054093|+|dn_exon	498	214	854	1529
mammal|mouse|Cdc42bpa|ENSMUSG00000026490|1|182053897|182054093|+|exon	942	776	3329	5101
mammal|mouse|Cdc42bpa|ENSMUSG00000026490|1|182053897|182054093|+|up_3intron	369	81	26	162
mammal|mouse|Cdc42bpa|ENSMUSG00000026490|1|182053897|182054093|+|up_5intron	114	16	45	131
mammal|mouse|Cdc42bpa|ENSMUSG00000026490|1|182053897|182054093|+|up_exon	737	367	478	1355
mammal|mouse|Cdc42bpa|ENSMUSG00000026490|1|182085537|182086111|+|deep_dn	246	91	30	37
mammal|mouse|Cdc42bpa|ENSMUSG00000026490|1|182085537|182086111|+|deep_up	1001	799	2464	361
mammal|mouse|Cdc42bpa|ENSMUSG00000026490|1|182085537|182086111|+|dn_3intron	349	59	109	174
mammal|mouse|Cdc42bpa|ENSMUSG00000026490|1|182085537|182086111|+|dn_5intron	856	223	238	311
mammal|mouse|Cdc42bpa|ENSMUSG00000026490|1|182085537|182086111|+|dn_exon	577	189	37	101
mammal|mouse|Cdc42bpa|ENSMUSG00000026490|1|182085537|182086111|+|exon	1172	313	301	261
mammal|mouse|Cdc42bpa|ENSMUSG00000026490|1|182085537|182086111|+|up_3intron	148	41	51	158
mammal|mouse|Cdc42bpa|ENSMUSG00000026490|1|182085537|182086111|+|up_5intron	415	1937	1155	375
mammal|mouse|Cdc42bpa|ENSMUSG00000026490|1|182085537|182086111|+|up_exon	294	119	72	104
mammal|mouse|Cdkl5|ENSMUSG00000031292|X|157250860|157250982|-|dn_3intron	802	646	3340	5451
mammal|mouse|Cdkl5|ENSMUSG00000031292|X|157250860|157250982|-|dn_5intron	702	111	240	477
mammal|mouse|Cdkl5|ENSMUSG00000031292|X|157250860|157250982|-|dn_exon	492	94	16	62
mammal|mouse|Cdkl5|ENSMUSG00000031292|X|157250860|157250982|-|exon	431	479	1600	1271
mammal|mouse|Cdkl5|ENSMUSG00000031292|X|157250860|157250982|-|up_3intron	496	142	208	1223
mammal|mouse|Cdkl5|ENSMUSG00000031292|X|157250860|157250982|-|up_5intron	368	70	12	35
mammal|mouse|Cdkl5|ENSMUSG00000031292|X|157250860|157250982|-|up_exon	122	50	54	37
mammal|mouse|Cept1|ENSMUSG00000040774|3|106315721|106315966|-|dn_3intron	86	2305	5793	1318
mammal|mouse|Cept1|ENSMUSG00000040774|3|106315721|106315966|-|dn_5intron	476	874	2894	2944
mammal|mouse|Cept1|ENSMUSG00000040774|3|106315721|106315966|-|dn_exon	295	59	142	926
mammal|mouse|Cept1|ENSMUSG00000040774|3|106315721|106315966|-|exon	494	277	2249	1393
mammal|mouse|Cept1|ENSMUSG00000040774|3|106315721|106315966|-|up_3intron	38	3	8	6
mammal|mouse|Cept1|ENSMUSG00000040774|3|106315721|106315966|-|up_5intron	154	17	6	26
mammal|mouse|Cept1|ENSMUSG00000040774|3|106322927|106323011|-|deep_dn	176	430	1514	1182
mammal|mouse|Cept1|ENSMUSG00000040774|3|106322927|106323011|-|deep_up	197	555	302	130
mammal|mouse|Cept1|ENSMUSG00000040774|3|106322927|106323011|-|dn_3intron	57	14	13	15
mammal|mouse|Cept1|ENSMUSG00000040774|3|106322927|106323011|-|dn_5intron	535	99	86	142
mammal|mouse|Cept1|ENSMUSG00000040774|3|106322927|106323011|-|exon	652	170	40	40
mammal|mouse|Cept1|ENSMUSG00000040774|3|106322927|106323011|-|up_3intron	285	75	55	486
mammal|mouse|Cept1|ENSMUSG00000040774|3|106322927|106323011|-|up_5intron	277	46	49	173
mammal|mouse|Cept1|ENSMUSG00000040774|3|106322927|106323011|-|up_exon	453	151	155	783
mammal|mouse|Clip1|ENSMUSG00000049550|5|124077303|124077419|-|deep_dn	226	148	48	16
mammal|mouse|Clip1|ENSMUSG00000049550|5|124077303|124077419|-|deep_up	1701	288	501	609
mammal|mouse|Clip1|ENSMUSG00000049550|5|124077303|124077419|-|dn_3intron	488	3128	8569	2451
mammal|mouse|Clip1|ENSMUSG00000049550|5|124077303|124077419|-|dn_5intron	117	118	342	57
mammal|mouse|Clip1|ENSMUSG00000049550|5|124077303|124077419|-|dn_exon	282	30	18	21
mammal|mouse|Clip1|ENSMUSG00000049550|5|124077303|124077419|-|exon	96	37	59	51
mammal|mouse|Clip1|ENSMUSG00000049550|5|124077303|124077419|-|up_3intron	757	492	1766	3632
mammal|mouse|Clip1|ENSMUSG00000049550|5|124077303|124077419|-|up_5intron	867	252	812	1150
mammal|mouse|Clip1|ENSMUSG00000049550|5|124077303|124077419|-|up_exon	509	109	122	210
mammal|mouse|Clip1|ENSMUSG00000049550|5|124088965|124088997|-|dn_3intron	675	204	84	209
mammal|mouse|Clip1|ENSMUSG00000049550|5|124088965|124088997|-|dn_5intron	502	109	11	19
mammal|mouse|Clip1|ENSMUSG00000049550|5|124088965|124088997|-|dn_exon	158	2789	5202	2037
mammal|mouse|Clip1|ENSMUSG00000049550|5|124088965|124088997|-|exon	584	114	162	519
mammal|mouse|Clip1|ENSMUSG00000049550|5|124088965|124088997|-|up_3intron	649	155	148	556
mammal|mouse|Clip1|ENSMUSG00000049550|5|124088965|124088997|-|up_5intron	278	116	181	13
mammal|mouse|Clip1|ENSMUSG00000049550|5|124088965|124088997|-|up_exon	117	35	15	25
mammal|mouse|Clip1|ENSMUSG00000049550|5|124092428|124092625|-|dn_3intron	326	102	152	261
mammal|mouse|Clip1|ENSMUSG00000049550|5|124092428|124092625|-|dn_5intron	731	287	751	536
mammal|mouse|Clip1|ENSMUSG00000049550|5|124092428|124092625|-|dn_exon	162	50	191	72
mammal|mouse|Clip1|ENSMUSG00000049550|5|124092428|124092625|-|exon	497	138	212	78
mammal|mouse|Clip1|ENSMUSG00000049550|5|124092428|124092625|-|up_3intron	566	911	1897	3021
mammal|mouse|Clip1|ENSMUSG00000049550|5|124092428|124092625|-|up_5intron	324	132	107	95
mammal|mouse|Clip1|ENSMUSG00000049550|5|124092428|124092625|-|up_exon	950	234	65	75
mammal|mouse|Clk4|ENSMUSG00000020385|11|51081665|51081733|+|dn_3intron	412	93	59	180
mammal|mouse|Clk4|ENSMUSG00000020385|11|51081665|51081733|+|dn_5intron	950	179	419	1041
mammal|mouse|Clk4|ENSMUSG00000020385|11|51081665|51081733|+|dn_exon	256	104	445	746
mammal|mouse|Clk4|ENSMUSG00000020385|11|51086580|51086670|+|dn_3intron	1130	147	179	447
mammal|mouse|Clk4|ENSMUSG00000020385|11|51086580|51086670|+|dn_5intron	918	240	722	2035
mammal|mouse|Clk4|ENSMUSG00000020385|11|51086580|51086670|+|dn_exon	529	215	339	685
mammal|mouse|Clk4|ENSMUSG00000020385|11|51086580|51086670|+|exon	82	68	162	153
mammal|mouse|Clk4|ENSMUSG00000020385|11|51086580|51086670|+|up_3intron	660	224	255	1521
mammal|mouse|Clk4|ENSMUSG00000020385|11|51086580|51086670|+|up_5intron	388	197	2703	1944
mammal|mouse|Clk4|ENSMUSG00000020385|11|51086580|51086670|+|up_exon	159	80	98	118
mammal|mouse|Clta|ENSMUSG00000028478|4|44043087|44043140|+|up_3intron	753	521	1257	2171
mammal|mouse|Clta|ENSMUSG00000028478|4|44043087|44043140|+|up_5intron	215	69	45	51
mammal|mouse|Clta|ENSMUSG00000028478|4|44043087|44043140|+|up_exon	31	21	26	26
mammal|mouse|Clta|ENSMUSG00000028478|4|44043849|44044307|+|dn_3intron	63	25	82	131
mammal|mouse|Clta|ENSMUSG00000028478|4|44043849|44044307|+|dn_5intron	1178	252	215	236
mammal|mouse|Clta|ENSMUSG00000028478|4|44043849|44044307|+|dn_exon	359	91	19	116
mammal|mouse|Cltb|ENSMUSG00000047547|13|54696504|54699988|-|dn_3intron	292	91	49	62
mammal|mouse|Cltb|ENSMUSG00000047547|13|54696504|54699988|-|dn_5intron	1124	449	252	206
mammal|mouse|Cltb|ENSMUSG00000047547|13|54696504|54699988|-|dn_exon	417	82	77	39
mammal|mouse|Cltb|ENSMUSG00000047547|13|54696504|54699988|-|exon	249	251	100	102
mammal|mouse|Cltb|ENSMUSG00000047547|13|54696504|54699988|-|up_5intron	77	29	39	11
mammal|mouse|Cltc|ENSMUSG00000047126|11|86514440|86514583|-|dn_3intron	1095	288	278	327
mammal|mouse|Cltc|ENSMUSG00000047126|11|86514440|86514583|-|dn_5intron	669	386	127	156
mammal|mouse|Cltc|ENSMUSG00000047126|11|86514440|86514583|-|dn_exon	803	1073	1101	1099
mammal|mouse|Cltc|ENSMUSG00000047126|11|86514440|86514583|-|exon	757	6549	20616	8789
mammal|mouse|Cltc|ENSMUSG00000047126|11|86514440|86514583|-|up_3intron	507	221	455	766
mammal|mouse|Cltc|ENSMUSG00000047126|11|86514440|86514583|-|up_5intron	308	110	93	463
mammal|mouse|Cltc|ENSMUSG00000047126|11|86514440|86514583|-|up_exon	303	64	66	79
mammal|mouse|Cnnm2|ENSMUSG00000064105|19|46946125|46946224|+|deep_dn	400	112	44	33
mammal|mouse|Cnnm2|ENSMUSG00000064105|19|46946125|46946224|+|deep_up	955	247	90	103
mammal|mouse|Cnnm2|ENSMUSG00000064105|19|46946125|46946224|+|dn_3intron	261	96	30	44
mammal|mouse|Cnnm2|ENSMUSG00000064105|19|46946125|46946224|+|dn_5intron	531	237	112	175
mammal|mouse|Cnnm2|ENSMUSG00000064105|19|46946125|46946224|+|dn_exon	192	164	23	102
mammal|mouse|Cnnm2|ENSMUSG00000064105|19|46946125|46946224|+|exon	497	3144	1478	708
mammal|mouse|Cnnm2|ENSMUSG00000064105|19|46946125|46946224|+|up_3intron	1070	193	153	208
mammal|mouse|Cnnm2|ENSMUSG00000064105|19|46946125|46946224|+|up_5intron	427	326	138	157
mammal|mouse|Cnnm2|ENSMUSG00000064105|19|46946125|46946224|+|up_exon	206	52	58	16
mammal|mouse|Cobll1|ENSMUSG00000034903|2|64970553|64970591|-|dn_3intron	336	170	196	175
mammal|mouse|Cobll1|ENSMUSG00000034903|2|64970553|64970591|-|dn_5intron	142	35	30	69
mammal|mouse|Cobll1|ENSMUSG00000034903|2|64970553|64970591|-|dn_exon	1369	364	1272	2004
mammal|mouse|Cobll1|ENSMUSG00000034903|2|64970553|64970591|-|exon	259	101	51	112
mammal|mouse|Cobll1|ENSMUSG00000034903|2|64970553|64970591|-|up_3intron	268	114	126	354
mammal|mouse|Cobll1|ENSMUSG00000034903|2|64970553|64970591|-|up_5intron	195	82	120	228
mammal|mouse|Cobll1|ENSMUSG00000034903|2|64970553|64970591|-|up_exon	1012	217	107	80
mammal|mouse|Col4a3bp|ENSMUSG00000021669|13|97386949|97387026|+|dn_3intron	1485	290	215	736
mammal|mouse|Col4a3bp|ENSMUSG00000021669|13|97386949|97387026|+|dn_5intron	594	133	927	1044
mammal|mouse|Col4a3bp|ENSMUSG00000021669|13|97386949|97387026|+|dn_exon	198	45	121	175
mammal|mouse|Col4a3bp|ENSMUSG00000021669|13|97386949|97387026|+|exon	306	102	29	93
mammal|mouse|Col4a3bp|ENSMUSG00000021669|13|97386949|97387026|+|up_3intron	1145	1248	5444	14945
mammal|mouse|Col4a3bp|ENSMUSG00000021669|13|97386949|97387026|+|up_5intron	674	313	1300	2763
mammal|mouse|Col4a3bp|ENSMUSG00000021669|13|97386949|97387026|+|up_exon	129	61	124	302
mammal|mouse|Col4a3bp|ENSMUSG00000021669|13|97386949|97387026|+|utr	669	69	144	108
mammal|mouse|Col6a3|ENSMUSG00000048126|1|92709792|92710391|-|dn_3intron	1005	335	296	149
mammal|mouse|Col6a3|ENSMUSG00000048126|1|92709792|92710391|-|dn_5intron	659	317	110	53
mammal|mouse|Col6a3|ENSMUSG00000048126|1|92709792|92710391|-|dn_exon	688	238	183	249
mammal|mouse|Col6a3|ENSMUSG00000048126|1|92709792|92710391|-|exon	267	59	22	29
mammal|mouse|Col6a3|ENSMUSG00000048126|1|92709792|92710391|-|up_3intron	489	293	156	195
mammal|mouse|Col6a3|ENSMUSG00000048126|1|92709792|92710391|-|up_5intron	65	28	40	13
mammal|mouse|Col6a3|ENSMUSG00000048126|1|92718379|92718981|-|dn_3intron	274	362	64	73
mammal|mouse|Col6a3|ENSMUSG00000048126|1|92718379|92718981|-|dn_5intron	399	161	262	90
mammal|mouse|Col6a3|ENSMUSG00000048126|1|92724437|92725124|-|up_3intron	1468	321	77	68
mammal|mouse|Col6a3|ENSMUSG00000048126|1|92724437|92725124|-|up_5intron	151	92	70	77
mammal|mouse|Col6a3|ENSMUSG00000048126|1|92724437|92725124|-|up_exon	551	178	18	37
mammal|mouse|Cpeb2|ENSMUSG00000039782|5|43629566|43629655|+|dn_3intron	153	10	16	10
mammal|mouse|Cpeb2|ENSMUSG00000039782|5|43629566|43629655|+|dn_5intron	532	127	158	1528
mammal|mouse|Cpeb2|ENSMUSG00000039782|5|43629566|43629655|+|dn_exon	321	17572	11128	1066
mammal|mouse|Cpeb2|ENSMUSG00000039782|5|43629566|43629655|+|exon	709	179	112	172
mammal|mouse|Cpeb2|ENSMUSG00000039782|5|43629566|43629655|+|up_3intron	111	13	45	61
mammal|mouse|Cpeb2|ENSMUSG00000039782|5|43629566|43629655|+|up_5intron	95	29	19	18
mammal|mouse|Cpeb2|ENSMUSG00000039782|5|43629566|43629655|+|up_exon	322	78	64	76
mammal|mouse|Cpeb3|ENSMUSG00000039652|19|37180281|37180304|-|deep_dn	42	39	39	12
mammal|mouse|Cpeb3|ENSMUSG00000039652|19|37180281|37180304|-|deep_up	148	17	42	25
mammal|mouse|Cpeb3|ENSMUSG00000039652|19|37180281|37180304|-|dn_3intron	371	145	428	1884
mammal|mouse|Cpeb3|ENSMUSG00000039652|19|37180281|37180304|-|dn_5intron	394	264	538	1853
mammal|mouse|Cpeb3|ENSMUSG00000039652|19|37180281|37180304|-|dn_exon	402	126	48	25
mammal|mouse|Cpeb3|ENSMUSG00000039652|19|37180281|37180304|-|exon	1142	272	473	1024
mammal|mouse|Cpeb3|ENSMUSG00000039652|19|37180281|37180304|-|up_3intron	356	80	275	1300
mammal|mouse|Cpeb3|ENSMUSG00000039652|19|37180281|37180304|-|up_5intron	463	162	309	1189
mammal|mouse|Cpeb3|ENSMUSG00000039652|19|37180281|37180304|-|up_exon	191	204	255	114
mammal|mouse|Cpeb4|ENSMUSG00000020300|11|31818801|31818824|+|dn_3intron	410	121	103	321
mammal|mouse|Cpeb4|ENSMUSG00000020300|11|31818801|31818824|+|dn_5intron	431	334	764	300
mammal|mouse|Cpeb4|ENSMUSG00000020300|11|31818801|31818824|+|dn_exon	975	231	70	101
mammal|mouse|Cpeb4|ENSMUSG00000020300|11|31818801|31818824|+|exon	41	615	1218	672
mammal|mouse|Cpeb4|ENSMUSG00000020300|11|31818801|31818824|+|up_3intron	543	135	354	390
mammal|mouse|Cpeb4|ENSMUSG00000020300|11|31818801|31818824|+|up_5intron	1043	335	210	424
mammal|mouse|Cpeb4|ENSMUSG00000020300|11|31818801|31818824|+|up_exon	915	251	80	180
mammal|mouse|Csde1|ENSMUSG00000068823|3|102844364|102844456|+|dn_3intron	182	26	52	69
mammal|mouse|Csde1|ENSMUSG00000068823|3|102844364|102844456|+|dn_exon	561	101	196	431
mammal|mouse|Csde1|ENSMUSG00000068823|3|102844364|102844456|+|exon	332	164	156	428
mammal|mouse|Csde1|ENSMUSG00000068823|3|102844364|102844456|+|up_3intron	368	432	856	1482
mammal|mouse|Csde1|ENSMUSG00000068823|3|102844364|102844456|+|up_5intron	90	93	423	249
mammal|mouse|Csde1|ENSMUSG00000068823|3|102844364|102844456|+|up_exon	646	145	240	488
mammal|mouse|Cttn|ENSMUSG00000031078|7|151637932|151638389|-|dn_5intron	693	785	1115	1578
mammal|mouse|Cttn|ENSMUSG00000031078|7|151637932|151638389|-|dn_exon	938	349	52	104
mammal|mouse|Cttn|ENSMUSG00000031078|7|151637932|151638389|-|exon	559	278	402	388
mammal|mouse|Cttn|ENSMUSG00000031078|7|151637932|151638389|-|up_3intron	292	212	119	114
mammal|mouse|Cttn|ENSMUSG00000031078|7|151637932|151638389|-|up_5intron	243	146	20	27
mammal|mouse|Cyfip1|ENSMUSG00000030447|7|63153195|63153342|+|dn_3intron	641	20304	20601	654
mammal|mouse|Cyfip1|ENSMUSG00000030447|7|63153195|63153342|+|dn_5intron	888	379	238	78
mammal|mouse|Cyfip1|ENSMUSG00000030447|7|63153195|63153342|+|dn_exon	625	171	169	531
mammal|mouse|Cyfip1|ENSMUSG00000030447|7|63153195|63153342|+|up_3intron	1012	424	405	1976
mammal|mouse|Cyfip1|ENSMUSG00000030447|7|63153195|63153342|+|up_5intron	386	81	67	39
mammal|mouse|Cyfip1|ENSMUSG00000030447|7|63153195|63153342|+|up_exon	471	159	190	72
mammal|mouse|Daam2|ENSMUSG00000040260|17|49613434|49613577|-|dn_3intron	748	108	155	122
mammal|mouse|Daam2|ENSMUSG00000040260|17|49613434|49613577|-|dn_5intron	280	190	210	245
mammal|mouse|Daam2|ENSMUSG00000040260|17|49613434|49613577|-|dn_exon	1530	167	338	104
mammal|mouse|Daam2|ENSMUSG00000040260|17|49613434|49613577|-|exon	68	48	101	83
mammal|mouse|Daam2|ENSMUSG00000040260|17|49613434|49613577|-|up_3intron	1162	190	29	42
mammal|mouse|Daam2|ENSMUSG00000040260|17|49613434|49613577|-|up_5intron	338	77	68	24
mammal|mouse|Dcaf6|ENSMUSG00000026571|1|167274453|167274494|-|deep_dn	566	228	1033	687
mammal|mouse|Dcaf6|ENSMUSG00000026571|1|167274453|167274494|-|deep_up	677	152	23	142
mammal|mouse|Dcaf6|ENSMUSG00000026571|1|167274453|167274494|-|dn_3intron	564	127	253	818
mammal|mouse|Dcaf6|ENSMUSG00000026571|1|167274453|167274494|-|dn_5intron	643	145	19	67
mammal|mouse|Dcaf6|ENSMUSG00000026571|1|167274453|167274494|-|dn_exon	1053	403	624	348
mammal|mouse|Dcaf6|ENSMUSG00000026571|1|167274453|167274494|-|exon	398	161	81	232
mammal|mouse|Dcaf6|ENSMUSG00000026571|1|167274453|167274494|-|up_3intron	551	129	207	523
mammal|mouse|Dcaf6|ENSMUSG00000026571|1|167274453|167274494|-|up_5intron	151	14	5	14
mammal|mouse|Dcaf6|ENSMUSG00000026571|1|167274453|167274494|-|up_exon	299	228	146	339
mammal|mouse|Dcaf6|ENSMUSG00000026571|1|167297577|167297636|-|dn_5intron	864	1213	1353	10567
mammal|mouse|Dcaf6|ENSMUSG00000026571|1|167297577|167297636|-|dn_exon	72	16	31	52
mammal|mouse|Dcaf6|ENSMUSG00000026571|1|167297577|167297636|-|exon	658	126	268	515
mammal|mouse|Dcaf6|ENSMUSG00000026571|1|167297577|167297636|-|up_3intron	1277	493	591	2178
mammal|mouse|Dcaf6|ENSMUSG00000026571|1|167297577|167297636|-|up_5intron	546	173	174	552
mammal|mouse|Dcaf6|ENSMUSG00000026571|1|167301254|167301379|-|dn_3intron	126	37	92	65
mammal|mouse|Dcaf6|ENSMUSG00000026571|1|167301254|167301379|-|exon	167	1439	942	251
mammal|mouse|Dcaf6|ENSMUSG00000026571|1|167301254|167301379|-|up_3intron	1022	196	131	174
mammal|mouse|Dcaf6|ENSMUSG00000026571|1|167301254|167301379|-|up_5intron	433	238	83	211
mammal|mouse|Dcaf6|ENSMUSG00000026571|1|167301254|167301379|-|up_exon	307	141	60	125
mammal|mouse|Decr2|ENSMUSG00000036775|17|26220956|26221098|-|dn_3intron	686	275	79	215
mammal|mouse|Decr2|ENSMUSG00000036775|17|26220956|26221098|-|dn_exon	938	341	508	855
mammal|mouse|Decr2|ENSMUSG00000036775|17|26220956|26221098|-|up_3intron	315	153	49	136
mammal|mouse|Decr2|ENSMUSG00000036775|17|26220956|26221098|-|up_5intron	640	180	681	727
mammal|mouse|Decr2|ENSMUSG00000036775|17|26220956|26221098|-|up_exon	246	227	19	72
mammal|mouse|Dlg1|ENSMUSG00000022770|16|31771843|31775810|+|deep_dn	554	237	403	3364
mammal|mouse|Dlg1|ENSMUSG00000022770|16|31771843|31775810|+|deep_up	673	217	372	2306
mammal|mouse|Dlg1|ENSMUSG00000022770|16|31771843|31775810|+|dn_3intron	573	167	232	715
mammal|mouse|Dlg1|ENSMUSG00000022770|16|31771843|31775810|+|dn_5intron	431	149	805	691
mammal|mouse|Dlg1|ENSMUSG00000022770|16|31771843|31775810|+|dn_exon	70	151	79	56
mammal|mouse|Dlg1|ENSMUSG00000022770|16|31771843|31775810|+|exon	12	62	105	18
mammal|mouse|Dlg1|ENSMUSG00000022770|16|31771843|31775810|+|up_3intron	1398	146	255	409
mammal|mouse|Dlg1|ENSMUSG00000022770|16|31771843|31775810|+|up_5intron	462	94	571	1542
mammal|mouse|Dlg1|ENSMUSG00000022770|16|31771843|31775810|+|up_exon	82	72	57	33
mammal|mouse|Dlg2|ENSMUSG00000052572|7|99565622|99565833|+|up_3intron	1773	582	156	267
mammal|mouse|Dlg2|ENSMUSG00000052572|7|99565622|99565833|+|up_5intron	160	32	24	16
mammal|mouse|Dlg2|ENSMUSG00000052572|7|99565622|99565833|+|up_exon	314	51	48	48
mammal|mouse|Dlg2|ENSMUSG00000052572|7|99565622|99565833|+|utr	282	104	145	612
mammal|mouse|Dlg2|ENSMUSG00000052572|7|99566598|99566643|+|dn_3intron	770	557	452	2092
mammal|mouse|Dlg2|ENSMUSG00000052572|7|99566598|99566643|+|dn_5intron	1419	10604	15452	4709
mammal|mouse|Dlg2|ENSMUSG00000052572|7|99566598|99566643|+|dn_exon	583	282	129	635
mammal|mouse|Dlgap4|ENSMUSG00000061689|2|156574068|156574156|+|up_3intron	3737	19136	92577	19339
mammal|mouse|Dlgap4|ENSMUSG00000061689|2|156574068|156574156|+|up_5intron	560	1042	740	492
mammal|mouse|Dlgap4|ENSMUSG00000061689|2|156574068|156574156|+|up_exon	295	242	88	168
mammal|mouse|Dnm1l|ENSMUSG00000022789|16|16318853|16318934|-|dn_3intron	145	25	22	30
mammal|mouse|Dnm1l|ENSMUSG00000022789|16|16318853|16318934|-|dn_5intron	185	630	832	530
mammal|mouse|Dnm1l|ENSMUSG00000022789|16|16318853|16318934|-|dn_exon	289	18865	5913	573
mammal|mouse|Dnm1l|ENSMUSG00000022789|16|16318853|16318934|-|exon	551	233	23	25
mammal|mouse|Dnm1l|ENSMUSG00000022789|16|16318853|16318934|-|up_3intron	705	142	105	1249
mammal|mouse|Dnm1l|ENSMUSG00000022789|16|16318853|16318934|-|up_5intron	328	42	16	43
mammal|mouse|Dnm1l|ENSMUSG00000022789|16|16318853|16318934|-|up_exon	143	56	103	123
mammal|mouse|Dnm1l|ENSMUSG00000022789|16|16342790|16342828|-|dn_3intron	1535	254	443	1122
mammal|mouse|Dnm1l|ENSMUSG00000022789|16|16342790|16342828|-|dn_5intron	1876	1946	9244	1525
mammal|mouse|Dnm1l|ENSMUSG00000022789|16|16342790|16342828|-|dn_exon	335	1128	1822	513
mammal|mouse|Dnm1l|ENSMUSG00000022789|16|16342790|16342828|-|exon	2250	517	354	1746
mammal|mouse|Dnm1l|ENSMUSG00000022789|16|16342790|16342828|-|up_3intron	257	82	40	179
mammal|mouse|Dnm1l|ENSMUSG00000022789|16|16342790|16342828|-|up_5intron	259	67	54	84
mammal|mouse|Dnm1l|ENSMUSG00000022789|16|16342790|16342828|-|up_exon	199	90	128	326
mammal|mouse|Dock9|ENSMUSG00000025558|14|121990530|121990576|-|dn_3intron	29	23	28	17
mammal|mouse|Dock9|ENSMUSG00000025558|14|121990530|121990576|-|dn_5intron	36	113	8	11
mammal|mouse|Dock9|ENSMUSG00000025558|14|121990530|121990576|-|dn_exon	1039	244	44	169
mammal|mouse|Dock9|ENSMUSG00000025558|14|121990530|121990576|-|exon	403	97	333	182
mammal|mouse|Dock9|ENSMUSG00000025558|14|121990530|121990576|-|up_3intron	545	4397	5064	404
mammal|mouse|Dock9|ENSMUSG00000025558|14|121990530|121990576|-|up_5intron	402	135	64	48
mammal|mouse|Dock9|ENSMUSG00000025558|14|121990530|121990576|-|up_exon	440	1476	2816	2879
mammal|mouse|Dopey1|ENSMUSG00000034973|9|86447005|86447055|+|dn_3intron	537	159	146	367
mammal|mouse|Dopey1|ENSMUSG00000034973|9|86447005|86447055|+|dn_5intron	266	68	160	227
mammal|mouse|Dopey1|ENSMUSG00000034973|9|86447005|86447055|+|dn_exon	134	250	116	335
mammal|mouse|Dopey1|ENSMUSG00000034973|9|86447005|86447055|+|exon	640	217	488	373
mammal|mouse|Dopey1|ENSMUSG00000034973|9|86447005|86447055|+|up_3intron	242	103	49	30
mammal|mouse|Dph3|ENSMUSG00000021905|14|32898093|32898293|-|dn_3intron	551	162	40	5
mammal|mouse|Dph3|ENSMUSG00000021905|14|32898093|32898293|-|dn_5intron	308	206	1167	220
mammal|mouse|Dph3|ENSMUSG00000021905|14|32898093|32898293|-|dn_exon	94	21	21	9
mammal|mouse|Dph3|ENSMUSG00000021905|14|32898093|32898293|-|exon	785	313	2276	524
mammal|mouse|Dph3|ENSMUSG00000021905|14|32898093|32898293|-|up_3intron	40	29	37	4
mammal|mouse|Dph3|ENSMUSG00000021905|14|32898093|32898293|-|up_5intron	368	125	101	56
mammal|mouse|Dph3|ENSMUSG00000021905|14|32898093|32898293|-|up_exon	214	118	124	51
mammal|mouse|Dram1|ENSMUSG00000020057|10|87791828|87791886|-|deep_dn	162	261	474	601
mammal|mouse|Dram1|ENSMUSG00000020057|10|87791828|87791886|-|deep_up	62	15	30	23
mammal|mouse|Dram1|ENSMUSG00000020057|10|87791828|87791886|-|dn_3intron	14	2	2	1
mammal|mouse|Dram1|ENSMUSG00000020057|10|87791828|87791886|-|dn_5intron	698	118	137	97
mammal|mouse|Dram1|ENSMUSG00000020057|10|87791828|87791886|-|dn_exon	1097	223	63	194
mammal|mouse|Dram1|ENSMUSG00000020057|10|87791828|87791886|-|exon	785	182	223	833
mammal|mouse|Dram1|ENSMUSG00000020057|10|87791828|87791886|-|up_3intron	236	54	26	33
mammal|mouse|Dram1|ENSMUSG00000020057|10|87791828|87791886|-|up_5intron	376	108	109	96
mammal|mouse|Dram1|ENSMUSG00000020057|10|87791828|87791886|-|up_exon	233	45	56	36
mammal|mouse|Dram1|ENSMUSG00000020057|10|87791828|87791886|-|utr	663	106	135	559
mammal|mouse|Dtna|ENSMUSG00000024302|18|23768965|23769042|+|up_3intron	871	351	34	130
mammal|mouse|Dtna|ENSMUSG00000024302|18|23768965|23769042|+|up_5intron	309	97	55	26
mammal|mouse|Dtna|ENSMUSG00000024302|18|23768965|23769042|+|up_exon	423	231	255	1125
mammal|mouse|Dtna|ENSMUSG00000024302|18|23769565|23769657|+|dn_3intron	745	186	119	95
mammal|mouse|Dtna|ENSMUSG00000024302|18|23769565|23769657|+|dn_5intron	116	102	82	145
mammal|mouse|Dtna|ENSMUSG00000024302|18|23769565|23769657|+|dn_exon	257	162	355	198
mammal|mouse|Dtnb|ENSMUSG00000071454|12|3754087|3754116|+|dn_3intron	861	1663	3056	559
mammal|mouse|Dtnb|ENSMUSG00000071454|12|3754087|3754116|+|dn_5intron	729	4359	1930	640
mammal|mouse|Dtnb|ENSMUSG00000071454|12|3754087|3754116|+|dn_exon	156	425	353	318
mammal|mouse|Dtnb|ENSMUSG00000071454|12|3754087|3754116|+|exon	997	256	103	117
mammal|mouse|Dtnb|ENSMUSG00000071454|12|3754087|3754116|+|up_3intron	1011	177	137	337
mammal|mouse|Dtnb|ENSMUSG00000071454|12|3754087|3754116|+|up_5intron	756	255	232	263
mammal|mouse|Dtnb|ENSMUSG00000071454|12|3754087|3754116|+|up_exon	135	30	130	40
mammal|mouse|Dym|ENSMUSG00000035765|18|75322121|75322285|+|deep_dn	120	7	29	60
mammal|mouse|Dym|ENSMUSG00000035765|18|75322121|75322285|+|deep_up	334	495	664	687
mammal|mouse|Dym|ENSMUSG00000035765|18|75322121|75322285|+|dn_3intron	677	108	37	44
mammal|mouse|Dym|ENSMUSG00000035765|18|75322121|75322285|+|dn_5intron	726	15688	12592	631
mammal|mouse|Dym|ENSMUSG00000035765|18|75322121|75322285|+|dn_exon	631	220	119	163
mammal|mouse|Dym|ENSMUSG00000035765|18|75322121|75322285|+|exon	689	190	226	472
mammal|mouse|Dym|ENSMUSG00000035765|18|75322121|75322285|+|up_3intron	267	23	8	5
mammal|mouse|Dym|ENSMUSG00000035765|18|75322121|75322285|+|up_5intron	569	90	90	48
mammal|mouse|Dym|ENSMUSG00000035765|18|75322121|75322285|+|up_exon	778	325	778	2767
mammal|mouse|Dync1i1|ENSMUSG00000029757|6|5734439|5734498|+|deep_dn	702	174	92	88
mammal|mouse|Dync1i1|ENSMUSG00000029757|6|5734439|5734498|+|deep_up	221	50	14	18
mammal|mouse|Dync1i1|ENSMUSG00000029757|6|5734439|5734498|+|dn_3intron	792	182	312	312
mammal|mouse|Dync1i1|ENSMUSG00000029757|6|5734439|5734498|+|dn_5intron	1514	534	240	462
mammal|mouse|Dync1i1|ENSMUSG00000029757|6|5734439|5734498|+|dn_exon	270	271	198	601
mammal|mouse|Dync1i1|ENSMUSG00000029757|6|5734439|5734498|+|exon	513	791	502	377
mammal|mouse|Dync1i1|ENSMUSG00000029757|6|5734439|5734498|+|up_3intron	920	420	6405	1372
mammal|mouse|Dync1i1|ENSMUSG00000029757|6|5734439|5734498|+|up_5intron	1955	1199	1320	1306
mammal|mouse|Dync1i1|ENSMUSG00000029757|6|5734439|5734498|+|up_exon	603	123	32	101
mammal|mouse|Dync1i2|ENSMUSG00000027012|2|71071706|71071765|+|dn_3intron	265	55	21	25
mammal|mouse|Dync1i2|ENSMUSG00000027012|2|71071706|71071765|+|dn_5intron	314	102	233	983
mammal|mouse|Dync1i2|ENSMUSG00000027012|2|71071706|71071765|+|exon	434	177	115	412
mammal|mouse|Dync1i2|ENSMUSG00000027012|2|71071706|71071765|+|up_3intron	552	933	3694	1777
mammal|mouse|Dync1i2|ENSMUSG00000027012|2|71071706|71071765|+|up_exon	107	77	98	241
mammal|mouse|Edem3|ENSMUSG00000043019|1|153659884|153659898|+|dn_3intron	257	102	20	18
mammal|mouse|Edem3|ENSMUSG00000043019|1|153659884|153659898|+|dn_5intron	939	98	55	58
mammal|mouse|Edem3|ENSMUSG00000043019|1|153659884|153659898|+|dn_exon	331	143	80	31
mammal|mouse|Edem3|ENSMUSG00000043019|1|153659884|153659898|+|up_3intron	833	223	103	157
mammal|mouse|Edem3|ENSMUSG00000043019|1|153659884|153659898|+|up_5intron	506	95	21	35
mammal|mouse|Edem3|ENSMUSG00000043019|1|153659884|153659898|+|up_exon	477	90	37	55
mammal|mouse|Efha1|ENSMUSG00000021973|14|58573835|58573867|-|dn_3intron	546	232	122	112
mammal|mouse|Efha1|ENSMUSG00000021973|14|58573835|58573867|-|dn_5intron	1562	329	271	310
mammal|mouse|Efha1|ENSMUSG00000021973|14|58573835|58573867|-|dn_exon	216	60	87	177
mammal|mouse|Efha1|ENSMUSG00000021973|14|58573835|58573867|-|exon	63	370	1099	514
mammal|mouse|Efha1|ENSMUSG00000021973|14|58573835|58573867|-|up_3intron	499	198	572	383
mammal|mouse|Efha1|ENSMUSG00000021973|14|58573835|58573867|-|up_5intron	91	23	44	12
mammal|mouse|Efha1|ENSMUSG00000021973|14|58573835|58573867|-|up_exon	696	206	57	81
mammal|mouse|Efr3a|ENSMUSG00000015002|15|65696232|65696453|+|dn_3intron	253	42	14	42
mammal|mouse|Efr3a|ENSMUSG00000015002|15|65696232|65696453|+|dn_5intron	1166	216	395	2859
mammal|mouse|Efr3a|ENSMUSG00000015002|15|65696232|65696453|+|dn_exon	314	65	66	156
mammal|mouse|Efr3a|ENSMUSG00000015002|15|65696232|65696453|+|exon	1059	218	149	157
mammal|mouse|Efr3a|ENSMUSG00000015002|15|65696232|65696453|+|up_3intron	482	85	92	251
mammal|mouse|Efr3a|ENSMUSG00000015002|15|65696232|65696453|+|up_5intron	245	56	17	60
mammal|mouse|Efr3a|ENSMUSG00000015002|15|65696232|65696453|+|up_exon	755	135	82	145
mammal|mouse|Eml4|ENSMUSG00000032624|17|83827556|83827588|+|dn_3intron	471	131	94	103
mammal|mouse|Eml4|ENSMUSG00000032624|17|83827556|83827588|+|dn_5intron	626	161	77	636
mammal|mouse|Eml4|ENSMUSG00000032624|17|83827556|83827588|+|dn_exon	932	234	155	188
mammal|mouse|Eml4|ENSMUSG00000032624|17|83827556|83827588|+|exon	299	153	58	77
mammal|mouse|Eml4|ENSMUSG00000032624|17|83827556|83827588|+|up_3intron	809	193	233	720
mammal|mouse|Eml4|ENSMUSG00000032624|17|83827556|83827588|+|up_exon	190	25	11	18
mammal|mouse|Enah|ENSMUSG00000022995|1|183840567|183841790|-|dn_3intron	392	119	116	213
mammal|mouse|Enah|ENSMUSG00000022995|1|183840567|183841790|-|dn_5intron	349	102	218	1157
mammal|mouse|Enah|ENSMUSG00000022995|1|183840567|183841790|-|dn_exon	434	180	34	54
mammal|mouse|Enah|ENSMUSG00000022995|1|183840567|183841790|-|exon	782	246	125	382
mammal|mouse|Enah|ENSMUSG00000022995|1|183840567|183841790|-|up_3intron	721	192	1393	1166
mammal|mouse|Enah|ENSMUSG00000022995|1|183840567|183841790|-|up_5intron	1110	282	198	676
mammal|mouse|Enah|ENSMUSG00000022995|1|183840567|183841790|-|up_exon	312	135	35	95
mammal|mouse|Epb4.1|ENSMUSG00000028906|4|131518839|131518904|-|dn_5intron	338	4235	6074	1006
mammal|mouse|Epb4.1|ENSMUSG00000028906|4|131518839|131518904|-|dn_exon	336	308	581	741
mammal|mouse|Epb4.1|ENSMUSG00000028906|4|131520046|131520102|-|up_3intron	185	34	18	31
mammal|mouse|Epb4.1|ENSMUSG00000028906|4|131520046|131520102|-|up_5intron	321	97	121	522
mammal|mouse|Epb4.1|ENSMUSG00000028906|4|131520046|131520102|-|up_exon	133	35	5	10
mammal|mouse|Epb4.1l2|ENSMUSG00000019978|10|25213370|25213435|+|dn_3intron	533	601	14124	1389
mammal|mouse|Epb4.1l2|ENSMUSG00000019978|10|25213370|25213435|+|dn_5intron	812	118	46	47
mammal|mouse|Epb4.1l2|ENSMUSG00000019978|10|25213370|25213435|+|exon	89	13	16	7
mammal|mouse|Epb4.1l2|ENSMUSG00000019978|10|25213370|25213435|+|up_3intron	1695	198	554	3182
mammal|mouse|Epb4.1l2|ENSMUSG00000019978|10|25213370|25213435|+|up_5intron	1463	294	2030	1434
mammal|mouse|Epb4.1l2|ENSMUSG00000019978|10|25213370|25213435|+|up_exon	421	100	248	911
mammal|mouse|Epb4.1l2|ENSMUSG00000019978|10|25216056|25218260|+|dn_3intron	1754	594	246	1518
mammal|mouse|Epb4.1l2|ENSMUSG00000019978|10|25216056|25218260|+|dn_5intron	1307	1190	12430	1598
mammal|mouse|Epb4.1l2|ENSMUSG00000019978|10|25216056|25218260|+|dn_exon	460	271	244	78
mammal|mouse|Epb4.1l2|ENSMUSG00000019978|10|25216056|25218260|+|exon	702	15923	17565	1274
mammal|mouse|Epb4.1l2|ENSMUSG00000019978|10|25216056|25218260|+|up_3intron	416	135	219	1060
mammal|mouse|Epb4.1l2|ENSMUSG00000019978|10|25216056|25218260|+|up_5intron	533	104	126	156
mammal|mouse|Epb4.1l2|ENSMUSG00000019978|10|25221384|25221437|+|dn_5intron	869	587	311	445
mammal|mouse|Epb4.1l2|ENSMUSG00000019978|10|25221384|25221437|+|dn_exon	399	112	147	172
mammal|mouse|Epb4.1l2|ENSMUSG00000019978|10|25221384|25221437|+|up_3intron	1110	175	297	277
mammal|mouse|Epb4.1l2|ENSMUSG00000019978|10|25221384|25221437|+|up_5intron	1094	218	158	233
mammal|mouse|Epb4.1l2|ENSMUSG00000019978|10|25221384|25221437|+|up_exon	161	221	88	344
mammal|mouse|Epb4.1l3|ENSMUSG00000024044|17|69614863|69615772|+|deep_up	584	506	199	697
mammal|mouse|Epb4.1l3|ENSMUSG00000024044|17|69614863|69615772|+|up_5intron	64	56	31	79
mammal|mouse|Epb4.1l3|ENSMUSG00000024044|17|69614863|69615772|+|up_exon	153	21	35	20
mammal|mouse|Epb4.1l3|ENSMUSG00000024044|17|69623441|69623686|+|dn_3intron	120	22	112	49
mammal|mouse|Epb4.1l3|ENSMUSG00000024044|17|69623441|69623686|+|dn_5intron	97	486	8604	191
mammal|mouse|Epb4.1l3|ENSMUSG00000024044|17|69623441|69623686|+|dn_exon	266	133	87	66
mammal|mouse|Epb4.1l3|ENSMUSG00000024044|17|69629511|69630447|+|dn_3intron	617	332	307	1260
mammal|mouse|Epb4.1l3|ENSMUSG00000024044|17|69629511|69630447|+|dn_5intron	506	303	1876	2634
mammal|mouse|Epb4.1l3|ENSMUSG00000024044|17|69629511|69630447|+|dn_exon	722	178	92	162
mammal|mouse|Epb4.1l3|ENSMUSG00000024044|17|69629511|69630447|+|exon	152	29	147	204
mammal|mouse|Epb4.1l3|ENSMUSG00000024044|17|69629511|69630447|+|up_3intron	79	23	12	35
mammal|mouse|Epb4.1l3|ENSMUSG00000024044|17|69629511|69630447|+|up_5intron	313	89	45	45
mammal|mouse|Epb4.1l3|ENSMUSG00000024044|17|69629511|69630447|+|up_exon	463	83	135	329
mammal|mouse|Epb4.1l3|ENSMUSG00000024044|17|69632830|69633564|+|dn_3intron	923	239	66	127
mammal|mouse|Epb4.1l3|ENSMUSG00000024044|17|69632830|69633564|+|dn_5intron	554	194	23	52
mammal|mouse|Epb4.1l3|ENSMUSG00000024044|17|69632830|69633564|+|dn_exon	107	116	185	255
mammal|mouse|Epb4.1l3|ENSMUSG00000024044|17|69632830|69633564|+|exon	455	366	592	1699
mammal|mouse|Epb4.1l3|ENSMUSG00000024044|17|69632830|69633564|+|up_exon	246	43	58	147
mammal|mouse|Epc2|ENSMUSG00000069495|2|49387564|49387755|+|dn_3intron	1123	305	429	850
mammal|mouse|Epc2|ENSMUSG00000069495|2|49387564|49387755|+|dn_5intron	769	211	278	1491
mammal|mouse|Epc2|ENSMUSG00000069495|2|49387564|49387755|+|dn_exon	296	72	26	31
mammal|mouse|Epc2|ENSMUSG00000069495|2|49387564|49387755|+|exon	161	53	84	97
mammal|mouse|Epc2|ENSMUSG00000069495|2|49387564|49387755|+|up_5intron	328	45	45	115
mammal|mouse|Epc2|ENSMUSG00000069495|2|49387564|49387755|+|up_exon	502	142	306	1447
mammal|mouse|Ets1|ENSMUSG00000032035|9|32545684|32545948|+|dn_3intron	819	137	53	270
mammal|mouse|Ets1|ENSMUSG00000032035|9|32545684|32545948|+|dn_5intron	454	94977	15362	1261
mammal|mouse|Ets1|ENSMUSG00000032035|9|32545684|32545948|+|dn_exon	284	25	63	86
mammal|mouse|Ets1|ENSMUSG00000032035|9|32545684|32545948|+|exon	843	214	42	71
mammal|mouse|Ets1|ENSMUSG00000032035|9|32545684|32545948|+|up_3intron	950	502	398	233
mammal|mouse|Ets1|ENSMUSG00000032035|9|32545684|32545948|+|up_5intron	751	371	328	263
mammal|mouse|Ets1|ENSMUSG00000032035|9|32545684|32545948|+|up_exon	402	208	54	64
mammal|mouse|Evi5|ENSMUSG00000011831|5|108239309|108239444|-|dn_3intron	463	20	45	99
mammal|mouse|Evi5|ENSMUSG00000011831|5|108239309|108239444|-|dn_exon	210	28	7	31
mammal|mouse|Evi5|ENSMUSG00000011831|5|108239309|108239444|-|exon	876	198	304	450
mammal|mouse|Evi5|ENSMUSG00000011831|5|108239309|108239444|-|up_3intron	72	23	2	31
mammal|mouse|Evi5|ENSMUSG00000011831|5|108239309|108239444|-|up_5intron	876	188	87	183
mammal|mouse|Evi5|ENSMUSG00000011831|5|108239309|108239444|-|up_exon	488	172	101	646
mammal|mouse|Exoc7|ENSMUSG00000020792|11|116154589|116154633|-|dn_3intron	374	193	79	77
mammal|mouse|Exoc7|ENSMUSG00000020792|11|116154589|116154633|-|dn_5intron	44	110	4	1
mammal|mouse|Exoc7|ENSMUSG00000020792|11|116154589|116154633|-|dn_exon	823	235	46	79
mammal|mouse|Exoc7|ENSMUSG00000020792|11|116154589|116154633|-|exon	744	264	69	34
mammal|mouse|Exoc7|ENSMUSG00000020792|11|116154589|116154633|-|up_3intron	684	968	10386	1410
mammal|mouse|Exoc7|ENSMUSG00000020792|11|116154589|116154633|-|up_5intron	682	293	327	303
mammal|mouse|Exoc7|ENSMUSG00000020792|11|116154589|116154633|-|up_exon	709	199	34	33
mammal|mouse|Exoc7|ENSMUSG00000020792|11|116158034|116158257|-|dn_3intron	523	163	112	163
mammal|mouse|Exoc7|ENSMUSG00000020792|11|116158034|116158257|-|dn_5intron	209	260	19	4
mammal|mouse|Exoc7|ENSMUSG00000020792|11|116158034|116158257|-|dn_exon	252	118	30	21
mammal|mouse|Exoc7|ENSMUSG00000020792|11|116158034|116158257|-|exon	797	3469	5560	719
mammal|mouse|Exoc7|ENSMUSG00000020792|11|116158034|116158257|-|up_3intron	605	201	23	32
mammal|mouse|Exoc7|ENSMUSG00000020792|11|116158034|116158257|-|up_5intron	121	88	19	1
mammal|mouse|Fam172a|ENSMUSG00000064138|13|77882024|77882147|+|deep_dn	449	195	90	531
mammal|mouse|Fam172a|ENSMUSG00000064138|13|77882024|77882147|+|deep_up	768	584	1926	2414
mammal|mouse|Fam172a|ENSMUSG00000064138|13|77882024|77882147|+|dn_3intron	273	86	12	16
mammal|mouse|Fam172a|ENSMUSG00000064138|13|77882024|77882147|+|dn_5intron	392	96	28	154
mammal|mouse|Fam172a|ENSMUSG00000064138|13|77882024|77882147|+|dn_exon	320	46	55	177
mammal|mouse|Fam172a|ENSMUSG00000064138|13|77882024|77882147|+|exon	422	126	26	28
mammal|mouse|Fam172a|ENSMUSG00000064138|13|77882024|77882147|+|up_3intron	356	90	219	120
mammal|mouse|Fam172a|ENSMUSG00000064138|13|77882024|77882147|+|up_5intron	120	55	57	1
mammal|mouse|Fam172a|ENSMUSG00000064138|13|77882024|77882147|+|up_exon	183	109	55	104
mammal|mouse|Fam179b|ENSMUSG00000035614|12|66091928|66092077|+|dn_3intron	599	126	137	516
mammal|mouse|Fam179b|ENSMUSG00000035614|12|66091928|66092077|+|dn_5intron	106	21	43	57
mammal|mouse|Fam179b|ENSMUSG00000035614|12|66091928|66092077|+|dn_exon	482	102	85	130
mammal|mouse|Fam179b|ENSMUSG00000035614|12|66091928|66092077|+|exon	310	46	63	279
mammal|mouse|Fam179b|ENSMUSG00000035614|12|66091928|66092077|+|up_3intron	285	55	18	69
mammal|mouse|Fam179b|ENSMUSG00000035614|12|66091928|66092077|+|up_5intron	540	126	739	748
mammal|mouse|Fam179b|ENSMUSG00000035614|12|66091928|66092077|+|up_exon	314	43	16	20
mammal|mouse|Fam188a|ENSMUSG00000026767|2|12322652|12322729|-|dn_3intron	2596	182	165	308
mammal|mouse|Fam188a|ENSMUSG00000026767|2|12322652|12322729|-|dn_5intron	434	67	57	262
mammal|mouse|Fam188a|ENSMUSG00000026767|2|12322652|12322729|-|dn_exon	1506	383	270	853
mammal|mouse|Fam188a|ENSMUSG00000026767|2|12325625|12325795|-|up_3intron	431	123	13	15
mammal|mouse|Fam188a|ENSMUSG00000026767|2|12325625|12325795|-|up_5intron	644	231	107	864
mammal|mouse|Fam188a|ENSMUSG00000026767|2|12325625|12325795|-|up_exon	879	393	1044	2318
mammal|mouse|Fam45a|ENSMUSG00000024993|19|60893434|60893513|+|deep_dn	319	109	47	43
mammal|mouse|Fam45a|ENSMUSG00000024993|19|60893434|60893513|+|deep_up	202	56	34	34
mammal|mouse|Fam45a|ENSMUSG00000024993|19|60893434|60893513|+|dn_3intron	646	246	419	1515
mammal|mouse|Fam45a|ENSMUSG00000024993|19|60893434|60893513|+|dn_5intron	259	68	11	12
mammal|mouse|Fam45a|ENSMUSG00000024993|19|60893434|60893513|+|dn_exon	382	118	19	41
mammal|mouse|Fam45a|ENSMUSG00000024993|19|60893434|60893513|+|exon	182	75	51	94
mammal|mouse|Fam45a|ENSMUSG00000024993|19|60893434|60893513|+|up_3intron	248	50	63	168
mammal|mouse|Fam45a|ENSMUSG00000024993|19|60893434|60893513|+|up_5intron	198	7	77	55
mammal|mouse|Fam45a|ENSMUSG00000024993|19|60893434|60893513|+|up_exon	298	104	48	96
mammal|mouse|Fam49b|ENSMUSG00000022378|15|63788155|63788237|-|dn_3intron	400	78	56	126
mammal|mouse|Fam49b|ENSMUSG00000022378|15|63788155|63788237|-|dn_5intron	606	4688	12528	7504
mammal|mouse|Fam49b|ENSMUSG00000022378|15|63788155|63788237|-|dn_exon	277	5933	10402	1302
mammal|mouse|Fam76a|ENSMUSG00000028878|4|132466607|132466693|-|dn_3intron	441	266	389	657
mammal|mouse|Fam76a|ENSMUSG00000028878|4|132466607|132466693|-|dn_5intron	994	178	83	123
mammal|mouse|Fam76a|ENSMUSG00000028878|4|132466607|132466693|-|dn_exon	344	86	23	34
mammal|mouse|Fam76a|ENSMUSG00000028878|4|132466607|132466693|-|exon	94	75	34	34
mammal|mouse|Fam76a|ENSMUSG00000028878|4|132466607|132466693|-|up_3intron	596	168	347	1108
mammal|mouse|Fam76a|ENSMUSG00000028878|4|132466607|132466693|-|up_5intron	710	128	329	487
mammal|mouse|Fam76a|ENSMUSG00000028878|4|132466607|132466693|-|up_exon	313	98	156	206
mammal|mouse|Far1|ENSMUSG00000030759|7|120697156|120697372|+|up_3intron	571	326	5391	1133
mammal|mouse|Far1|ENSMUSG00000030759|7|120697156|120697372|+|up_5intron	518	31	97	225
mammal|mouse|Far1|ENSMUSG00000030759|7|120697156|120697372|+|up_exon	575	447	921	1176
mammal|mouse|Far1|ENSMUSG00000030759|7|120697156|120697372|+|utr	149	79	18	63
mammal|mouse|Far1|ENSMUSG00000030759|7|120697631|120697835|+|dn_5intron	324	133	103	174
mammal|mouse|Far1|ENSMUSG00000030759|7|120697631|120697835|+|dn_exon	434	101	90	111
mammal|mouse|Fat1|ENSMUSG00000070047|8|46133004|46133063|+|up_3intron	92	29	24	115
mammal|mouse|Fat1|ENSMUSG00000070047|8|46133004|46133063|+|up_5intron	1176	177	338	1030
mammal|mouse|Fat1|ENSMUSG00000070047|8|46133004|46133063|+|up_exon	1379	217	354	337
mammal|mouse|Fat1|ENSMUSG00000070047|8|46134837|46135231|+|dn_3intron	98	57	86	80
mammal|mouse|Fat1|ENSMUSG00000070047|8|46134837|46135231|+|dn_5intron	314	1858	2033	664
mammal|mouse|Fat1|ENSMUSG00000070047|8|46134837|46135231|+|dn_exon	1025	314	558	1637
mammal|mouse|Fermt2|ENSMUSG00000037712|14|46082921|46083695|-|dn_3intron	190	1310	13238	1736
mammal|mouse|Fermt2|ENSMUSG00000037712|14|46082921|46083695|-|dn_5intron	460	91	13	1
mammal|mouse|Fermt2|ENSMUSG00000037712|14|46082921|46083695|-|dn_exon	703	120	70	66
mammal|mouse|Fermt2|ENSMUSG00000037712|14|46082921|46083695|-|exon	1119	229	743	2090
mammal|mouse|Fermt2|ENSMUSG00000037712|14|46082921|46083695|-|up_5intron	383	175	218	183
mammal|mouse|Fermt2|ENSMUSG00000037712|14|46082921|46083695|-|up_exon	565	219	49	59
mammal|mouse|Fermt2|ENSMUSG00000037712|14|46096093|46096260|-|dn_3intron	353	190	121	210
mammal|mouse|Fermt2|ENSMUSG00000037712|14|46096093|46096260|-|dn_5intron	416	151	120	135
mammal|mouse|Fermt2|ENSMUSG00000037712|14|46096093|46096260|-|dn_exon	486	129	38	99
mammal|mouse|Fermt2|ENSMUSG00000037712|14|46096093|46096260|-|exon	1382	518	1216	5439
mammal|mouse|Fermt2|ENSMUSG00000037712|14|46096093|46096260|-|up_3intron	174	194	115	137
mammal|mouse|Fermt2|ENSMUSG00000037712|14|46096093|46096260|-|up_5intron	114	41	21	29
mammal|mouse|Fermt2|ENSMUSG00000037712|14|46096093|46096260|-|up_exon	246	74	38	79
mammal|mouse|Fermt2|ENSMUSG00000037712|14|46096093|46096260|-|utr	980	151	116	114
mammal|mouse|Fhod1|ENSMUSG00000014778|8|107859125|107859778|-|dn_3intron	709	103	65	24
mammal|mouse|Fhod1|ENSMUSG00000014778|8|107859125|107859778|-|dn_exon	299	219	208	335
mammal|mouse|Fhod1|ENSMUSG00000014778|8|107860137|107860189|-|up_exon	388	474	181	91
mammal|mouse|Fhod3|ENSMUSG00000034295|18|25179031|25179258|+|dn_3intron	938	339	72	440
mammal|mouse|Fhod3|ENSMUSG00000034295|18|25179031|25179258|+|dn_5intron	477	176	24	42
mammal|mouse|Fhod3|ENSMUSG00000034295|18|25179031|25179258|+|dn_exon	682	501	726	293
mammal|mouse|Fhod3|ENSMUSG00000034295|18|25179031|25179258|+|exon	143	68	64	66
mammal|mouse|Fhod3|ENSMUSG00000034295|18|25179031|25179258|+|up_3intron	730	202	159	107
mammal|mouse|Fhod3|ENSMUSG00000034295|18|25179031|25179258|+|up_5intron	625	418	122	34
mammal|mouse|Fhod3|ENSMUSG00000034295|18|25179031|25179258|+|up_exon	381	854	894	381
mammal|mouse|Fhod3|ENSMUSG00000034295|18|25280592|25282892|+|dn_3intron	431	89	102	113
mammal|mouse|Fhod3|ENSMUSG00000034295|18|25280592|25282892|+|dn_5intron	577	2469	2523	499
mammal|mouse|Fhod3|ENSMUSG00000034295|18|25280592|25282892|+|dn_exon	470	116	41	22
mammal|mouse|Fhod3|ENSMUSG00000034295|18|25280592|25282892|+|exon	472	136	75	73
mammal|mouse|Fhod3|ENSMUSG00000034295|18|25280592|25282892|+|up_3intron	353	145	34	97
mammal|mouse|Fhod3|ENSMUSG00000034295|18|25280592|25282892|+|up_5intron	664	144	124	488
mammal|mouse|Fhod3|ENSMUSG00000034295|18|25280592|25282892|+|up_exon	78	177	189	246
mammal|mouse|Fip1l1|ENSMUSG00000029227|5|74943132|74943200|+|dn_3intron	196	129	22	10
mammal|mouse|Fip1l1|ENSMUSG00000029227|5|74943132|74943200|+|dn_5intron	386	140	105	279
mammal|mouse|Fip1l1|ENSMUSG00000029227|5|74943132|74943200|+|dn_exon	175	108	69	64
mammal|mouse|Fip1l1|ENSMUSG00000029227|5|74943132|74943200|+|exon	170	22	8	12
mammal|mouse|Fip1l1|ENSMUSG00000029227|5|74943132|74943200|+|up_3intron	712	200	305	603
mammal|mouse|Fip1l1|ENSMUSG00000029227|5|74943132|74943200|+|up_5intron	351	149	63	124
mammal|mouse|Fip1l1|ENSMUSG00000029227|5|74943132|74943200|+|up_exon	485	60	180	388
mammal|mouse|Fip1l1|ENSMUSG00000029227|5|74943132|74943200|+|utr	412	149	68	100
mammal|mouse|Flot2|ENSMUSG00000061981|11|77866865|77866955|+|dn_5intron	704	412	208	201
mammal|mouse|Flot2|ENSMUSG00000061981|11|77866865|77866955|+|dn_exon	864	94	34	60
mammal|mouse|Flot2|ENSMUSG00000061981|11|77866865|77866955|+|up_3intron	1376	298	295	518
mammal|mouse|Flot2|ENSMUSG00000061981|11|77866865|77866955|+|up_5intron	272	147	76	18
mammal|mouse|Flot2|ENSMUSG00000061981|11|77866865|77866955|+|up_exon	477	178	470	220
mammal|mouse|Fmnl1|ENSMUSG00000055805|11|103059449|103059547|+|dn_3intron	458	279	217	364
mammal|mouse|Fmnl1|ENSMUSG00000055805|11|103059449|103059547|+|dn_5intron	162	51	43	23
mammal|mouse|Fmnl1|ENSMUSG00000055805|11|103059449|103059547|+|dn_exon	90	53	42	17
mammal|mouse|Fmnl1|ENSMUSG00000055805|11|103059449|103059547|+|exon	774	144	19	17
mammal|mouse|Fmnl1|ENSMUSG00000055805|11|103059449|103059547|+|up_5intron	465	389	147	315
mammal|mouse|Fmnl1|ENSMUSG00000055805|11|103059449|103059547|+|up_exon	384	330	202	68
mammal|mouse|Fn1|ENSMUSG00000026193|1|71649415|71650586|-|dn_3intron	200	241	257	411
mammal|mouse|Fn1|ENSMUSG00000026193|1|71649415|71650586|-|dn_5intron	198	21	9	8
mammal|mouse|Fn1|ENSMUSG00000026193|1|71649415|71650586|-|dn_exon	506	121	32	34
mammal|mouse|Fn1|ENSMUSG00000026193|1|71649415|71650586|-|exon	133	30	62	88
mammal|mouse|Fn1|ENSMUSG00000026193|1|71649415|71650586|-|up_3intron	185	34	34	130
mammal|mouse|Fn1|ENSMUSG00000026193|1|71649415|71650586|-|up_5intron	713	262	85	275
mammal|mouse|Fn1|ENSMUSG00000026193|1|71649415|71650586|-|up_exon	274	172	283	618
mammal|mouse|Fn1|ENSMUSG00000026193|1|71660337|71660609|-|dn_3intron	82	2385	1984	577
mammal|mouse|Fn1|ENSMUSG00000026193|1|71660337|71660609|-|dn_5intron	363	6206	6210	1266
mammal|mouse|Fn1|ENSMUSG00000026193|1|71660337|71660609|-|dn_exon	694	205	57	63
mammal|mouse|Fn1|ENSMUSG00000026193|1|71660337|71660609|-|exon	331	133	126	111
mammal|mouse|Fn1|ENSMUSG00000026193|1|71660337|71660609|-|up_3intron	1388	750	12916	7666
mammal|mouse|Fn1|ENSMUSG00000026193|1|71660337|71660609|-|up_5intron	191	63	113	96
mammal|mouse|Fn1|ENSMUSG00000026193|1|71660337|71660609|-|up_exon	308	27	33	48
mammal|mouse|Fnbp1|ENSMUSG00000075415|2|30900402|30900416|-|dn_3intron	858	187	750	1491
mammal|mouse|Fnbp1|ENSMUSG00000075415|2|30900402|30900416|-|dn_5intron	1624	6725	11312	1296
mammal|mouse|Fnbp1|ENSMUSG00000075415|2|30900402|30900416|-|dn_exon	216	77	82	235
mammal|mouse|Fnbp1|ENSMUSG00000075415|2|30900402|30900416|-|exon	747	3406	4579	3125
mammal|mouse|Fnbp1|ENSMUSG00000075415|2|30900402|30900416|-|up_3intron	501	261	323	368
mammal|mouse|Fnbp1|ENSMUSG00000075415|2|30900402|30900416|-|up_5intron	174	71	17	25
mammal|mouse|Fnbp1|ENSMUSG00000075415|2|30900402|30900416|-|utr	419	163	8	34
mammal|mouse|Fnbp1|ENSMUSG00000075415|2|30908505|30908687|-|dn_3intron	914	10942	16588	2682
mammal|mouse|Fnbp1|ENSMUSG00000075415|2|30908505|30908687|-|dn_5intron	525	988	1746	1470
mammal|mouse|Fnbp1|ENSMUSG00000075415|2|30908505|30908687|-|exon	85	73	28	16
mammal|mouse|Fnbp1|ENSMUSG00000075415|2|30908505|30908687|-|up_3intron	430	276	3626	3764
mammal|mouse|Fnbp1|ENSMUSG00000075415|2|30908505|30908687|-|up_5intron	1281	593	1132	1948
mammal|mouse|Fnbp1|ENSMUSG00000075415|2|30908505|30908687|-|up_exon	568	364	74	65
mammal|mouse|Fnbp1l|ENSMUSG00000039735|3|122259315|122259488|-|dn_3intron	170	85	327	1455
mammal|mouse|Fnbp1l|ENSMUSG00000039735|3|122259315|122259488|-|dn_5intron	402	1274	1661	880
mammal|mouse|Fnbp1l|ENSMUSG00000039735|3|122259315|122259488|-|exon	496	180	149	324
mammal|mouse|Fnbp1l|ENSMUSG00000039735|3|122259315|122259488|-|up_3intron	508	56	153	476
mammal|mouse|Fnbp1l|ENSMUSG00000039735|3|122259315|122259488|-|up_5intron	411	32	75	98
mammal|mouse|Fnbp1l|ENSMUSG00000039735|3|122259315|122259488|-|up_exon	150	46	27	34
mammal|mouse|Frmd4a|ENSMUSG00000026657|2|4528719|4529116|+|dn_3intron	718	167	47	144
mammal|mouse|Frmd4a|ENSMUSG00000026657|2|4528719|4529116|+|dn_5intron	627	174	137	854
mammal|mouse|Frmd4a|ENSMUSG00000026657|2|4528719|4529116|+|dn_exon	119	60	69	21
mammal|mouse|Frmd4a|ENSMUSG00000026657|2|4528719|4529116|+|exon	465	156	34	132
mammal|mouse|Frmd4a|ENSMUSG00000026657|2|4528719|4529116|+|up_3intron	579	255	101	131
mammal|mouse|Frmd4a|ENSMUSG00000026657|2|4528719|4529116|+|up_5intron	448	124	29	66
mammal|mouse|Frmd4a|ENSMUSG00000026657|2|4528719|4529116|+|up_exon	193	82	46	51
mammal|mouse|Fubp1|ENSMUSG00000028034|3|151877789|151877851|+|dn_3intron	226	39	34	155
mammal|mouse|Fubp1|ENSMUSG00000028034|3|151877789|151877851|+|dn_5intron	292	110	79	879
mammal|mouse|Fubp1|ENSMUSG00000028034|3|151877789|151877851|+|dn_exon	166	19	30	76
mammal|mouse|Fubp1|ENSMUSG00000028034|3|151877789|151877851|+|exon	424	64	36	24
mammal|mouse|Fubp1|ENSMUSG00000028034|3|151877789|151877851|+|up_3intron	1417	337	2895	1762
mammal|mouse|Fubp1|ENSMUSG00000028034|3|151877789|151877851|+|up_5intron	263	1400	9334	1821
mammal|mouse|Fubp1|ENSMUSG00000028034|3|151877789|151877851|+|up_exon	277	79	268	265
mammal|mouse|Fxr1|ENSMUSG00000027680|3|33966057|33967174|+|dn_3intron	308	103	84	435
mammal|mouse|Fxr1|ENSMUSG00000027680|3|33966057|33967174|+|dn_5intron	497	255	288	3837
mammal|mouse|Fxr1|ENSMUSG00000027680|3|33966057|33967174|+|dn_exon	536	125	163	204
mammal|mouse|Fxr1|ENSMUSG00000027680|3|33966057|33967174|+|exon	100	6	12	15
mammal|mouse|Fxr1|ENSMUSG00000027680|3|33966057|33967174|+|up_3intron	233	15	3	18
mammal|mouse|Fxr1|ENSMUSG00000027680|3|33966057|33967174|+|up_5intron	34	1	1	16
mammal|mouse|G3bp2|ENSMUSG00000029405|5|92492363|92492461|-|dn_3intron	117	15	44	106
mammal|mouse|G3bp2|ENSMUSG00000029405|5|92492363|92492461|-|dn_5intron	249	56	31	40
mammal|mouse|G3bp2|ENSMUSG00000029405|5|92492363|92492461|-|dn_exon	196	112	83	20
mammal|mouse|G3bp2|ENSMUSG00000029405|5|92492363|92492461|-|exon	337	141	51	71
mammal|mouse|G3bp2|ENSMUSG00000029405|5|92492363|92492461|-|up_3intron	513	147	131	82
mammal|mouse|G3bp2|ENSMUSG00000029405|5|92492363|92492461|-|up_5intron	259	97	165	205
mammal|mouse|G3bp2|ENSMUSG00000029405|5|92492363|92492461|-|up_exon	440	102	16	5
mammal|mouse|Gab1|ENSMUSG00000031714|8|83300060|83300163|-|dn_3intron	1062	191	139	215
mammal|mouse|Gab1|ENSMUSG00000031714|8|83300060|83300163|-|dn_5intron	382	184	130	404
mammal|mouse|Gab1|ENSMUSG00000031714|8|83300060|83300163|-|dn_exon	265	134	121	317
mammal|mouse|Gab1|ENSMUSG00000031714|8|83300060|83300163|-|exon	265	67	11	24
mammal|mouse|Gab1|ENSMUSG00000031714|8|83300060|83300163|-|up_3intron	786	327	1520	5788
mammal|mouse|Gab1|ENSMUSG00000031714|8|83300060|83300163|-|up_5intron	379	110	253	221
mammal|mouse|Gab1|ENSMUSG00000031714|8|83300060|83300163|-|up_exon	681	252	111	112
mammal|mouse|Gab1|ENSMUSG00000031714|8|83314783|83314866|-|dn_3intron	1158	287	288	828
mammal|mouse|Gab1|ENSMUSG00000031714|8|83314783|83314866|-|dn_5intron	199	70	32	38
mammal|mouse|Gab1|ENSMUSG00000031714|8|83314783|83314866|-|dn_exon	329	98	62	153
mammal|mouse|Gab1|ENSMUSG00000031714|8|83314783|83314866|-|exon	336	115	182	446
mammal|mouse|Gab1|ENSMUSG00000031714|8|83314783|83314866|-|up_3intron	422	104	72	252
mammal|mouse|Gab1|ENSMUSG00000031714|8|83314783|83314866|-|up_5intron	291	132	452	477
mammal|mouse|Gab1|ENSMUSG00000031714|8|83314783|83314866|-|up_exon	411	288	136	335
mammal|mouse|Gbf1|ENSMUSG00000025224|19|46330898|46330996|+|dn_3intron	447	104	177	314
mammal|mouse|Gbf1|ENSMUSG00000025224|19|46330898|46330996|+|dn_5intron	258	277	148	238
mammal|mouse|Gbf1|ENSMUSG00000025224|19|46330898|46330996|+|dn_exon	171	113	75	119
mammal|mouse|Gbf1|ENSMUSG00000025224|19|46330898|46330996|+|exon	282	81	28	23
mammal|mouse|Gbf1|ENSMUSG00000025224|19|46330898|46330996|+|up_3intron	1325	1150	1593	2039
mammal|mouse|Gbf1|ENSMUSG00000025224|19|46330898|46330996|+|up_5intron	1340	421	84	151
mammal|mouse|Gbf1|ENSMUSG00000025224|19|46330898|46330996|+|up_exon	328	154	94	216
mammal|mouse|Git2|ENSMUSG00000041890|5|115187357|115187446|-|dn_3intron	28	17	6	2
mammal|mouse|Git2|ENSMUSG00000041890|5|115187357|115187446|-|dn_5intron	2415	1485	1903	2029
mammal|mouse|Git2|ENSMUSG00000041890|5|115187357|115187446|-|dn_exon	1471	378	160	116
mammal|mouse|Git2|ENSMUSG00000041890|5|115187357|115187446|-|exon	223	147	35	30
mammal|mouse|Git2|ENSMUSG00000041890|5|115187357|115187446|-|up_3intron	538	250	697	886
mammal|mouse|Git2|ENSMUSG00000041890|5|115187357|115187446|-|up_5intron	308	308	38	27
mammal|mouse|Git2|ENSMUSG00000041890|5|115187357|115187446|-|up_exon	689	112	32	64
mammal|mouse|Gm98|ENSMUSG00000036098|19|10289764|10290075|-|dn_3intron	223	409	291	453
mammal|mouse|Gm98|ENSMUSG00000036098|19|10289764|10290075|-|dn_exon	166	419	82	60
mammal|mouse|Gm98|ENSMUSG00000036098|19|10289764|10290075|-|exon	1795	545	182	136
mammal|mouse|Gm98|ENSMUSG00000036098|19|10289764|10290075|-|up_3intron	384	211	296	175
mammal|mouse|Gm98|ENSMUSG00000036098|19|10289764|10290075|-|up_exon	1072	478	552	195
mammal|mouse|Golim4|ENSMUSG00000034109|3|75706323|75706406|-|dn_3intron	314	118	227	758
mammal|mouse|Golim4|ENSMUSG00000034109|3|75706323|75706406|-|dn_5intron	729	2997	8353	3035
mammal|mouse|Golim4|ENSMUSG00000034109|3|75706323|75706406|-|dn_exon	260	81	47	49
mammal|mouse|Golim4|ENSMUSG00000034109|3|75706323|75706406|-|exon	419	86	215	256
mammal|mouse|Golim4|ENSMUSG00000034109|3|75706323|75706406|-|up_3intron	482	74	25	24
mammal|mouse|Golim4|ENSMUSG00000034109|3|75706323|75706406|-|up_5intron	547	70	84	145
mammal|mouse|Gopc|ENSMUSG00000019861|10|52076932|52077171|-|dn_3intron	124	55	12	21
mammal|mouse|Gopc|ENSMUSG00000019861|10|52076932|52077171|-|dn_5intron	146	52	33	72
mammal|mouse|Gopc|ENSMUSG00000019861|10|52076932|52077171|-|dn_exon	399	95	93	181
mammal|mouse|Gopc|ENSMUSG00000019861|10|52076932|52077171|-|exon	657	319	675	2039
mammal|mouse|Gopc|ENSMUSG00000019861|10|52076932|52077171|-|up_3intron	347	137	70	398
mammal|mouse|Gopc|ENSMUSG00000019861|10|52076932|52077171|-|up_5intron	355	142	326	671
mammal|mouse|Hdac7|ENSMUSG00000022475|15|97639091|97639201|-|dn_5intron	757	555	210	202
mammal|mouse|Hdac7|ENSMUSG00000022475|15|97639091|97639201|-|dn_exon	372	131	44	29
mammal|mouse|Hdac7|ENSMUSG00000022475|15|97639091|97639201|-|exon	354	391	29	30
mammal|mouse|Hdac7|ENSMUSG00000022475|15|97639091|97639201|-|up_3intron	116	147	65	15
mammal|mouse|Hdac7|ENSMUSG00000022475|15|97639091|97639201|-|up_exon	721	385	213	218
mammal|mouse|Herc4|ENSMUSG00000020064|10|62766593|62766616|+|dn_3intron	214	66	86	107
mammal|mouse|Herc4|ENSMUSG00000020064|10|62766593|62766616|+|dn_5intron	141	12	20	79
mammal|mouse|Herc4|ENSMUSG00000020064|10|62766593|62766616|+|dn_exon	125	239	881	374
mammal|mouse|Herc4|ENSMUSG00000020064|10|62766593|62766616|+|exon	645	200	87	100
mammal|mouse|Herc4|ENSMUSG00000020064|10|62766593|62766616|+|up_3intron	623	128	51	117
mammal|mouse|Herc4|ENSMUSG00000020064|10|62766593|62766616|+|up_5intron	269	46	172	443
mammal|mouse|Herc4|ENSMUSG00000020064|10|62766593|62766616|+|up_exon	631	147	471	837
mammal|mouse|Hnrnpab|ENSMUSG00000020358|11|51415235|51415392|-|dn_3intron	499	177	604	479
mammal|mouse|Hnrnpab|ENSMUSG00000020358|11|51415235|51415392|-|dn_5intron	167	54	145	111
mammal|mouse|Hnrnpab|ENSMUSG00000020358|11|51415235|51415392|-|dn_exon	1321	209	327	276
mammal|mouse|Hnrnpab|ENSMUSG00000020358|11|51415235|51415392|-|exon	211	159	19	84
mammal|mouse|Hnrnpab|ENSMUSG00000020358|11|51415235|51415392|-|up_3intron	918	293	142	288
mammal|mouse|Hnrnpab|ENSMUSG00000020358|11|51415235|51415392|-|up_5intron	799	255	2061	318
mammal|mouse|Hnrnpab|ENSMUSG00000020358|11|51415235|51415392|-|up_exon	330	98	173	154
mammal|mouse|Hnrnpd|ENSMUSG00000000568|5|100392750|100392896|-|dn_3intron	688	1059	3243	2853
mammal|mouse|Hnrnpd|ENSMUSG00000000568|5|100392750|100392896|-|dn_5intron	464	101	48	182
mammal|mouse|Hnrnpd|ENSMUSG00000000568|5|100392750|100392896|-|dn_exon	327	18	35	84
mammal|mouse|Hnrnpd|ENSMUSG00000000568|5|100392750|100392896|-|exon	335	54	54	197
mammal|mouse|Hnrnpd|ENSMUSG00000000568|5|100392750|100392896|-|up_5intron	130	194	167	142
mammal|mouse|Hnrnpd|ENSMUSG00000000568|5|100392750|100392896|-|up_exon	104	32	39	71
mammal|mouse|Hnrnpr|ENSMUSG00000066037|4|135870002|135870170|+|dn_3intron	88	22	14	12
mammal|mouse|Hnrnpr|ENSMUSG00000066037|4|135870002|135870170|+|up_3intron	620	992	2515	1325
mammal|mouse|Hnrnpr|ENSMUSG00000066037|4|135870002|135870170|+|up_5intron	488	84	48	55
mammal|mouse|Hsf2|ENSMUSG00000019878|10|57228867|57230301|+|dn_3intron	587	111	181	546
mammal|mouse|Hsf2|ENSMUSG00000019878|10|57228867|57230301|+|dn_5intron	281	108	376	688
mammal|mouse|Hsf2|ENSMUSG00000019878|10|57228867|57230301|+|dn_exon	594	10730	6323	964
mammal|mouse|Hsf2|ENSMUSG00000019878|10|57228867|57230301|+|exon	438	24	45	33
mammal|mouse|Hsf2|ENSMUSG00000019878|10|57228867|57230301|+|up_3intron	109	26	30	11
mammal|mouse|Hsf2|ENSMUSG00000019878|10|57228867|57230301|+|up_5intron	315	87	64	468
mammal|mouse|Hsf2|ENSMUSG00000019878|10|57228867|57230301|+|up_exon	182	30	54	144
mammal|mouse|Ikzf1|ENSMUSG00000018654|11|11658198|11658320|+|dn_3intron	49	41	57	38
mammal|mouse|Ikzf1|ENSMUSG00000018654|11|11658198|11658320|+|dn_5intron	353	391	378	64
mammal|mouse|Ikzf1|ENSMUSG00000018654|11|11658198|11658320|+|dn_exon	249	101	62	65
mammal|mouse|Ikzf1|ENSMUSG00000018654|11|11658198|11658320|+|exon	397	175	314	324
mammal|mouse|Ikzf1|ENSMUSG00000018654|11|11658198|11658320|+|up_3intron	416	213	511	513
mammal|mouse|Ikzf1|ENSMUSG00000018654|11|11658198|11658320|+|up_5intron	220	132	49	33
mammal|mouse|Ikzf1|ENSMUSG00000018654|11|11658198|11658320|+|up_exon	277	180	259	50
mammal|mouse|Immt|ENSMUSG00000052337|6|71802250|71802861|+|up_3intron	240	28	39	142
mammal|mouse|Immt|ENSMUSG00000052337|6|71802250|71802861|+|up_exon	666	230	414	429
mammal|mouse|Immt|ENSMUSG00000052337|6|71803167|71805180|+|dn_3intron	98	19	156	103
mammal|mouse|Immt|ENSMUSG00000052337|6|71803167|71805180|+|dn_5intron	442	2350	4340	2084
mammal|mouse|Inpp4a|ENSMUSG00000026113|1|37431117|37431134|+|dn_3intron	207	32	37	82
mammal|mouse|Inpp4a|ENSMUSG00000026113|1|37431117|37431134|+|dn_5intron	1251	373	393	1792
mammal|mouse|Inpp4a|ENSMUSG00000026113|1|37431117|37431134|+|up_5intron	502	171	61	45
mammal|mouse|Inpp4a|ENSMUSG00000026113|1|37431117|37431134|+|up_exon	107	37	21	27
mammal|mouse|Iqgap1|ENSMUSG00000030536|7|87874530|87874577|-|dn_3intron	1377	30828	25777	4278
mammal|mouse|Iqgap1|ENSMUSG00000030536|7|87874530|87874577|-|dn_5intron	834	183	339	568
mammal|mouse|Iqgap1|ENSMUSG00000030536|7|87874530|87874577|-|dn_exon	162	189	119	199
mammal|mouse|Iqgap1|ENSMUSG00000030536|7|87874530|87874577|-|exon	313	122	114	387
mammal|mouse|Iqgap1|ENSMUSG00000030536|7|87874530|87874577|-|up_3intron	442	180	103	149
mammal|mouse|Iqgap1|ENSMUSG00000030536|7|87874530|87874577|-|up_5intron	742	176	259	234
mammal|mouse|Iqgap1|ENSMUSG00000030536|7|87874530|87874577|-|up_exon	314	149	253	191
mammal|mouse|Itga6|ENSMUSG00000027111|2|71691349|71693008|+|dn_3intron	599	132	48	50
mammal|mouse|Itga6|ENSMUSG00000027111|2|71691349|71693008|+|dn_5intron	65	8	16	44
mammal|mouse|Itga6|ENSMUSG00000027111|2|71691349|71693008|+|dn_exon	448	858	1170	513
mammal|mouse|Itga6|ENSMUSG00000027111|2|71691349|71693008|+|exon	718	13885	10787	926
mammal|mouse|Itga6|ENSMUSG00000027111|2|71691349|71693008|+|up_3intron	78	141	276	347
mammal|mouse|Itga6|ENSMUSG00000027111|2|71691349|71693008|+|up_5intron	395	206	321	262
mammal|mouse|Itga6|ENSMUSG00000027111|2|71691349|71693008|+|up_exon	345	204	16	13
mammal|mouse|Itpr1|ENSMUSG00000030102|6|108373327|108373359|+|deep_dn	321	33	39	10
mammal|mouse|Itpr1|ENSMUSG00000030102|6|108373327|108373359|+|deep_up	344	75	130	220
mammal|mouse|Itpr1|ENSMUSG00000030102|6|108373327|108373359|+|up_3intron	343	79	16	125
mammal|mouse|Itpr1|ENSMUSG00000030102|6|108373327|108373359|+|up_5intron	362	74	58	69
mammal|mouse|Itpr1|ENSMUSG00000030102|6|108373327|108373359|+|up_exon	136	35	172	117
mammal|mouse|Itpr1|ENSMUSG00000030102|6|108382392|108382690|+|dn_3intron	731	238	490	1937
mammal|mouse|Itpr1|ENSMUSG00000030102|6|108382392|108382690|+|dn_5intron	253	176	307	503
mammal|mouse|Itpr1|ENSMUSG00000030102|6|108382392|108382690|+|dn_exon	915	206	82	112
mammal|mouse|Kif16b|ENSMUSG00000038844|2|142540798|142540830|-|dn_3intron	142	40	40	152
mammal|mouse|Kif16b|ENSMUSG00000038844|2|142540798|142540830|-|dn_5intron	395	461	3102	1978
mammal|mouse|Kif16b|ENSMUSG00000038844|2|142540798|142540830|-|dn_exon	165	46	62	266
mammal|mouse|Kif16b|ENSMUSG00000038844|2|142540798|142540830|-|exon	285	127	11	16
mammal|mouse|Kif16b|ENSMUSG00000038844|2|142540798|142540830|-|up_3intron	428	610	2903	3123
mammal|mouse|Kif16b|ENSMUSG00000038844|2|142540798|142540830|-|up_5intron	572	137	81	245
mammal|mouse|Kif16b|ENSMUSG00000038844|2|142540798|142540830|-|up_exon	207	109	180	817
mammal|mouse|Kif16b|ENSMUSG00000038844|2|142540798|142540830|-|utr	476	151	318	1171
mammal|mouse|Kif1b|ENSMUSG00000063077|4|148594651|148594899|-|dn_3intron	426	86	52	23
mammal|mouse|Kif1b|ENSMUSG00000063077|4|148594651|148594899|-|dn_5intron	804	108	38	53
mammal|mouse|Kif1b|ENSMUSG00000063077|4|148594651|148594899|-|dn_exon	663	194	523	186
mammal|mouse|Kif1b|ENSMUSG00000063077|4|148594651|148594899|-|exon	420	61	26	27
mammal|mouse|Kif1b|ENSMUSG00000063077|4|148594651|148594899|-|up_3intron	2402	1137	1824	8357
mammal|mouse|Kif1b|ENSMUSG00000063077|4|148594651|148594899|-|up_5intron	148	62	29	33
mammal|mouse|Kif1b|ENSMUSG00000063077|4|148594651|148594899|-|up_exon	260	54	73	81
mammal|mouse|Kif1b|ENSMUSG00000063077|4|148635269|148635310|-|dn_3intron	1450	375	318	1557
mammal|mouse|Kif1b|ENSMUSG00000063077|4|148635269|148635310|-|dn_5intron	372	21078	6619	1169
mammal|mouse|Kif1b|ENSMUSG00000063077|4|148635269|148635310|-|dn_exon	691	117	102	194
mammal|mouse|Kif1b|ENSMUSG00000063077|4|148635269|148635310|-|exon	632	301	314	444
mammal|mouse|Kif1b|ENSMUSG00000063077|4|148635269|148635310|-|up_3intron	134	19	48	757
mammal|mouse|Kif1b|ENSMUSG00000063077|4|148635269|148635310|-|up_5intron	326	167	134	174
mammal|mouse|Kif1b|ENSMUSG00000063077|4|148639454|148639471|-|dn_3intron	733	164	155	221
mammal|mouse|Kif1b|ENSMUSG00000063077|4|148639454|148639471|-|dn_5intron	298	89	32	113
mammal|mouse|Kif1b|ENSMUSG00000063077|4|148639454|148639471|-|up_3intron	1144	328	278	1360
mammal|mouse|Kif1b|ENSMUSG00000063077|4|148639454|148639471|-|up_5intron	1273	753	1917	667
mammal|mouse|Kif1b|ENSMUSG00000063077|4|148639454|148639471|-|up_exon	780	108	73	92
mammal|mouse|Kif21a|ENSMUSG00000022629|15|90781677|90781805|-|dn_3intron	412	142	139	697
mammal|mouse|Kif21a|ENSMUSG00000022629|15|90781677|90781805|-|dn_5intron	1584	313	74	66
mammal|mouse|Kif21a|ENSMUSG00000022629|15|90781677|90781805|-|dn_exon	1424	1137	2353	3150
mammal|mouse|Kif21a|ENSMUSG00000022629|15|90795406|90795426|-|dn_3intron	505	251	175	285
mammal|mouse|Kif21a|ENSMUSG00000022629|15|90795406|90795426|-|dn_5intron	734	369	830	5229
mammal|mouse|Kif21a|ENSMUSG00000022629|15|90795406|90795426|-|dn_exon	120	35	16	11
mammal|mouse|Kif21a|ENSMUSG00000022629|15|90795406|90795426|-|exon	387	528	1553	2810
mammal|mouse|Kif21a|ENSMUSG00000022629|15|90795406|90795426|-|up_3intron	1462	429	1488	2263
mammal|mouse|Kif21a|ENSMUSG00000022629|15|90795406|90795426|-|up_5intron	894	507	2357	5436
mammal|mouse|Kif21a|ENSMUSG00000022629|15|90795406|90795426|-|up_exon	254	68	16	33
mammal|mouse|Kif21a|ENSMUSG00000022629|15|90806901|90806940|-|deep_dn	175	35	4	23
mammal|mouse|Kif21a|ENSMUSG00000022629|15|90806901|90806940|-|deep_up	497	132	228	437
mammal|mouse|Kif21a|ENSMUSG00000022629|15|90806901|90806940|-|dn_3intron	101	25	3	68
mammal|mouse|Kif21a|ENSMUSG00000022629|15|90806901|90806940|-|dn_5intron	156	13	19	132
mammal|mouse|Kif21a|ENSMUSG00000022629|15|90806901|90806940|-|dn_exon	183	34	78	63
mammal|mouse|Kif21a|ENSMUSG00000022629|15|90806901|90806940|-|exon	401	138	365	874
mammal|mouse|Kif21a|ENSMUSG00000022629|15|90806901|90806940|-|up_3intron	910	669	178	346
mammal|mouse|Kif21a|ENSMUSG00000022629|15|90806901|90806940|-|up_5intron	430	91	80	229
mammal|mouse|Kif21a|ENSMUSG00000022629|15|90806901|90806940|-|up_exon	105	21	18	24
mammal|mouse|Ktn1|ENSMUSG00000021843|14|48336549|48336635|+|dn_3intron	94	6	11	29
mammal|mouse|Ktn1|ENSMUSG00000021843|14|48336549|48336635|+|dn_5intron	434	199	51	114
mammal|mouse|Ktn1|ENSMUSG00000021843|14|48336549|48336635|+|dn_exon	212	132	54	79
mammal|mouse|Ktn1|ENSMUSG00000021843|14|48336549|48336635|+|exon	182	48	46	62
mammal|mouse|Ktn1|ENSMUSG00000021843|14|48336549|48336635|+|up_3intron	401	36	77	46
mammal|mouse|Ktn1|ENSMUSG00000021843|14|48336549|48336635|+|up_5intron	614	115	239	551
mammal|mouse|Ktn1|ENSMUSG00000021843|14|48336549|48336635|+|up_exon	165	31	44	62
mammal|mouse|Lama2|ENSMUSG00000019899|10|26741267|26741278|-|dn_3intron	393	73	124	120
mammal|mouse|Lama2|ENSMUSG00000019899|10|26741267|26741278|-|dn_5intron	352	310	288	410
mammal|mouse|Lama2|ENSMUSG00000019899|10|26741267|26741278|-|dn_exon	248	51	29	32
mammal|mouse|Lama2|ENSMUSG00000019899|10|26741267|26741278|-|up_3intron	171	23	28	27
mammal|mouse|Lama2|ENSMUSG00000019899|10|26741267|26741278|-|up_5intron	586	278	220	1562
mammal|mouse|Lass5|ENSMUSG00000023021|15|99567978|99568084|-|dn_3intron	522	439	380	330
mammal|mouse|Lass5|ENSMUSG00000023021|15|99567978|99568084|-|dn_5intron	624	1281	5904	3385
mammal|mouse|Lass5|ENSMUSG00000023021|15|99567978|99568084|-|dn_exon	805	1366	2713	3189
mammal|mouse|Lass5|ENSMUSG00000023021|15|99567978|99568084|-|exon	1075	2503	4000	3537
mammal|mouse|Lass5|ENSMUSG00000023021|15|99567978|99568084|-|up_3intron	480	143	217	1377
mammal|mouse|Lass5|ENSMUSG00000023021|15|99567978|99568084|-|up_5intron	413	156	17	26
mammal|mouse|Lass5|ENSMUSG00000023021|15|99567978|99568084|-|up_exon	72	38	4	31
mammal|mouse|Lass6|ENSMUSG00000027035|2|68943700|68943823|+|dn_3intron	189	300	380	628
mammal|mouse|Lass6|ENSMUSG00000027035|2|68943700|68943823|+|dn_5intron	320	138	82	117
mammal|mouse|Lass6|ENSMUSG00000027035|2|68943700|68943823|+|dn_exon	209	111	145	551
mammal|mouse|Lass6|ENSMUSG00000027035|2|68943700|68943823|+|exon	411	186	65	40
mammal|mouse|Lass6|ENSMUSG00000027035|2|68943700|68943823|+|up_3intron	346	46	8	73
mammal|mouse|Lass6|ENSMUSG00000027035|2|68943700|68943823|+|up_5intron	542	119	38	30
mammal|mouse|Lass6|ENSMUSG00000027035|2|68943700|68943823|+|up_exon	369	141	101	132
mammal|mouse|Lef1|ENSMUSG00000027985|3|130893941|130894024|+|dn_3intron	559	198	53	107
mammal|mouse|Lef1|ENSMUSG00000027985|3|130893941|130894024|+|dn_5intron	831	301	196	116
mammal|mouse|Lef1|ENSMUSG00000027985|3|130893941|130894024|+|dn_exon	309	101	53	22
mammal|mouse|Lef1|ENSMUSG00000027985|3|130893941|130894024|+|exon	320	331	14	24
mammal|mouse|Lef1|ENSMUSG00000027985|3|130893941|130894024|+|up_3intron	1047	280	487	1187
mammal|mouse|Lef1|ENSMUSG00000027985|3|130893941|130894024|+|up_5intron	762	118	229	632
mammal|mouse|Lef1|ENSMUSG00000027985|3|130893941|130894024|+|up_exon	417	195	124	77
mammal|mouse|Lgals8|ENSMUSG00000057554|13|12542096|12543155|-|dn_3intron	729	631	1562	1719
mammal|mouse|Lgals8|ENSMUSG00000057554|13|12542096|12543155|-|dn_5intron	812	135	153	79
mammal|mouse|Lgals8|ENSMUSG00000057554|13|12542096|12543155|-|dn_exon	1073	329	225	256
mammal|mouse|Lgals8|ENSMUSG00000057554|13|12542096|12543155|-|exon	168	51	153	183
mammal|mouse|Lgals8|ENSMUSG00000057554|13|12542096|12543155|-|up_3intron	110	478	329	55
mammal|mouse|Lgals8|ENSMUSG00000057554|13|12542096|12543155|-|up_5intron	925	229	292	516
mammal|mouse|Lgals8|ENSMUSG00000057554|13|12542096|12543155|-|up_exon	418	123	48	198
mammal|mouse|Limch1|ENSMUSG00000037736|5|67416544|67416612|+|dn_3intron	208	59	54	106
mammal|mouse|Limch1|ENSMUSG00000037736|5|67416544|67416612|+|dn_5intron	472	101	161	480
mammal|mouse|Limch1|ENSMUSG00000037736|5|67416544|67416612|+|dn_exon	553	80	110	309
mammal|mouse|Limch1|ENSMUSG00000037736|5|67416544|67416612|+|exon	501	165	7	14
mammal|mouse|Limch1|ENSMUSG00000037736|5|67416544|67416612|+|up_3intron	295	113	47	89
mammal|mouse|Limch1|ENSMUSG00000037736|5|67416544|67416612|+|up_5intron	462	12739	5752	1018
mammal|mouse|Limch1|ENSMUSG00000037736|5|67416544|67416612|+|up_exon	165	156	165	473
mammal|mouse|Limch1|ENSMUSG00000037736|5|67427265|67427351|+|dn_3intron	610	67	49	77
mammal|mouse|Limch1|ENSMUSG00000037736|5|67427265|67427351|+|dn_5intron	553	287	193	84
mammal|mouse|Limch1|ENSMUSG00000037736|5|67427265|67427351|+|dn_exon	898	352	555	937
mammal|mouse|Limch1|ENSMUSG00000037736|5|67427265|67427351|+|up_3intron	578	440	1119	3486
mammal|mouse|Limch1|ENSMUSG00000037736|5|67427265|67427351|+|up_5intron	450	261	622	578
mammal|mouse|Limch1|ENSMUSG00000037736|5|67427265|67427351|+|up_exon	254	52	8	2
mammal|mouse|Lmo7|ENSMUSG00000033060|14|102285239|102285548|+|up_3intron	290	129	192	278
mammal|mouse|Lmo7|ENSMUSG00000033060|14|102285239|102285548|+|up_exon	105	4941	4300	1084
mammal|mouse|Lmo7|ENSMUSG00000033060|14|102287768|102287926|+|dn_3intron	317	48	31	25
mammal|mouse|Lmo7|ENSMUSG00000033060|14|102287768|102287926|+|dn_5intron	268	409	1151	637
mammal|mouse|Lmo7|ENSMUSG00000033060|14|102287768|102287926|+|dn_exon	166	1097	281	194
mammal|mouse|Lmo7|ENSMUSG00000033060|14|102314904|102314961|+|up_3intron	568	153	117	314
mammal|mouse|Lmo7|ENSMUSG00000033060|14|102314904|102314961|+|up_5intron	816	165	484	554
mammal|mouse|Lmo7|ENSMUSG00000033060|14|102314904|102314961|+|up_exon	441	183	234	393
mammal|mouse|Lmo7|ENSMUSG00000033060|14|102315110|102315690|+|dn_3intron	67	11	10	32
mammal|mouse|Lmo7|ENSMUSG00000033060|14|102315110|102315690|+|dn_5intron	258	17	28	37
mammal|mouse|Lmo7|ENSMUSG00000033060|14|102315110|102315690|+|dn_exon	143	66	113	37
mammal|mouse|Lphn2|ENSMUSG00000028184|3|148484244|148484831|-|dn_3intron	479	319	369	587
mammal|mouse|Lphn2|ENSMUSG00000028184|3|148484244|148484831|-|dn_5intron	362	126	125	467
mammal|mouse|Lphn2|ENSMUSG00000028184|3|148484244|148484831|-|dn_exon	156	40	26	26
mammal|mouse|Lphn2|ENSMUSG00000028184|3|148484244|148484831|-|exon	453	249	146	125
mammal|mouse|Lphn2|ENSMUSG00000028184|3|148484244|148484831|-|up_3intron	421	1858	3558	717
mammal|mouse|Lphn2|ENSMUSG00000028184|3|148484244|148484831|-|up_5intron	656	152	178	275
mammal|mouse|Lphn2|ENSMUSG00000028184|3|148484244|148484831|-|up_exon	565	93	103	142
mammal|mouse|Lphn2|ENSMUSG00000028184|3|148490452|148490549|-|dn_3intron	292	275	1122	1803
mammal|mouse|Lphn2|ENSMUSG00000028184|3|148490452|148490549|-|dn_5intron	104	8	34	461
mammal|mouse|Lphn2|ENSMUSG00000028184|3|148490452|148490549|-|dn_exon	385	23	88	155
mammal|mouse|Lphn2|ENSMUSG00000028184|3|148490452|148490549|-|exon	196	243	689	1317
mammal|mouse|Lphn2|ENSMUSG00000028184|3|148490452|148490549|-|up_3intron	281	20757	7743	141
mammal|mouse|Lphn2|ENSMUSG00000028184|3|148490452|148490549|-|up_5intron	202	21	17	18
mammal|mouse|Lphn2|ENSMUSG00000028184|3|148490452|148490549|-|up_exon	1205	142	170	824
mammal|mouse|Lphn2|ENSMUSG00000028184|3|148490452|148490549|-|utr	447	179	571	267
mammal|mouse|Lphn2|ENSMUSG00000028184|3|148512730|148512768|-|dn_3intron	39	38	3	7
mammal|mouse|Lphn2|ENSMUSG00000028184|3|148512730|148512768|-|dn_5intron	84	250	348	219
mammal|mouse|Lphn2|ENSMUSG00000028184|3|148512730|148512768|-|dn_exon	499	122	72	232
mammal|mouse|Lphn2|ENSMUSG00000028184|3|148512730|148512768|-|exon	1341	362	129	173
mammal|mouse|Lphn2|ENSMUSG00000028184|3|148512730|148512768|-|up_3intron	161	47	7	19
mammal|mouse|Lphn2|ENSMUSG00000028184|3|148512730|148512768|-|up_5intron	444	153	68	96
mammal|mouse|Lphn2|ENSMUSG00000028184|3|148512730|148512768|-|up_exon	83	74	65	64
mammal|mouse|Lpin1|ENSMUSG00000020593|12|16565450|16565527|-|dn_5intron	185	242	1675	1349
mammal|mouse|Lpin1|ENSMUSG00000020593|12|16565450|16565527|-|dn_exon	245	64	61	46
mammal|mouse|Lpin1|ENSMUSG00000020593|12|16565450|16565527|-|exon	223	376	160	585
mammal|mouse|Lpin1|ENSMUSG00000020593|12|16565450|16565527|-|up_3intron	2102	900	2498	8445
mammal|mouse|Lpin1|ENSMUSG00000020593|12|16565450|16565527|-|up_5intron	216	34	872	156
mammal|mouse|Lpin1|ENSMUSG00000020593|12|16565450|16565527|-|up_exon	411	78	78	187
mammal|mouse|Lrp4|ENSMUSG00000027253|2|91349817|91349875|+|dn_3intron	605	183	158	703
mammal|mouse|Lrp4|ENSMUSG00000027253|2|91349817|91349875|+|dn_5intron	580	231	270	413
mammal|mouse|Lrp4|ENSMUSG00000027253|2|91349817|91349875|+|exon	738	999	4435	4778
mammal|mouse|Lrp4|ENSMUSG00000027253|2|91349817|91349875|+|up_3intron	430	533	769	639
mammal|mouse|Lrp4|ENSMUSG00000027253|2|91349817|91349875|+|up_5intron	369	181	503	304
mammal|mouse|Lrp4|ENSMUSG00000027253|2|91349817|91349875|+|up_exon	33	12	49	8
mammal|mouse|Lrrfip2|ENSMUSG00000032497|9|111065352|111065405|+|up_3intron	224	85	175	372
mammal|mouse|Lrrfip2|ENSMUSG00000032497|9|111065352|111065405|+|up_5intron	2	81	75	10
mammal|mouse|Lrrfip2|ENSMUSG00000032497|9|111065352|111065405|+|up_exon	170	110	130	89
mammal|mouse|Lrrfip2|ENSMUSG00000032497|9|111069553|111069609|+|dn_exon	309	126	78	347
mammal|mouse|Lrrfip2|ENSMUSG00000032497|9|111075585|111075626|+|dn_3intron	269	243	47	142
mammal|mouse|Lrrfip2|ENSMUSG00000032497|9|111075585|111075626|+|dn_5intron	515	106	305	1855
mammal|mouse|Lrrfip2|ENSMUSG00000032497|9|111075585|111075626|+|exon	913	142	177	1099
mammal|mouse|Lrrfip2|ENSMUSG00000032497|9|111075585|111075626|+|up_3intron	146	111	61	171
mammal|mouse|Lrrfip2|ENSMUSG00000032497|9|111075585|111075626|+|up_5intron	99	12	19	66
mammal|mouse|Lrrfip2|ENSMUSG00000032497|9|111075585|111075626|+|up_exon	674	85	106	433
mammal|mouse|Lrrfip2|ENSMUSG00000032497|9|111078239|111078346|+|up_3intron	1219	1583	4878	2390
mammal|mouse|Lrrfip2|ENSMUSG00000032497|9|111078239|111078346|+|up_5intron	1303	552	2482	4419
mammal|mouse|Lrrfip2|ENSMUSG00000032497|9|111082720|111082776|+|dn_3intron	326	108	274	667
mammal|mouse|Lrrfip2|ENSMUSG00000032497|9|111082720|111082776|+|dn_5intron	887	3574	8616	3188
mammal|mouse|Lrrfip2|ENSMUSG00000032497|9|111082720|111082776|+|dn_exon	449	141	254	85
mammal|mouse|Lrrfip2|ENSMUSG00000032497|9|111086694|111086783|+|dn_3intron	8	8	1	1
mammal|mouse|Lrrfip2|ENSMUSG00000032497|9|111086694|111086783|+|dn_5intron	1032	1717	12610	3007
mammal|mouse|Lrrfip2|ENSMUSG00000032497|9|111086694|111086783|+|dn_exon	608	233	437	207
mammal|mouse|Lrrfip2|ENSMUSG00000032497|9|111086694|111086783|+|exon	417	179	108	246
mammal|mouse|Lrrfip2|ENSMUSG00000032497|9|111086694|111086783|+|up_3intron	303	101	264	711
mammal|mouse|Lrrfip2|ENSMUSG00000032497|9|111086694|111086783|+|up_5intron	605	153	258	2457
mammal|mouse|Lrrfip2|ENSMUSG00000032497|9|111086694|111086783|+|up_exon	351	667	256	377
mammal|mouse|Lrrfip2|ENSMUSG00000032497|9|111095545|111095622|+|deep_dn	598	128	65	95
mammal|mouse|Lrrfip2|ENSMUSG00000032497|9|111095545|111095622|+|deep_up	411	40	218	67
mammal|mouse|Lrrfip2|ENSMUSG00000032497|9|111095545|111095622|+|dn_3intron	596	185	254	1315
mammal|mouse|Lrrfip2|ENSMUSG00000032497|9|111095545|111095622|+|dn_5intron	880	86394	16029	3034
mammal|mouse|Lrrfip2|ENSMUSG00000032497|9|111095545|111095622|+|dn_exon	332	89	107	97
mammal|mouse|Lrrfip2|ENSMUSG00000032497|9|111095545|111095622|+|exon	339	129	100	58
mammal|mouse|Lrrfip2|ENSMUSG00000032497|9|111095545|111095622|+|up_3intron	48	10	51	221
mammal|mouse|Lrrfip2|ENSMUSG00000032497|9|111095545|111095622|+|up_5intron	398	186	34	32
mammal|mouse|Lrrfip2|ENSMUSG00000032497|9|111095545|111095622|+|up_exon	375	99	28	60
mammal|mouse|Lrrfip2|ENSMUSG00000032497|9|111109473|111111395|+|dn_3intron	72	13	72	17
mammal|mouse|Lrrfip2|ENSMUSG00000032497|9|111109473|111111395|+|dn_exon	637	161	180	303
mammal|mouse|Lrrfip2|ENSMUSG00000032497|9|111109473|111111395|+|exon	117	20	96	38
mammal|mouse|Lrrfip2|ENSMUSG00000032497|9|111109473|111111395|+|up_3intron	458	180	465	969
mammal|mouse|Lrrfip2|ENSMUSG00000032497|9|111109473|111111395|+|up_5intron	251	27	70	175
mammal|mouse|Lsamp|ENSMUSG00000061080|16|42151357|42151392|+|deep_dn	136	50	38	123
mammal|mouse|Lsamp|ENSMUSG00000061080|16|42151357|42151392|+|deep_up	373	113	34	21
mammal|mouse|Lsamp|ENSMUSG00000061080|16|42151357|42151392|+|dn_3intron	427	239	296	604
mammal|mouse|Lsamp|ENSMUSG00000061080|16|42151357|42151392|+|dn_5intron	220	42	20	38
mammal|mouse|Lsamp|ENSMUSG00000061080|16|42151357|42151392|+|dn_exon	1183	275	506	1834
mammal|mouse|Lsamp|ENSMUSG00000061080|16|42151357|42151392|+|exon	342	135	172	190
mammal|mouse|Lsamp|ENSMUSG00000061080|16|42151357|42151392|+|up_3intron	410	92	64	172
mammal|mouse|Lsamp|ENSMUSG00000061080|16|42151357|42151392|+|up_5intron	136	37	64	95
mammal|mouse|Lsamp|ENSMUSG00000061080|16|42151357|42151392|+|up_exon	770	188	53	162
mammal|mouse|Lsm14b|ENSMUSG00000039108|2|179763663|179764776|+|up_3intron	986	200	100	510
mammal|mouse|Lsm14b|ENSMUSG00000039108|2|179763663|179764776|+|up_5intron	51	129	45	34
mammal|mouse|Lsm14b|ENSMUSG00000039108|2|179763663|179764776|+|up_exon	458	109	73	83
mammal|mouse|Lta4h|ENSMUSG00000015889|10|92944219|92945077|+|dn_3intron	603	426	236	383
mammal|mouse|Lta4h|ENSMUSG00000015889|10|92944219|92945077|+|dn_5intron	168	45	44	12
mammal|mouse|Lta4h|ENSMUSG00000015889|10|92944219|92945077|+|dn_exon	461	85	98	159
mammal|mouse|Lta4h|ENSMUSG00000015889|10|92944219|92945077|+|exon	88	55	111	85
mammal|mouse|Lta4h|ENSMUSG00000015889|10|92944219|92945077|+|up_3intron	40	11	63	17
mammal|mouse|Lta4h|ENSMUSG00000015889|10|92944219|92945077|+|up_5intron	166	20	29	11
mammal|mouse|Lta4h|ENSMUSG00000015889|10|92944219|92945077|+|up_exon	426	90	102	296
mammal|mouse|Ltv1|ENSMUSG00000019814|10|12899289|12899514|-|dn_3intron	566	101	91	290
mammal|mouse|Ltv1|ENSMUSG00000019814|10|12899289|12899514|-|dn_exon	183	90	11	9
mammal|mouse|Ltv1|ENSMUSG00000019814|10|12899289|12899514|-|exon	453	174	26	14
mammal|mouse|Ltv1|ENSMUSG00000019814|10|12899289|12899514|-|up_3intron	94	65	19	26
mammal|mouse|Ltv1|ENSMUSG00000019814|10|12899289|12899514|-|up_5intron	207	35	79	165
mammal|mouse|Ltv1|ENSMUSG00000019814|10|12899289|12899514|-|up_exon	310	122	195	198
mammal|mouse|Madd|ENSMUSG00000040687|2|90978866|90978912|-|dn_3intron	926	199	32	38
mammal|mouse|Madd|ENSMUSG00000040687|2|90978866|90978912|-|dn_5intron	392	294	186	167
mammal|mouse|Madd|ENSMUSG00000040687|2|90978866|90978912|-|dn_exon	1023	325	168	301
mammal|mouse|Madd|ENSMUSG00000040687|2|90978866|90978912|-|exon	35	23	24	68
mammal|mouse|Madd|ENSMUSG00000040687|2|90978866|90978912|-|up_3intron	313	44	39	33
mammal|mouse|Madd|ENSMUSG00000040687|2|90978866|90978912|-|up_5intron	470	89	79	148
mammal|mouse|Madd|ENSMUSG00000040687|2|90978866|90978912|-|up_exon	791	365	342	717
mammal|mouse|Madd|ENSMUSG00000040687|2|90995170|90995232|-|dn_3intron	1441	189	42	88
mammal|mouse|Madd|ENSMUSG00000040687|2|90995170|90995232|-|dn_5intron	226	185	348	90
mammal|mouse|Madd|ENSMUSG00000040687|2|90995170|90995232|-|dn_exon	303	254	171	231
mammal|mouse|Madd|ENSMUSG00000040687|2|90995170|90995232|-|up_3intron	387	276	131	209
mammal|mouse|Madd|ENSMUSG00000040687|2|90995170|90995232|-|up_5intron	94	25	91	12
mammal|mouse|Madd|ENSMUSG00000040687|2|90995170|90995232|-|up_exon	464	110	53	83
mammal|mouse|Madd|ENSMUSG00000040687|2|91000474|91000527|-|dn_3intron	558	123	56	39
mammal|mouse|Madd|ENSMUSG00000040687|2|91000474|91000527|-|dn_5intron	658	637	625	174
mammal|mouse|Madd|ENSMUSG00000040687|2|91000474|91000527|-|dn_exon	281	149	128	63
mammal|mouse|Madd|ENSMUSG00000040687|2|91000474|91000527|-|exon	551	366	1201	445
mammal|mouse|Madd|ENSMUSG00000040687|2|91000474|91000527|-|up_3intron	332	199	179	392
mammal|mouse|Madd|ENSMUSG00000040687|2|91000474|91000527|-|up_5intron	1494	3861	13869	4675
mammal|mouse|Madd|ENSMUSG00000040687|2|91000474|91000527|-|up_exon	184	95	34	11
mammal|mouse|Madd|ENSMUSG00000040687|2|91004120|91004182|-|dn_3intron	512	88	56	61
mammal|mouse|Madd|ENSMUSG00000040687|2|91004120|91004182|-|dn_5intron	546	236	397	142
mammal|mouse|Madd|ENSMUSG00000040687|2|91004120|91004182|-|dn_exon	109	67	11	29
mammal|mouse|Madd|ENSMUSG00000040687|2|91004120|91004182|-|exon	196	81	51	23
mammal|mouse|Madd|ENSMUSG00000040687|2|91004120|91004182|-|up_3intron	234	50	45	71
mammal|mouse|Madd|ENSMUSG00000040687|2|91004120|91004182|-|up_5intron	956	366	163	267
mammal|mouse|Madd|ENSMUSG00000040687|2|91004120|91004182|-|up_exon	498	188	74	230
mammal|mouse|Magi1|ENSMUSG00000045095|6|93654271|93654354|-|deep_dn	581	207	391	514
mammal|mouse|Magi1|ENSMUSG00000045095|6|93654271|93654354|-|deep_up	328	276	34	35
mammal|mouse|Magi1|ENSMUSG00000045095|6|93654271|93654354|-|dn_3intron	326	132	334	600
mammal|mouse|Magi1|ENSMUSG00000045095|6|93654271|93654354|-|dn_5intron	931	452	650	921
mammal|mouse|Magi1|ENSMUSG00000045095|6|93654271|93654354|-|dn_exon	170	49	15	9
mammal|mouse|Magi1|ENSMUSG00000045095|6|93654271|93654354|-|exon	207	40	44	104
mammal|mouse|Magi1|ENSMUSG00000045095|6|93654271|93654354|-|up_3intron	254	76	65	66
mammal|mouse|Magi1|ENSMUSG00000045095|6|93654271|93654354|-|up_5intron	388	146	74	24
mammal|mouse|Magi1|ENSMUSG00000045095|6|93654271|93654354|-|up_exon	426	289	138	258
mammal|mouse|Map4k3|ENSMUSG00000024242|17|81028626|81028688|-|dn_3intron	343	124	81	106
mammal|mouse|Map4k3|ENSMUSG00000024242|17|81028626|81028688|-|dn_5intron	667	149	78	286
mammal|mouse|Map4k3|ENSMUSG00000024242|17|81028626|81028688|-|dn_exon	216	16	30	44
mammal|mouse|Map4k3|ENSMUSG00000024242|17|81028626|81028688|-|exon	579	173	121	212
mammal|mouse|Map4k3|ENSMUSG00000024242|17|81028626|81028688|-|up_3intron	829	216	371	1527
mammal|mouse|Map4k3|ENSMUSG00000024242|17|81028626|81028688|-|up_5intron	154	16	23	32
mammal|mouse|Map4k3|ENSMUSG00000024242|17|81028626|81028688|-|up_exon	454	296	698	826
mammal|mouse|Map4k4|ENSMUSG00000026074|1|40058275|40060081|+|dn_3intron	217	201	313	521
mammal|mouse|Map4k4|ENSMUSG00000026074|1|40058275|40060081|+|exon	962	166458	27530	558
mammal|mouse|Map4k4|ENSMUSG00000026074|1|40058275|40060081|+|up_3intron	966	396	101	658
mammal|mouse|Map4k4|ENSMUSG00000026074|1|40058275|40060081|+|up_5intron	1279	206	87	94
mammal|mouse|Map4k4|ENSMUSG00000026074|1|40058275|40060081|+|up_exon	734	169	260	618
mammal|mouse|Map4k4|ENSMUSG00000026074|1|40060602|40060832|+|dn_3intron	1217	138	131	362
mammal|mouse|Map4k4|ENSMUSG00000026074|1|40060602|40060832|+|dn_5intron	311	64	166	289
mammal|mouse|Map4k4|ENSMUSG00000026074|1|40060602|40060832|+|exon	63	71	20	12
mammal|mouse|Map4k4|ENSMUSG00000026074|1|40060602|40060832|+|up_3intron	740	293	193	487
mammal|mouse|Map4k4|ENSMUSG00000026074|1|40060602|40060832|+|up_5intron	809	440	150	224
mammal|mouse|Mapk8ip3|ENSMUSG00000024163|17|25045354|25045373|-|dn_3intron	1269	267	94	77
mammal|mouse|Mapk8ip3|ENSMUSG00000024163|17|25045354|25045373|-|dn_5intron	280	775	7928	630
mammal|mouse|Mapk8ip3|ENSMUSG00000024163|17|25045354|25045373|-|dn_exon	228	69	13	5
mammal|mouse|Mapk8ip3|ENSMUSG00000024163|17|25045354|25045373|-|exon	467	709	1869	1115
mammal|mouse|Mapk8ip3|ENSMUSG00000024163|17|25045354|25045373|-|up_3intron	260	303	330	479
mammal|mouse|Mapk8ip3|ENSMUSG00000024163|17|25045354|25045373|-|up_5intron	922	269	346	669
mammal|mouse|Mapkap1|ENSMUSG00000038696|2|34418575|34418682|+|deep_dn	325	66	50	66
mammal|mouse|Mapkap1|ENSMUSG00000038696|2|34418575|34418682|+|deep_up	531	152	78	240
mammal|mouse|Mapkap1|ENSMUSG00000038696|2|34418575|34418682|+|dn_3intron	255	155	481	588
mammal|mouse|Mapkap1|ENSMUSG00000038696|2|34418575|34418682|+|dn_5intron	262	153	266	703
mammal|mouse|Mapkap1|ENSMUSG00000038696|2|34418575|34418682|+|dn_exon	56	280	386	522
mammal|mouse|Mapkap1|ENSMUSG00000038696|2|34418575|34418682|+|exon	35	41	98	53
mammal|mouse|Mapkap1|ENSMUSG00000038696|2|34418575|34418682|+|up_3intron	1178	264	120	224
mammal|mouse|Mapkap1|ENSMUSG00000038696|2|34418575|34418682|+|up_5intron	298	125	244	579
mammal|mouse|Mapkap1|ENSMUSG00000038696|2|34418575|34418682|+|up_exon	699	164	100	1159
mammal|mouse|Mapkap1|ENSMUSG00000038696|2|34418575|34418682|+|utr	925	210	211	314
mammal|mouse|Mark3|ENSMUSG00000007411|12|112891598|112891645|+|dn_3intron	125	607	1618	315
mammal|mouse|Mark3|ENSMUSG00000007411|12|112891598|112891645|+|dn_5intron	1455	221	32	48
mammal|mouse|Mark3|ENSMUSG00000007411|12|112891598|112891645|+|dn_exon	404	243	137	118
mammal|mouse|Mark3|ENSMUSG00000007411|12|112891598|112891645|+|exon	285	53	48	50
mammal|mouse|Mark3|ENSMUSG00000007411|12|112891598|112891645|+|up_3intron	461	97	254	593
mammal|mouse|Mark3|ENSMUSG00000007411|12|112891598|112891645|+|up_5intron	1987	950	1236	3082
mammal|mouse|Mark3|ENSMUSG00000007411|12|112891598|112891645|+|up_exon	342	181	39	266
mammal|mouse|Mbnl1|ENSMUSG00000027763|3|60425345|60425380|+|dn_3intron	141	14	33	54
mammal|mouse|Mbnl1|ENSMUSG00000027763|3|60425345|60425380|+|dn_5intron	521	197	331	681
mammal|mouse|Mbnl1|ENSMUSG00000027763|3|60425345|60425380|+|dn_exon	570	253	288	521
mammal|mouse|Mbnl1|ENSMUSG00000027763|3|60425345|60425380|+|exon	550	8065	4874	959
mammal|mouse|Mbnl1|ENSMUSG00000027763|3|60425345|60425380|+|up_3intron	649	196	109	246
mammal|mouse|Mbnl1|ENSMUSG00000027763|3|60425345|60425380|+|up_5intron	1408	513	957	1449
mammal|mouse|Mbnl1|ENSMUSG00000027763|3|60425345|60425380|+|up_exon	576	2866	9283	2996
mammal|mouse|Mecom|ENSMUSG00000027684|3|29871602|29871653|-|deep_dn	1814	677	1151	2834
mammal|mouse|Mecom|ENSMUSG00000027684|3|29871602|29871653|-|deep_up	710	1415	7320	3310
mammal|mouse|Mecom|ENSMUSG00000027684|3|29871602|29871653|-|dn_3intron	148	1644	801	199
mammal|mouse|Mecom|ENSMUSG00000027684|3|29871602|29871653|-|dn_5intron	290	93	371	322
mammal|mouse|Mecom|ENSMUSG00000027684|3|29871602|29871653|-|dn_exon	341	250	39	11
mammal|mouse|Mecom|ENSMUSG00000027684|3|29871602|29871653|-|exon	358	78	341	722
mammal|mouse|Mecom|ENSMUSG00000027684|3|29871602|29871653|-|up_3intron	250	77	59	69
mammal|mouse|Mecom|ENSMUSG00000027684|3|29871602|29871653|-|up_5intron	951	148	115	161
mammal|mouse|Mecom|ENSMUSG00000027684|3|29871602|29871653|-|up_exon	347	123	104	172
mammal|mouse|Med14|ENSMUSG00000064127|X|12266455|12266712|-|dn_3intron	152	18	43	61
mammal|mouse|Med14|ENSMUSG00000064127|X|12266455|12266712|-|dn_5intron	649	122	238	307
mammal|mouse|Med14|ENSMUSG00000064127|X|12266455|12266712|-|dn_exon	464	137	111	215
mammal|mouse|Med14|ENSMUSG00000064127|X|12266455|12266712|-|exon	320	951	1422	513
mammal|mouse|Med14|ENSMUSG00000064127|X|12266455|12266712|-|up_3intron	982	197	210	381
mammal|mouse|Med14|ENSMUSG00000064127|X|12266455|12266712|-|up_5intron	752	182	214	808
mammal|mouse|Med14|ENSMUSG00000064127|X|12266455|12266712|-|up_exon	113	290	128	97
mammal|mouse|Mitd1|ENSMUSG00000026088|1|37938544|37938630|-|dn_3intron	378	88	121	100
mammal|mouse|Mitd1|ENSMUSG00000026088|1|37938544|37938630|-|dn_5intron	824	204	213	477
mammal|mouse|Mitd1|ENSMUSG00000026088|1|37938544|37938630|-|dn_exon	440	210	321	321
mammal|mouse|Mitd1|ENSMUSG00000026088|1|37938544|37938630|-|exon	915	165	110	206
mammal|mouse|Mitd1|ENSMUSG00000026088|1|37938544|37938630|-|up_3intron	367	186	33	46
mammal|mouse|Mitd1|ENSMUSG00000026088|1|37938544|37938630|-|up_5intron	173	65	63	50
mammal|mouse|Mitd1|ENSMUSG00000026088|1|37938544|37938630|-|up_exon	73	23	34	69
mammal|mouse|Mllt4|ENSMUSG00000068036|17|13985362|13985382|+|dn_3intron	1322	316	289	1354
mammal|mouse|Mllt4|ENSMUSG00000068036|17|13985362|13985382|+|dn_5intron	443	199	82	98
mammal|mouse|Mllt4|ENSMUSG00000068036|17|13985362|13985382|+|dn_exon	529	151	35	90
mammal|mouse|Mllt4|ENSMUSG00000068036|17|13985362|13985382|+|exon	440	162	29	53
mammal|mouse|Mllt4|ENSMUSG00000068036|17|13985362|13985382|+|up_3intron	263	920	737	2562
mammal|mouse|Mllt4|ENSMUSG00000068036|17|13985362|13985382|+|up_5intron	466	165	276	754
mammal|mouse|Mllt4|ENSMUSG00000068036|17|13985362|13985382|+|up_exon	310	269	294	405
mammal|mouse|Mpdz|ENSMUSG00000028402|4|80959404|80960316|-|dn_3intron	549	96	103	944
mammal|mouse|Mpdz|ENSMUSG00000028402|4|80959404|80960316|-|dn_5intron	235	153	668	676
mammal|mouse|Mpdz|ENSMUSG00000028402|4|80959404|80960316|-|dn_exon	153	196	353	1859
mammal|mouse|Mpdz|ENSMUSG00000028402|4|80963498|80963608|-|up_3intron	1109	272	243	1136
mammal|mouse|Mpdz|ENSMUSG00000028402|4|80963498|80963608|-|up_5intron	1006	282	41	89
mammal|mouse|Mtap7d2|ENSMUSG00000041020|X|155898199|155898297|+|up_3intron	254	14	4	32
mammal|mouse|Mtap7d2|ENSMUSG00000041020|X|155898199|155898297|+|up_5intron	1290	221	147	247
mammal|mouse|Mtdh|ENSMUSG00000022255|15|34044554|34044730|+|dn_3intron	392	48	195	261
mammal|mouse|Mtdh|ENSMUSG00000022255|15|34044554|34044730|+|dn_5intron	1356	165	89	216
mammal|mouse|Mtdh|ENSMUSG00000022255|15|34044554|34044730|+|dn_exon	252	63	35	91
mammal|mouse|Mtdh|ENSMUSG00000022255|15|34044554|34044730|+|exon	662	116	35	78
mammal|mouse|Mtdh|ENSMUSG00000022255|15|34044554|34044730|+|up_3intron	215	28	83	512
mammal|mouse|Mtdh|ENSMUSG00000022255|15|34044554|34044730|+|up_5intron	304	97	283	258
mammal|mouse|Mtdh|ENSMUSG00000022255|15|34044554|34044730|+|up_exon	167	38	119	114
mammal|mouse|Mtdh|ENSMUSG00000022255|15|34051178|34051267|+|up_3intron	241	72	40	118
mammal|mouse|Mtdh|ENSMUSG00000022255|15|34051178|34051267|+|up_5intron	127	54	377	270
mammal|mouse|Mtdh|ENSMUSG00000022255|15|34051178|34051267|+|up_exon	480	130	15	6
mammal|mouse|Mtdh|ENSMUSG00000022255|15|34053423|34053521|+|deep_dn	767	118	72	107
mammal|mouse|Mtdh|ENSMUSG00000022255|15|34053423|34053521|+|deep_up	264	38	95	227
mammal|mouse|Mtdh|ENSMUSG00000022255|15|34053423|34053521|+|dn_3intron	286	58	47	113
mammal|mouse|Mtdh|ENSMUSG00000022255|15|34053423|34053521|+|dn_exon	169	101	90	57
mammal|mouse|Mtfr1|ENSMUSG00000027601|3|19108491|19108527|+|dn_3intron	437	119	20	385
mammal|mouse|Mtfr1|ENSMUSG00000027601|3|19108491|19108527|+|dn_5intron	1960	745	571	1150
mammal|mouse|Mtfr1|ENSMUSG00000027601|3|19108491|19108527|+|dn_exon	181	48	34	30
mammal|mouse|Mtfr1|ENSMUSG00000027601|3|19108491|19108527|+|exon	315	272	169	1451
mammal|mouse|Mtfr1|ENSMUSG00000027601|3|19108491|19108527|+|up_3intron	858	126	154	214
mammal|mouse|Mtfr1|ENSMUSG00000027601|3|19108491|19108527|+|up_5intron	245	21	22	189
mammal|mouse|Mtfr1|ENSMUSG00000027601|3|19108491|19108527|+|up_exon	811	392	71	141
mammal|mouse|Mthfsd|ENSMUSG00000031816|8|123626623|123626904|-|dn_3intron	336	78	8	8
mammal|mouse|Mthfsd|ENSMUSG00000031816|8|123626623|123626904|-|dn_5intron	153	161	113	93
mammal|mouse|Mthfsd|ENSMUSG00000031816|8|123626623|123626904|-|dn_exon	784	289	273	335
mammal|mouse|Mthfsd|ENSMUSG00000031816|8|123626623|123626904|-|exon	1226	250	93	202
mammal|mouse|Mthfsd|ENSMUSG00000031816|8|123626623|123626904|-|up_3intron	972	255	185	192
mammal|mouse|Mthfsd|ENSMUSG00000031816|8|123626623|123626904|-|up_5intron	1034	314	991	625
mammal|mouse|Mthfsd|ENSMUSG00000031816|8|123626623|123626904|-|up_exon	641	253	40	85
mammal|mouse|Mthfsd|ENSMUSG00000031816|8|123629474|123629607|-|dn_3intron	259	81	52	37
mammal|mouse|Mthfsd|ENSMUSG00000031816|8|123629474|123629607|-|dn_5intron	572	188	231	239
mammal|mouse|Mthfsd|ENSMUSG00000031816|8|123629474|123629607|-|dn_exon	356	119	97	73
mammal|mouse|Mthfsd|ENSMUSG00000031816|8|123629618|123629731|-|up_3intron	1233	368	374	145
mammal|mouse|Mthfsd|ENSMUSG00000031816|8|123629618|123629731|-|up_5intron	408	95	318	246
mammal|mouse|Mthfsd|ENSMUSG00000031816|8|123629618|123629731|-|up_exon	641	128	104	203
mammal|mouse|Mtss1|ENSMUSG00000022353|15|58779878|58781361|-|dn_3intron	293	133	508	908
mammal|mouse|Mtss1|ENSMUSG00000022353|15|58779878|58781361|-|dn_5intron	586	137	65	39
mammal|mouse|Mtss1|ENSMUSG00000022353|15|58779878|58781361|-|dn_exon	767	3522	3941	986
mammal|mouse|Mtss1|ENSMUSG00000022353|15|58779878|58781361|-|exon	413	93	20	16
mammal|mouse|Mtss1|ENSMUSG00000022353|15|58779878|58781361|-|up_3intron	652	590	887	510
mammal|mouse|Mtss1|ENSMUSG00000022353|15|58779878|58781361|-|up_5intron	395	86	39	22
mammal|mouse|Mtss1|ENSMUSG00000022353|15|58779878|58781361|-|up_exon	553	312	70	41
mammal|mouse|Mtss1l|ENSMUSG00000033763|8|113251729|113251737|+|dn_3intron	185	77	44	16
mammal|mouse|Mtss1l|ENSMUSG00000033763|8|113251729|113251737|+|dn_exon	1145	327	187	272
mammal|mouse|Mtss1l|ENSMUSG00000033763|8|113251729|113251737|+|up_3intron	150	274	69	48
mammal|mouse|Mtss1l|ENSMUSG00000033763|8|113251729|113251737|+|up_5intron	291	174	131	21
mammal|mouse|Mtss1l|ENSMUSG00000033763|8|113251729|113251737|+|up_exon	70	676	1351	67
mammal|mouse|Mybl1|ENSMUSG00000025912|1|9661660|9661877|-|dn_3intron	389	165	78	143
mammal|mouse|Mybl1|ENSMUSG00000025912|1|9661660|9661877|-|dn_5intron	662	79	78	132
mammal|mouse|Mybl1|ENSMUSG00000025912|1|9661660|9661877|-|exon	366	31	17	24
mammal|mouse|Mybl1|ENSMUSG00000025912|1|9661660|9661877|-|up_3intron	325	59	40	71
mammal|mouse|Mybl1|ENSMUSG00000025912|1|9661660|9661877|-|up_5intron	186	66	91	156
mammal|mouse|Mybl1|ENSMUSG00000025912|1|9661660|9661877|-|up_exon	380	102	94	78
mammal|mouse|Mycbp2|ENSMUSG00000033004|14|103569074|103569253|-|dn_3intron	696	84	63	173
mammal|mouse|Mycbp2|ENSMUSG00000033004|14|103569074|103569253|-|dn_5intron	725	371	414	933
mammal|mouse|Mycbp2|ENSMUSG00000033004|14|103569074|103569253|-|dn_exon	405	88	12	72
mammal|mouse|Mycbp2|ENSMUSG00000033004|14|103569074|103569253|-|exon	434	270	81	198
mammal|mouse|Mycbp2|ENSMUSG00000033004|14|103569074|103569253|-|up_3intron	1451	260	109	236
mammal|mouse|Mycbp2|ENSMUSG00000033004|14|103569074|103569253|-|up_5intron	565	181	356	1177
mammal|mouse|Mycbp2|ENSMUSG00000033004|14|103569074|103569253|-|up_exon	83	195	186	218
mammal|mouse|Myo18a|ENSMUSG00000000631|11|77625511|77626221|+|up_3intron	460	1337	6191	561
mammal|mouse|Myo18a|ENSMUSG00000000631|11|77625511|77626221|+|up_5intron	239	49	44	34
mammal|mouse|Myo18a|ENSMUSG00000000631|11|77625511|77626221|+|up_exon	265	493	1850	639
mammal|mouse|Myo18a|ENSMUSG00000000631|11|77628136|77628213|+|dn_3intron	785	188	273	234
mammal|mouse|Myo18a|ENSMUSG00000000631|11|77628136|77628213|+|dn_5intron	725	447	1146	1189
mammal|mouse|Myo18a|ENSMUSG00000000631|11|77628136|77628213|+|dn_exon	750	434	812	1123
mammal|mouse|Myo18a|ENSMUSG00000000631|11|77636165|77636176|+|dn_3intron	342	38	17	5
mammal|mouse|Myo18a|ENSMUSG00000000631|11|77636165|77636176|+|dn_5intron	793	295	328	2212
mammal|mouse|Myo18a|ENSMUSG00000000631|11|77636165|77636176|+|dn_exon	1066	221	92	75
mammal|mouse|Myo18a|ENSMUSG00000000631|11|77636165|77636176|+|up_3intron	2284	308	130	281
mammal|mouse|Myo18a|ENSMUSG00000000631|11|77636165|77636176|+|up_5intron	56	259	972	28
mammal|mouse|Myo18a|ENSMUSG00000000631|11|77636165|77636176|+|up_exon	205	603	1356	178
mammal|mouse|Myo1b|ENSMUSG00000018417|1|51825494|51825580|-|dn_3intron	268	110	159	583
mammal|mouse|Myo1b|ENSMUSG00000018417|1|51825494|51825580|-|dn_5intron	452	485	421	411
mammal|mouse|Myo1b|ENSMUSG00000018417|1|51825494|51825580|-|dn_exon	523	1112	464	233
mammal|mouse|Myo1b|ENSMUSG00000018417|1|51825494|51825580|-|exon	402	152	517	627
mammal|mouse|Myo1b|ENSMUSG00000018417|1|51825494|51825580|-|up_3intron	1211	396	689	2152
mammal|mouse|Myo1b|ENSMUSG00000018417|1|51825494|51825580|-|up_5intron	579	212	508	358
mammal|mouse|Myo1b|ENSMUSG00000018417|1|51825494|51825580|-|up_exon	170	212	410	71
mammal|mouse|Myo1b|ENSMUSG00000018417|1|51825494|51825580|-|utr	151	23	2	20
mammal|mouse|Myo5a|ENSMUSG00000034593|9|75040191|75040799|+|dn_3intron	473	119	67	43
mammal|mouse|Myo5a|ENSMUSG00000034593|9|75040191|75040799|+|dn_exon	3	77	16	15
mammal|mouse|Myo5a|ENSMUSG00000034593|9|75040191|75040799|+|exon	356	118	60	83
mammal|mouse|Myo5a|ENSMUSG00000034593|9|75040191|75040799|+|up_3intron	631	61	98	293
mammal|mouse|Myo5a|ENSMUSG00000034593|9|75040191|75040799|+|up_5intron	196	75	60	206
mammal|mouse|Myo5a|ENSMUSG00000034593|9|75040191|75040799|+|up_exon	317	92	114	58
mammal|mouse|Myo6|ENSMUSG00000033577|9|80144450|80144488|+|dn_3intron	543	94	2	9
mammal|mouse|Myo6|ENSMUSG00000033577|9|80144450|80144488|+|dn_5intron	693	210	323	2443
mammal|mouse|Myo6|ENSMUSG00000033577|9|80144450|80144488|+|dn_exon	161	16	74	58
mammal|mouse|Myo6|ENSMUSG00000033577|9|80144450|80144488|+|exon	128	76	135	428
mammal|mouse|Myo6|ENSMUSG00000033577|9|80144450|80144488|+|up_3intron	571	41	125	176
mammal|mouse|Myo6|ENSMUSG00000033577|9|80144450|80144488|+|up_5intron	432	123	134	735
mammal|mouse|Myo6|ENSMUSG00000033577|9|80144450|80144488|+|up_exon	301	70	91	96
mammal|mouse|Myo6|ENSMUSG00000033577|9|80144450|80144488|+|utr	12	56	64	77
mammal|mouse|Myo9b|ENSMUSG00000004677|8|73882515|73882562|+|dn_3intron	615	298	132	118
mammal|mouse|Myo9b|ENSMUSG00000004677|8|73882515|73882562|+|dn_5intron	21	294524	18481	73
mammal|mouse|Myo9b|ENSMUSG00000004677|8|73882515|73882562|+|dn_exon	209	63	11	16
mammal|mouse|Myo9b|ENSMUSG00000004677|8|73882515|73882562|+|exon	189	1213	1883	602
mammal|mouse|Myo9b|ENSMUSG00000004677|8|73882515|73882562|+|up_3intron	165	297	26	13
mammal|mouse|Myo9b|ENSMUSG00000004677|8|73882515|73882562|+|up_5intron	131	99	73	19
mammal|mouse|Myo9b|ENSMUSG00000004677|8|73882515|73882562|+|up_exon	229	102	89	20
mammal|mouse|Myo9b|ENSMUSG00000004677|8|73882515|73882562|+|utr	264	104	60	19
mammal|mouse|Myom1|ENSMUSG00000024049|17|71431337|71431836|+|dn_5intron	1729	600	512	2260
mammal|mouse|Myom1|ENSMUSG00000024049|17|71431337|71431836|+|dn_exon	262	39	24	19
mammal|mouse|Myom1|ENSMUSG00000024049|17|71431337|71431836|+|exon	225	119	50	40
mammal|mouse|Myom1|ENSMUSG00000024049|17|71431337|71431836|+|up_3intron	401	92	74	192
mammal|mouse|Myom1|ENSMUSG00000024049|17|71431337|71431836|+|up_exon	184	52	14	9
mammal|mouse|Myst2|ENSMUSG00000038909|11|95152834|95153091|-|dn_3intron	231	307	527	1225
mammal|mouse|Myst2|ENSMUSG00000038909|11|95152834|95153091|-|dn_5intron	924	192	51	94
mammal|mouse|Myst2|ENSMUSG00000038909|11|95152834|95153091|-|dn_exon	891	168	135	666
mammal|mouse|Myst2|ENSMUSG00000038909|11|95152834|95153091|-|exon	170	50	36	72
mammal|mouse|Myst2|ENSMUSG00000038909|11|95152834|95153091|-|up_3intron	439	130	42	184
mammal|mouse|Myst2|ENSMUSG00000038909|11|95152834|95153091|-|up_5intron	1298	441	559	6673
mammal|mouse|Myst2|ENSMUSG00000038909|11|95152834|95153091|-|up_exon	779	2486	1153	754
mammal|mouse|Myst2|ENSMUSG00000038909|11|95152834|95153091|-|utr	567	416	1555	596
mammal|mouse|Nasp|ENSMUSG00000028693|4|116283008|116283982|-|dn_3intron	87	43	50	48
mammal|mouse|Nasp|ENSMUSG00000028693|4|116283008|116283982|-|dn_5intron	145	55	35	105
mammal|mouse|Nasp|ENSMUSG00000028693|4|116283008|116283982|-|dn_exon	400	214	105	286
mammal|mouse|Nasp|ENSMUSG00000028693|4|116283008|116283982|-|exon	106	30	20	15
mammal|mouse|Nasp|ENSMUSG00000028693|4|116283008|116283982|-|up_5intron	247	70	136	496
mammal|mouse|Nasp|ENSMUSG00000028693|4|116283008|116283982|-|up_exon	120	28	25	9
mammal|mouse|Ncam1|ENSMUSG00000039542|9|49358645|49358674|-|deep_dn	436	161	29	67
mammal|mouse|Ncam1|ENSMUSG00000039542|9|49358645|49358674|-|deep_up	1029	199	71	153
mammal|mouse|Ncam1|ENSMUSG00000039542|9|49358645|49358674|-|dn_3intron	717	156	146	574
mammal|mouse|Ncam1|ENSMUSG00000039542|9|49358645|49358674|-|dn_5intron	641	170	81	106
mammal|mouse|Ncam1|ENSMUSG00000039542|9|49358645|49358674|-|exon	627	191	263	1456
mammal|mouse|Ncam1|ENSMUSG00000039542|9|49358645|49358674|-|up_3intron	1713	14713	27208	3076
mammal|mouse|Ncam1|ENSMUSG00000039542|9|49358645|49358674|-|up_5intron	380	95	16	5
mammal|mouse|Ncam1|ENSMUSG00000039542|9|49358645|49358674|-|up_exon	422	122	33	82
mammal|mouse|Nedd4l|ENSMUSG00000024589|18|65326946|65327823|+|dn_5intron	1060	400	1681	2190
mammal|mouse|Nedd4l|ENSMUSG00000024589|18|65326946|65327823|+|dn_exon	700	97	146	239
mammal|mouse|Nedd4l|ENSMUSG00000024589|18|65326946|65327823|+|exon	348	86	58	156
mammal|mouse|Nedd4l|ENSMUSG00000024589|18|65326946|65327823|+|up_3intron	290	267	125	79
mammal|mouse|Nedd4l|ENSMUSG00000024589|18|65326946|65327823|+|up_5intron	1631	1265	36048	7450
mammal|mouse|Nedd4l|ENSMUSG00000024589|18|65326946|65327823|+|up_exon	826	144	36	24
mammal|mouse|Nedd4l|ENSMUSG00000024589|18|65333699|65333896|+|dn_3intron	428	105	121	421
mammal|mouse|Nedd4l|ENSMUSG00000024589|18|65333699|65333896|+|dn_5intron	407	350	262	726
mammal|mouse|Nedd4l|ENSMUSG00000024589|18|65333699|65333896|+|dn_exon	1257	2524	15311	1794
mammal|mouse|Nedd4l|ENSMUSG00000024589|18|65333699|65333896|+|exon	326	195	61	42
mammal|mouse|Nedd4l|ENSMUSG00000024589|18|65333699|65333896|+|up_3intron	163	181	209	350
mammal|mouse|Nedd4l|ENSMUSG00000024589|18|65333699|65333896|+|up_5intron	651	303	153	662
mammal|mouse|Nedd4l|ENSMUSG00000024589|18|65333699|65333896|+|up_exon	308	101	56	80
mammal|mouse|Neo1|ENSMUSG00000032340|9|58749890|58750006|-|dn_exon	735	197	155	1490
mammal|mouse|Neo1|ENSMUSG00000032340|9|58749890|58750006|-|exon	646	266	466	1254
mammal|mouse|Neo1|ENSMUSG00000032340|9|58749890|58750006|-|up_3intron	240	31	29	32
mammal|mouse|Neo1|ENSMUSG00000032340|9|58749890|58750006|-|up_5intron	162	158	167	229
mammal|mouse|Neo1|ENSMUSG00000032340|9|58749890|58750006|-|up_exon	145	62	16	13
mammal|mouse|Nin|ENSMUSG00000021068|12|71123235|71123328|-|dn_3intron	314	14	36	22
mammal|mouse|Nin|ENSMUSG00000021068|12|71123235|71123328|-|dn_5intron	628	149	25	127
mammal|mouse|Nin|ENSMUSG00000021068|12|71123235|71123328|-|dn_exon	768	199	48	56
mammal|mouse|Nin|ENSMUSG00000021068|12|71123235|71123328|-|exon	767	218	160	168
mammal|mouse|Nin|ENSMUSG00000021068|12|71123235|71123328|-|up_3intron	1086	328	737	2268
mammal|mouse|Nin|ENSMUSG00000021068|12|71123235|71123328|-|up_5intron	334	177	53	61
mammal|mouse|Nin|ENSMUSG00000021068|12|71123235|71123328|-|up_exon	118	45	39	214
mammal|mouse|Nol7|ENSMUSG00000063200|13|43495962|43495994|+|dn_3intron	234	31	38	51
mammal|mouse|Nol7|ENSMUSG00000063200|13|43495962|43495994|+|dn_5intron	630	231	87	158
mammal|mouse|Nol7|ENSMUSG00000063200|13|43495962|43495994|+|dn_exon	91	79	143	74
mammal|mouse|Nol7|ENSMUSG00000063200|13|43495962|43495994|+|exon	308	54	80	186
mammal|mouse|Nol7|ENSMUSG00000063200|13|43495962|43495994|+|up_3intron	167	350	310	498
mammal|mouse|Nol7|ENSMUSG00000063200|13|43495962|43495994|+|up_5intron	451	93	22	76
mammal|mouse|Nol7|ENSMUSG00000063200|13|43495962|43495994|+|up_exon	1050	154	65	68
mammal|mouse|Npnt|ENSMUSG00000040998|3|132577337|132577466|-|dn_3intron	810	130	65	47
mammal|mouse|Npnt|ENSMUSG00000040998|3|132577337|132577466|-|dn_5intron	366	154	61	102
mammal|mouse|Npnt|ENSMUSG00000040998|3|132577337|132577466|-|dn_exon	653	261	280	234
mammal|mouse|Npnt|ENSMUSG00000040998|3|132577337|132577466|-|exon	495	102	114	132
mammal|mouse|Npnt|ENSMUSG00000040998|3|132577337|132577466|-|up_3intron	177	75	116	188
mammal|mouse|Npnt|ENSMUSG00000040998|3|132577337|132577466|-|up_5intron	193	76	27	26
mammal|mouse|Npnt|ENSMUSG00000040998|3|132594546|132594632|-|dn_3intron	448	187	143	333
mammal|mouse|Npnt|ENSMUSG00000040998|3|132594546|132594632|-|dn_5intron	495	92	72	107
mammal|mouse|Npnt|ENSMUSG00000040998|3|132594546|132594632|-|exon	49	16	9	30
mammal|mouse|Npnt|ENSMUSG00000040998|3|132594546|132594632|-|up_3intron	449	140	558	463
mammal|mouse|Npnt|ENSMUSG00000040998|3|132594546|132594632|-|up_5intron	175	33	63	156
mammal|mouse|Npnt|ENSMUSG00000040998|3|132594546|132594632|-|up_exon	37	14	59	13
mammal|mouse|Ogdh|ENSMUSG00000020456|11|6216768|6216858|+|up_3intron	415	223	101	106
mammal|mouse|Ogdh|ENSMUSG00000020456|11|6216768|6216858|+|up_5intron	727	153	161	441
mammal|mouse|Ogdh|ENSMUSG00000020456|11|6216768|6216858|+|up_exon	413	186	30	56
mammal|mouse|Ogdh|ENSMUSG00000020456|11|6224881|6224925|+|dn_3intron	521	1346	23002	1693
mammal|mouse|Ogdh|ENSMUSG00000020456|11|6224881|6224925|+|dn_5intron	1912	72533	48185	11365
mammal|mouse|Osbpl6|ENSMUSG00000042359|2|76393947|76394039|+|up_3intron	453	186	486	947
mammal|mouse|Osbpl6|ENSMUSG00000042359|2|76393947|76394039|+|up_5intron	303	69	71	157
mammal|mouse|Osbpl6|ENSMUSG00000042359|2|76393947|76394039|+|up_exon	320	160	83	285
mammal|mouse|Osbpl6|ENSMUSG00000042359|2|76398243|76398317|+|deep_dn	130	86	6	7
mammal|mouse|Osbpl6|ENSMUSG00000042359|2|76398243|76398317|+|deep_up	367	169	28	65
mammal|mouse|Osbpl6|ENSMUSG00000042359|2|76398243|76398317|+|dn_3intron	194	103	107	94
mammal|mouse|Osbpl6|ENSMUSG00000042359|2|76398243|76398317|+|dn_5intron	723	327	231	359
mammal|mouse|Osbpl6|ENSMUSG00000042359|2|76398243|76398317|+|dn_exon	105	113	52	36
mammal|mouse|Osbpl9|ENSMUSG00000028559|4|108764266|108764304|-|deep_dn	129	64	53	72
mammal|mouse|Osbpl9|ENSMUSG00000028559|4|108764266|108764304|-|deep_up	63	27	9	53
mammal|mouse|Osbpl9|ENSMUSG00000028559|4|108764266|108764304|-|dn_3intron	604	1392	2437	687
mammal|mouse|Osbpl9|ENSMUSG00000028559|4|108764266|108764304|-|dn_5intron	640	134	26	166
mammal|mouse|Osbpl9|ENSMUSG00000028559|4|108764266|108764304|-|dn_exon	725	190	81	381
mammal|mouse|Osbpl9|ENSMUSG00000028559|4|108764266|108764304|-|exon	575	228	205	142
mammal|mouse|Osbpl9|ENSMUSG00000028559|4|108764266|108764304|-|up_3intron	398	152	354	180
mammal|mouse|Osbpl9|ENSMUSG00000028559|4|108764266|108764304|-|up_5intron	123	62	314	702
mammal|mouse|Oscp1|ENSMUSG00000042616|4|125742067|125742223|+|deep_dn	579	133	165	121
mammal|mouse|Oscp1|ENSMUSG00000042616|4|125742067|125742223|+|deep_up	196	137	48	59
mammal|mouse|Oscp1|ENSMUSG00000042616|4|125742067|125742223|+|dn_3intron	1093	372	153	590
mammal|mouse|Oscp1|ENSMUSG00000042616|4|125742067|125742223|+|dn_5intron	784	2152	2481	1510
mammal|mouse|Oscp1|ENSMUSG00000042616|4|125742067|125742223|+|dn_exon	287	125	82	156
mammal|mouse|Oscp1|ENSMUSG00000042616|4|125742067|125742223|+|exon	407	138	428	1164
mammal|mouse|Oscp1|ENSMUSG00000042616|4|125742067|125742223|+|up_3intron	322	72	42	398
mammal|mouse|Oscp1|ENSMUSG00000042616|4|125742067|125742223|+|up_5intron	287	507	323	62
mammal|mouse|P4ha2|ENSMUSG00000018906|11|53939848|53939913|+|dn_3intron	172	59	176	114
mammal|mouse|P4ha2|ENSMUSG00000018906|11|53939848|53939913|+|dn_5intron	801	158	25	34
mammal|mouse|P4ha2|ENSMUSG00000018906|11|53939848|53939913|+|dn_exon	109	21	80	258
mammal|mouse|P4ha2|ENSMUSG00000018906|11|53939848|53939913|+|exon	828	251	228	221
mammal|mouse|P4ha2|ENSMUSG00000018906|11|53939848|53939913|+|up_exon	821	219	176	208
mammal|mouse|Pam|ENSMUSG00000026335|1|99719301|99719571|-|dn_exon	1102	226	198	1240
mammal|mouse|Pam|ENSMUSG00000026335|1|99719301|99719571|-|exon	367	28	11	55
mammal|mouse|Pam|ENSMUSG00000026335|1|99719301|99719571|-|up_5intron	342	145	346	384
mammal|mouse|Pam|ENSMUSG00000026335|1|99719301|99719571|-|up_exon	603	140	110	52
mammal|mouse|Papola|ENSMUSG00000021111|12|107049247|107049622|+|dn_3intron	177	25	29	23
mammal|mouse|Papola|ENSMUSG00000021111|12|107049247|107049622|+|dn_5intron	84	309	2282	3020
mammal|mouse|Papola|ENSMUSG00000021111|12|107049247|107049622|+|dn_exon	237	120	46	61
mammal|mouse|Papola|ENSMUSG00000021111|12|107049247|107049622|+|exon	332	138	30	49
mammal|mouse|Papola|ENSMUSG00000021111|12|107049247|107049622|+|up_3intron	230	149	205	511
mammal|mouse|Papola|ENSMUSG00000021111|12|107049247|107049622|+|up_5intron	185	188	471	186
mammal|mouse|Papola|ENSMUSG00000021111|12|107049247|107049622|+|up_exon	743	468	3371	826
mammal|mouse|Papola|ENSMUSG00000021111|12|107071310|107071372|+|dn_3intron	49	18	35	115
mammal|mouse|Papola|ENSMUSG00000021111|12|107071310|107071372|+|dn_5intron	877	633	3184	1547
mammal|mouse|Papola|ENSMUSG00000021111|12|107071310|107071372|+|dn_exon	778	190	41	68
mammal|mouse|Papola|ENSMUSG00000021111|12|107071310|107071372|+|exon	201	72	147	325
mammal|mouse|Papola|ENSMUSG00000021111|12|107071310|107071372|+|up_3intron	308	29	13	14
mammal|mouse|Papola|ENSMUSG00000021111|12|107071310|107071372|+|up_5intron	824	347	82	509
mammal|mouse|Papola|ENSMUSG00000021111|12|107071310|107071372|+|up_exon	380	115	25	15
mammal|mouse|Pard3|ENSMUSG00000025812|8|129934549|129934673|+|dn_3intron	401	252	131	226
mammal|mouse|Pard3|ENSMUSG00000025812|8|129934549|129934673|+|dn_5intron	416	80	37	90
mammal|mouse|Pard3|ENSMUSG00000025812|8|129934549|129934673|+|dn_exon	20	13	13	6
mammal|mouse|Pard3|ENSMUSG00000025812|8|129934549|129934673|+|exon	47	390	507	285
mammal|mouse|Pard3|ENSMUSG00000025812|8|129934549|129934673|+|up_3intron	1896	11967	27337	7379
mammal|mouse|Pard3|ENSMUSG00000025812|8|129934549|129934673|+|up_5intron	446	133	115	81
mammal|mouse|Pard3|ENSMUSG00000025812|8|129934549|129934673|+|up_exon	265	56	47	95
mammal|mouse|Pbrm1|ENSMUSG00000042323|14|31858516|31858611|+|dn_3intron	392	150	274	1193
mammal|mouse|Pbrm1|ENSMUSG00000042323|14|31858516|31858611|+|dn_5intron	837	95	52	50
mammal|mouse|Pbrm1|ENSMUSG00000042323|14|31858516|31858611|+|dn_exon	276	120	215	234
mammal|mouse|Pbrm1|ENSMUSG00000042323|14|31858516|31858611|+|exon	368	131	132	237
mammal|mouse|Pbrm1|ENSMUSG00000042323|14|31858516|31858611|+|up_3intron	126	73	31	104
mammal|mouse|Pbrm1|ENSMUSG00000042323|14|31858516|31858611|+|up_5intron	210	33	47	86
mammal|mouse|Pbrm1|ENSMUSG00000042323|14|31858516|31858611|+|up_exon	287	49	30	47
mammal|mouse|Pbrm1|ENSMUSG00000042323|14|31923601|31923765|+|dn_3intron	841	6914	15348	1606
mammal|mouse|Pbrm1|ENSMUSG00000042323|14|31923601|31923765|+|dn_5intron	551	166	32	154
mammal|mouse|Pbrm1|ENSMUSG00000042323|14|31923601|31923765|+|dn_exon	1029	44396	13279	756
mammal|mouse|Pbrm1|ENSMUSG00000042323|14|31923601|31923765|+|exon	298	87	94	67
mammal|mouse|Pbrm1|ENSMUSG00000042323|14|31923601|31923765|+|up_3intron	608	569	2558	729
mammal|mouse|Pbrm1|ENSMUSG00000042323|14|31923601|31923765|+|up_5intron	1206	373	599	2901
mammal|mouse|Pbx3|ENSMUSG00000038718|2|34032269|34032381|-|dn_3intron	1521	406	208	560
mammal|mouse|Pbx3|ENSMUSG00000038718|2|34032269|34032381|-|dn_5intron	328	142	22	2
mammal|mouse|Pbx3|ENSMUSG00000038718|2|34032269|34032381|-|dn_exon	371	85	57	53
mammal|mouse|Pbx3|ENSMUSG00000038718|2|34032269|34032381|-|exon	193	276	44	49
mammal|mouse|Pbx3|ENSMUSG00000038718|2|34032269|34032381|-|up_3intron	2690	720	1009	2329
mammal|mouse|Pbx3|ENSMUSG00000038718|2|34032269|34032381|-|up_5intron	133	292	814	951
mammal|mouse|Pbx3|ENSMUSG00000038718|2|34032269|34032381|-|up_exon	124	37	6	16
mammal|mouse|Pcgf5|ENSMUSG00000024805|19|36525054|36525114|+|dn_3intron	425	83	174	459
mammal|mouse|Pcgf5|ENSMUSG00000024805|19|36525054|36525114|+|dn_5intron	218	53	44	76
mammal|mouse|Pcgf5|ENSMUSG00000024805|19|36525054|36525114|+|dn_exon	877	270	112	491
mammal|mouse|Pcgf5|ENSMUSG00000024805|19|36525054|36525114|+|exon	305	216	18	36
mammal|mouse|Pcgf5|ENSMUSG00000024805|19|36525054|36525114|+|up_3intron	590	329	761	484
mammal|mouse|Pcgf5|ENSMUSG00000024805|19|36525054|36525114|+|up_5intron	60	161	156	130
mammal|mouse|Pcgf5|ENSMUSG00000024805|19|36525054|36525114|+|up_exon	195	68	41	38
mammal|mouse|Pcm1|ENSMUSG00000031592|8|42346714|42346830|+|dn_3intron	949	154	408	854
mammal|mouse|Pcm1|ENSMUSG00000031592|8|42346714|42346830|+|dn_exon	183	57	70	82
mammal|mouse|Pcm1|ENSMUSG00000031592|8|42346714|42346830|+|exon	198	88	103	78
mammal|mouse|Pcm1|ENSMUSG00000031592|8|42346714|42346830|+|up_3intron	1169	151	55	86
mammal|mouse|Pcm1|ENSMUSG00000031592|8|42346714|42346830|+|up_exon	92	13	2	14
mammal|mouse|Pcm1|ENSMUSG00000031592|8|42389341|42389505|+|dn_3intron	280	59	137	222
mammal|mouse|Pcm1|ENSMUSG00000031592|8|42389341|42389505|+|dn_5intron	491	161	168	282
mammal|mouse|Pcm1|ENSMUSG00000031592|8|42389341|42389505|+|dn_exon	253	128	39	174
mammal|mouse|Pcm1|ENSMUSG00000031592|8|42389341|42389505|+|exon	64	5	14	14
mammal|mouse|Pcm1|ENSMUSG00000031592|8|42389341|42389505|+|up_3intron	1141	172	74	197
mammal|mouse|Pcm1|ENSMUSG00000031592|8|42389341|42389505|+|up_exon	453	137	53	325
mammal|mouse|Pcmtd1|ENSMUSG00000051285|1|7145161|7145352|+|dn_3intron	80	15	34	82
mammal|mouse|Pcmtd1|ENSMUSG00000051285|1|7145161|7145352|+|dn_5intron	435	90	90	188
mammal|mouse|Pcmtd1|ENSMUSG00000051285|1|7145161|7145352|+|dn_exon	339	51	117	228
mammal|mouse|Pcmtd1|ENSMUSG00000051285|1|7145161|7145352|+|exon	518	296	302	312
mammal|mouse|Pcmtd1|ENSMUSG00000051285|1|7145161|7145352|+|up_3intron	1315	222	208	186
mammal|mouse|Pcmtd1|ENSMUSG00000051285|1|7145161|7145352|+|up_5intron	592	82	128	333
mammal|mouse|Pcmtd1|ENSMUSG00000051285|1|7145161|7145352|+|up_exon	435	165	321	569
mammal|mouse|Pfkp|ENSMUSG00000021196|13|6597099|6597257|-|dn_3intron	351	37	13	30
mammal|mouse|Pfkp|ENSMUSG00000021196|13|6597099|6597257|-|dn_5intron	662	196	138	649
mammal|mouse|Pfkp|ENSMUSG00000021196|13|6597099|6597257|-|dn_exon	357	156	308	614
mammal|mouse|Pfkp|ENSMUSG00000021196|13|6597099|6597257|-|exon	283	251	57	60
mammal|mouse|Pfkp|ENSMUSG00000021196|13|6597099|6597257|-|up_3intron	406	506	274	543
mammal|mouse|Pfkp|ENSMUSG00000021196|13|6597099|6597257|-|up_5intron	969	530	2418	2312
mammal|mouse|Pfkp|ENSMUSG00000021196|13|6597099|6597257|-|up_exon	688	280	207	516
mammal|mouse|Phactr1|ENSMUSG00000054728|13|43154915|43155146|+|deep_dn	241	77	185	229
mammal|mouse|Phactr1|ENSMUSG00000054728|13|43154915|43155146|+|deep_up	709	169	31	69
mammal|mouse|Phactr1|ENSMUSG00000054728|13|43154915|43155146|+|dn_3intron	42	360	266	43
mammal|mouse|Phactr1|ENSMUSG00000054728|13|43154915|43155146|+|dn_5intron	25	8	1	1
mammal|mouse|Phactr1|ENSMUSG00000054728|13|43154915|43155146|+|dn_exon	119	249	117	75
mammal|mouse|Phactr1|ENSMUSG00000054728|13|43154915|43155146|+|exon	230	131	100	69
mammal|mouse|Phactr1|ENSMUSG00000054728|13|43154915|43155146|+|up_3intron	1403	1224	1487	2348
mammal|mouse|Phactr1|ENSMUSG00000054728|13|43154915|43155146|+|up_5intron	132	39	53	15
mammal|mouse|Phactr1|ENSMUSG00000054728|13|43154915|43155146|+|up_exon	688	1694	2582	522
mammal|mouse|Phka1|ENSMUSG00000034055|X|99752435|99752611|-|dn_3intron	389	167	36	152
mammal|mouse|Phka1|ENSMUSG00000034055|X|99752435|99752611|-|dn_5intron	508	133	82	90
mammal|mouse|Phka1|ENSMUSG00000034055|X|99752435|99752611|-|dn_exon	758	236	109	1203
mammal|mouse|Phka1|ENSMUSG00000034055|X|99752435|99752611|-|exon	241	175	38	58
mammal|mouse|Phka1|ENSMUSG00000034055|X|99752435|99752611|-|up_3intron	359	113	217	560
mammal|mouse|Phka1|ENSMUSG00000034055|X|99752435|99752611|-|up_5intron	1241	404	364	1980
mammal|mouse|Phka1|ENSMUSG00000034055|X|99752435|99752611|-|up_exon	708	72	40	145
mammal|mouse|Phka1|ENSMUSG00000034055|X|99752435|99752611|-|utr	462	335	77	123
mammal|mouse|Phkb|ENSMUSG00000036879|8|88549097|88549192|+|dn_3intron	415	104	95	251
mammal|mouse|Phkb|ENSMUSG00000036879|8|88549097|88549192|+|dn_5intron	446	143	349	557
mammal|mouse|Phkb|ENSMUSG00000036879|8|88549097|88549192|+|dn_exon	2468	611	714	415
mammal|mouse|Phkb|ENSMUSG00000036879|8|88549097|88549192|+|exon	318	173	289	334
mammal|mouse|Phkb|ENSMUSG00000036879|8|88549097|88549192|+|up_3intron	309	82	78	650
mammal|mouse|Phkb|ENSMUSG00000036879|8|88549097|88549192|+|up_5intron	639	100	110	180
mammal|mouse|Phkb|ENSMUSG00000036879|8|88549097|88549192|+|up_exon	611	241	724	1854
mammal|mouse|Phldb2|ENSMUSG00000033149|16|45774276|45774458|-|dn_3intron	555	96	14	49
mammal|mouse|Phldb2|ENSMUSG00000033149|16|45774276|45774458|-|dn_5intron	567	107	152	938
mammal|mouse|Phldb2|ENSMUSG00000033149|16|45774276|45774458|-|dn_exon	442	45	88	77
mammal|mouse|Phldb2|ENSMUSG00000033149|16|45774276|45774458|-|exon	1346	800	527	456
mammal|mouse|Phldb2|ENSMUSG00000033149|16|45774276|45774458|-|up_3intron	441	102	16	49
mammal|mouse|Phldb2|ENSMUSG00000033149|16|45774276|45774458|-|up_5intron	271	124	97	342
mammal|mouse|Phldb2|ENSMUSG00000033149|16|45774276|45774458|-|up_exon	348	248	464	1261
mammal|mouse|Phtf2|ENSMUSG00000039987|5|20318759|20318812|-|dn_3intron	153	34	7	22
mammal|mouse|Phtf2|ENSMUSG00000039987|5|20318759|20318812|-|dn_5intron	1221	266	341	428
mammal|mouse|Phtf2|ENSMUSG00000039987|5|20318759|20318812|-|dn_exon	217	117	91	132
mammal|mouse|Phtf2|ENSMUSG00000039987|5|20318759|20318812|-|exon	593	244	312	1274
mammal|mouse|Phtf2|ENSMUSG00000039987|5|20318759|20318812|-|up_3intron	1948	868	1640	7551
mammal|mouse|Phtf2|ENSMUSG00000039987|5|20318759|20318812|-|up_5intron	562	145	155	463
mammal|mouse|Phtf2|ENSMUSG00000039987|5|20318759|20318812|-|up_exon	248	187	48	113
mammal|mouse|Phtf2|ENSMUSG00000039987|5|20318759|20318812|-|utr	1035	248	56	76
mammal|mouse|Picalm|ENSMUSG00000039361|7|97330729|97330878|+|deep_dn	797	391	334	492
mammal|mouse|Picalm|ENSMUSG00000039361|7|97330729|97330878|+|deep_up	485	190	579	765
mammal|mouse|Picalm|ENSMUSG00000039361|7|97330729|97330878|+|dn_3intron	335	63	35	112
mammal|mouse|Picalm|ENSMUSG00000039361|7|97330729|97330878|+|dn_5intron	467	101731	36000	1735
mammal|mouse|Picalm|ENSMUSG00000039361|7|97330729|97330878|+|dn_exon	881	326	439	1953
mammal|mouse|Picalm|ENSMUSG00000039361|7|97330729|97330878|+|exon	339	129	102	334
mammal|mouse|Picalm|ENSMUSG00000039361|7|97330729|97330878|+|up_3intron	393	409	1765	3687
mammal|mouse|Picalm|ENSMUSG00000039361|7|97330729|97330878|+|up_5intron	540	93	376	384
mammal|mouse|Picalm|ENSMUSG00000039361|7|97330729|97330878|+|up_exon	707	301	351	569
mammal|mouse|Picalm|ENSMUSG00000039361|7|97354670|97354771|+|dn_3intron	475	630	1455	774
mammal|mouse|Picalm|ENSMUSG00000039361|7|97354670|97354771|+|dn_5intron	360	1329	2214	962
mammal|mouse|Picalm|ENSMUSG00000039361|7|97354670|97354771|+|dn_exon	502	69	59	88
mammal|mouse|Picalm|ENSMUSG00000039361|7|97354670|97354771|+|exon	428	148	135	131
mammal|mouse|Picalm|ENSMUSG00000039361|7|97354670|97354771|+|up_3intron	78	94	54	41
mammal|mouse|Picalm|ENSMUSG00000039361|7|97354670|97354771|+|up_5intron	378	101	204	1399
mammal|mouse|Picalm|ENSMUSG00000039361|7|97354670|97354771|+|up_exon	437	590	240	310
mammal|mouse|Pitpnm2|ENSMUSG00000029406|5|124576364|124576842|-|dn_3intron	330	87	32	52
mammal|mouse|Pitpnm2|ENSMUSG00000029406|5|124576364|124576842|-|dn_5intron	345	181	82	61
mammal|mouse|Pitpnm2|ENSMUSG00000029406|5|124576364|124576842|-|dn_exon	612	294	37	115
mammal|mouse|Pitpnm2|ENSMUSG00000029406|5|124576364|124576842|-|exon	351	610	1100	441
mammal|mouse|Pitpnm2|ENSMUSG00000029406|5|124576364|124576842|-|up_3intron	506	186	197	152
mammal|mouse|Pitpnm2|ENSMUSG00000029406|5|124576364|124576842|-|up_5intron	136	74	18	21
mammal|mouse|Pitpnm2|ENSMUSG00000029406|5|124576364|124576842|-|up_exon	442	327	163	84
mammal|mouse|Pitpnm2|ENSMUSG00000029406|5|124576364|124576842|-|utr	294	198	168	104
mammal|mouse|Plcb4|ENSMUSG00000039943|2|135790772|135790823|+|dn_3intron	649	156	111	192
mammal|mouse|Plcb4|ENSMUSG00000039943|2|135790772|135790823|+|dn_5intron	1389	2657	4350	911
mammal|mouse|Plcb4|ENSMUSG00000039943|2|135790772|135790823|+|dn_exon	503	150	25	18
mammal|mouse|Plcb4|ENSMUSG00000039943|2|135790772|135790823|+|exon	411	58	31	54
mammal|mouse|Plcb4|ENSMUSG00000039943|2|135790772|135790823|+|up_3intron	395	40	78	48
mammal|mouse|Plcb4|ENSMUSG00000039943|2|135790772|135790823|+|up_5intron	628	155	409	513
mammal|mouse|Plcb4|ENSMUSG00000039943|2|135790772|135790823|+|up_exon	194	68	63	113
mammal|mouse|Plekha6|ENSMUSG00000041757|1|135182409|135182973|+|dn_3intron	344	62	27	31
mammal|mouse|Plekha6|ENSMUSG00000041757|1|135182409|135182973|+|dn_5intron	199	293	641	225
mammal|mouse|Plekha6|ENSMUSG00000041757|1|135182409|135182973|+|dn_exon	242	84	18	32
mammal|mouse|Plekha6|ENSMUSG00000041757|1|135182409|135182973|+|exon	171	114	109	48
mammal|mouse|Plekha6|ENSMUSG00000041757|1|135182409|135182973|+|up_3intron	182	39	98	45
mammal|mouse|Plekha6|ENSMUSG00000041757|1|135182409|135182973|+|up_5intron	189	110	94	27
mammal|mouse|Plekha6|ENSMUSG00000041757|1|135182409|135182973|+|up_exon	286	343	143	124
mammal|mouse|Plekha6|ENSMUSG00000041757|1|135182409|135182973|+|utr	429	92	64	118
mammal|mouse|Pls3|ENSMUSG00000016382|X|73045056|73045108|-|dn_3intron	71	22	25	49
mammal|mouse|Pls3|ENSMUSG00000016382|X|73045056|73045108|-|dn_exon	376	65	69	90
mammal|mouse|Pls3|ENSMUSG00000016382|X|73045056|73045108|-|exon	1253	245	265	371
mammal|mouse|Pls3|ENSMUSG00000016382|X|73045056|73045108|-|up_3intron	1492	302	279	3892
mammal|mouse|Pls3|ENSMUSG00000016382|X|73045056|73045108|-|up_5intron	344	185	98	258
mammal|mouse|Pls3|ENSMUSG00000016382|X|73045056|73045108|-|up_exon	567	97	342	795
mammal|mouse|Poldip3|ENSMUSG00000041815|15|82967896|82967984|-|dn_3intron	448	3441	3162	861
mammal|mouse|Poldip3|ENSMUSG00000041815|15|82967896|82967984|-|dn_5intron	405	1703	3170	1123
mammal|mouse|Poldip3|ENSMUSG00000041815|15|82967896|82967984|-|dn_exon	155	245	220	142
mammal|mouse|Poldip3|ENSMUSG00000041815|15|82967896|82967984|-|exon	659	158	60	87
mammal|mouse|Poldip3|ENSMUSG00000041815|15|82967896|82967984|-|up_3intron	882	3244	6825	2747
mammal|mouse|Poldip3|ENSMUSG00000041815|15|82967896|82967984|-|up_5intron	188	272	558	1100
mammal|mouse|Poldip3|ENSMUSG00000041815|15|82967896|82967984|-|up_exon	61	27	47	4
mammal|mouse|Postn|ENSMUSG00000027750|3|54183190|54184414|+|dn_3intron	690	125	235	682
mammal|mouse|Postn|ENSMUSG00000027750|3|54183190|54184414|+|dn_5intron	535	127	88	274
mammal|mouse|Postn|ENSMUSG00000027750|3|54183190|54184414|+|dn_exon	232	82	39	57
mammal|mouse|Postn|ENSMUSG00000027750|3|54183190|54184414|+|exon	360	111	87	129
mammal|mouse|Postn|ENSMUSG00000027750|3|54183190|54184414|+|up_3intron	115	36	37	39
mammal|mouse|Postn|ENSMUSG00000027750|3|54183190|54184414|+|up_5intron	414	117	110	123
mammal|mouse|Postn|ENSMUSG00000027750|3|54183190|54184414|+|up_exon	325	111	20	91
mammal|mouse|Ppfibp1|ENSMUSG00000016487|6|146945331|146945423|+|dn_3intron	3	1	13	72
mammal|mouse|Ppfibp1|ENSMUSG00000016487|6|146945331|146945423|+|dn_5intron	1150	480	1245	6821
mammal|mouse|Ppfibp1|ENSMUSG00000016487|6|146945331|146945423|+|exon	355	2621	3809	360
mammal|mouse|Ppfibp1|ENSMUSG00000016487|6|146945331|146945423|+|up_3intron	2136	414	780	7757
mammal|mouse|Ppfibp1|ENSMUSG00000016487|6|146945331|146945423|+|up_5intron	222	45	44	46
mammal|mouse|Ppfibp1|ENSMUSG00000016487|6|146945331|146945423|+|up_exon	163	25	55	58
mammal|mouse|Ppfibp1|ENSMUSG00000016487|6|146945331|146945423|+|utr	64	49	77	110
mammal|mouse|Ppfibp1|ENSMUSG00000016487|6|146947129|146948216|+|dn_3intron	763	105	73	87
mammal|mouse|Ppfibp1|ENSMUSG00000016487|6|146947129|146948216|+|dn_5intron	568	1947	1328	2000
mammal|mouse|Ppfibp1|ENSMUSG00000016487|6|146947129|146948216|+|dn_exon	185	57	236	236
mammal|mouse|Ppfibp1|ENSMUSG00000016487|6|146947129|146948216|+|exon	461	274	528	404
mammal|mouse|Ppfibp1|ENSMUSG00000016487|6|146947129|146948216|+|up_3intron	80	68	295	71
mammal|mouse|Ppfibp1|ENSMUSG00000016487|6|146947129|146948216|+|up_5intron	754	150	19	29
mammal|mouse|Ppfibp1|ENSMUSG00000016487|6|146965383|146965967|+|dn_3intron	174	32	30	49
mammal|mouse|Ppfibp1|ENSMUSG00000016487|6|146965383|146965967|+|dn_5intron	631	78	24	47
mammal|mouse|Ppfibp1|ENSMUSG00000016487|6|146965383|146965967|+|dn_exon	321	77	22	33
mammal|mouse|Ppfibp1|ENSMUSG00000016487|6|146965383|146965967|+|exon	873	211	51	23
mammal|mouse|Ppfibp1|ENSMUSG00000016487|6|146965383|146965967|+|up_3intron	174	1137	1914	1207
mammal|mouse|Ppfibp1|ENSMUSG00000016487|6|146965383|146965967|+|up_5intron	1043	208	104	41
mammal|mouse|Ppfibp1|ENSMUSG00000016487|6|146965383|146965967|+|up_exon	471	144	229	296
mammal|mouse|Ppfibp2|ENSMUSG00000036528|7|114848798|114848997|+|dn_3intron	531	155	45	8
mammal|mouse|Ppfibp2|ENSMUSG00000036528|7|114848798|114848997|+|dn_5intron	711	4241	5664	1166
mammal|mouse|Ppfibp2|ENSMUSG00000036528|7|114848798|114848997|+|dn_exon	251	485	290	457
mammal|mouse|Ppfibp2|ENSMUSG00000036528|7|114848798|114848997|+|exon	127	110	33	46
mammal|mouse|Ppfibp2|ENSMUSG00000036528|7|114848798|114848997|+|up_3intron	464	601	606	496
mammal|mouse|Ppfibp2|ENSMUSG00000036528|7|114848798|114848997|+|up_5intron	55	46	93	15
mammal|mouse|Ppfibp2|ENSMUSG00000036528|7|114848798|114848997|+|up_exon	106	30	99	74
mammal|mouse|Ppfibp2|ENSMUSG00000036528|7|114871895|114872262|+|dn_3intron	921	281	787	529
mammal|mouse|Ppfibp2|ENSMUSG00000036528|7|114871895|114872262|+|dn_5intron	872	223	54	250
mammal|mouse|Ppfibp2|ENSMUSG00000036528|7|114871895|114872262|+|dn_exon	305	59	41	16
mammal|mouse|Ppfibp2|ENSMUSG00000036528|7|114871895|114872262|+|exon	970	432	571	1680
mammal|mouse|Ppfibp2|ENSMUSG00000036528|7|114871895|114872262|+|up_3intron	521	198	121	253
mammal|mouse|Ppfibp2|ENSMUSG00000036528|7|114871895|114872262|+|up_5intron	458	246	87	93
mammal|mouse|Ppfibp2|ENSMUSG00000036528|7|114871895|114872262|+|up_exon	123	140	23	16
mammal|mouse|Ppp1r12a|ENSMUSG00000019907|10|107690298|107690584|+|dn_3intron	244	197	245	885
mammal|mouse|Ppp1r12a|ENSMUSG00000019907|10|107690298|107690584|+|dn_5intron	663	3848	24809	1616
mammal|mouse|Ppp1r12a|ENSMUSG00000019907|10|107690298|107690584|+|dn_exon	12	128	38	26
mammal|mouse|Ppp1r12a|ENSMUSG00000019907|10|107690298|107690584|+|exon	374	187	45	67
mammal|mouse|Ppp1r12a|ENSMUSG00000019907|10|107690298|107690584|+|up_3intron	693	311	1680	417
mammal|mouse|Ppp1r12a|ENSMUSG00000019907|10|107690298|107690584|+|up_5intron	641	1069	4395	433
mammal|mouse|Ppp1r12a|ENSMUSG00000019907|10|107710451|107710481|+|dn_3intron	666	178	119	516
mammal|mouse|Ppp1r12a|ENSMUSG00000019907|10|107710451|107710481|+|dn_5intron	334	105	134	500
mammal|mouse|Ppp1r12a|ENSMUSG00000019907|10|107710451|107710481|+|dn_exon	224	45	32	23
mammal|mouse|Ppp1r12a|ENSMUSG00000019907|10|107710451|107710481|+|exon	313	152	133	498
mammal|mouse|Ppp1r12a|ENSMUSG00000019907|10|107710451|107710481|+|up_3intron	1405	158	23	85
mammal|mouse|Ppp1r12a|ENSMUSG00000019907|10|107710451|107710481|+|up_5intron	475	115	547	373
mammal|mouse|Ppp1r12a|ENSMUSG00000019907|10|107710451|107710481|+|up_exon	185	34	67	41
mammal|mouse|Ppp1r12b|ENSMUSG00000073557|1|136766645|136766827|-|deep_dn	801	147	60	167
mammal|mouse|Ppp1r12b|ENSMUSG00000073557|1|136766645|136766827|-|deep_up	91	30	93	224
mammal|mouse|Ppp1r12b|ENSMUSG00000073557|1|136766645|136766827|-|dn_3intron	73	8	5	4
mammal|mouse|Ppp1r12b|ENSMUSG00000073557|1|136766645|136766827|-|dn_5intron	1013	161	96	181
mammal|mouse|Ppp1r12b|ENSMUSG00000073557|1|136766645|136766827|-|dn_exon	161	29	116	206
mammal|mouse|Ppp1r12b|ENSMUSG00000073557|1|136766645|136766827|-|exon	1449	564	430	1096
mammal|mouse|Ppp1r12b|ENSMUSG00000073557|1|136766645|136766827|-|up_3intron	1166	439	542	383
mammal|mouse|Ppp1r12b|ENSMUSG00000073557|1|136766645|136766827|-|up_5intron	139	65	39	302
mammal|mouse|Ppp1r12b|ENSMUSG00000073557|1|136766645|136766827|-|up_exon	459	102	66	142
mammal|mouse|Ppp1r12b|ENSMUSG00000073557|1|136766645|136766827|-|utr	439	297	201	225
mammal|mouse|Pqlc1|ENSMUSG00000034006|18|80469201|80471916|+|deep_dn	775	436	2032	1168
mammal|mouse|Pqlc1|ENSMUSG00000034006|18|80469201|80471916|+|deep_up	944	713	1544	3978
mammal|mouse|Pqlc1|ENSMUSG00000034006|18|80469201|80471916|+|dn_3intron	148	23	34	6
mammal|mouse|Pqlc1|ENSMUSG00000034006|18|80469201|80471916|+|dn_5intron	570	178	434	4161
mammal|mouse|Pqlc1|ENSMUSG00000034006|18|80469201|80471916|+|dn_exon	882	342	500	1480
mammal|mouse|Pqlc1|ENSMUSG00000034006|18|80469201|80471916|+|exon	959	376	591	2606
mammal|mouse|Pqlc1|ENSMUSG00000034006|18|80469201|80471916|+|up_3intron	1095	577	10627	4313
mammal|mouse|Pqlc1|ENSMUSG00000034006|18|80469201|80471916|+|up_exon	583	114	78	52
mammal|mouse|Prkab1|ENSMUSG00000029513|5|116470013|116470127|-|dn_3intron	192	236	640	606
mammal|mouse|Prkab1|ENSMUSG00000029513|5|116470013|116470127|-|dn_5intron	478	174	47	63
mammal|mouse|Prkab1|ENSMUSG00000029513|5|116470013|116470127|-|dn_exon	94	40	32	27
mammal|mouse|Prkab1|ENSMUSG00000029513|5|116470013|116470127|-|exon	873	190	34	70
mammal|mouse|Prkab1|ENSMUSG00000029513|5|116470013|116470127|-|up_3intron	326	134	6	11
mammal|mouse|Prkab1|ENSMUSG00000029513|5|116470013|116470127|-|up_5intron	463	202	78	84
mammal|mouse|Prkab1|ENSMUSG00000029513|5|116470013|116470127|-|up_exon	594	164	178	414
mammal|mouse|Ptprd|ENSMUSG00000028399|4|75731916|75732514|-|dn_3intron	477	163	450	870
mammal|mouse|Ptprd|ENSMUSG00000028399|4|75731916|75732514|-|dn_5intron	329	115	62	192
mammal|mouse|Ptprd|ENSMUSG00000028399|4|75731916|75732514|-|dn_exon	236	79	49	177
mammal|mouse|Ptprd|ENSMUSG00000028399|4|75737326|75737443|-|up_3intron	1070	440	626	1387
mammal|mouse|Ptprd|ENSMUSG00000028399|4|75737326|75737443|-|up_5intron	493	65	97	727
mammal|mouse|Ptprd|ENSMUSG00000028399|4|75737326|75737443|-|up_exon	73	7	20	35
mammal|mouse|Ptprd|ENSMUSG00000028399|4|75746351|75746657|-|dn_3intron	394	88	106	143
mammal|mouse|Ptprd|ENSMUSG00000028399|4|75746351|75746657|-|dn_5intron	747	437	260	1185
mammal|mouse|Ptprd|ENSMUSG00000028399|4|75746351|75746657|-|dn_exon	205	191	282	55
mammal|mouse|Ptprd|ENSMUSG00000028399|4|75746351|75746657|-|exon	758	193	333	813
mammal|mouse|Ptprd|ENSMUSG00000028399|4|75746351|75746657|-|up_3intron	2087	3367	49325	8054
mammal|mouse|Ptprd|ENSMUSG00000028399|4|75746351|75746657|-|up_5intron	313	333	3681	3014
mammal|mouse|Ptprd|ENSMUSG00000028399|4|75746351|75746657|-|up_exon	239	101	124	133
mammal|mouse|Ptprd|ENSMUSG00000028399|4|75781449|75781460|-|dn_3intron	66	51	34	18
mammal|mouse|Ptprd|ENSMUSG00000028399|4|75781449|75781460|-|dn_5intron	554	211	389	1076
mammal|mouse|Ptprd|ENSMUSG00000028399|4|75781449|75781460|-|dn_exon	64	8	3	178
mammal|mouse|Ptprd|ENSMUSG00000028399|4|75781449|75781460|-|up_3intron	904	265	198	2092
mammal|mouse|Ptprd|ENSMUSG00000028399|4|75781449|75781460|-|up_5intron	692	327	2263	6476
mammal|mouse|Ptprf|ENSMUSG00000033295|4|117900424|117900638|-|dn_3intron	80	37	65	7
mammal|mouse|Ptprf|ENSMUSG00000033295|4|117900424|117900638|-|dn_5intron	117	39	26	19
mammal|mouse|Ptprf|ENSMUSG00000033295|4|117900424|117900638|-|dn_exon	872	709	901	430
mammal|mouse|Ptprf|ENSMUSG00000033295|4|117900424|117900638|-|exon	828	265	50	76
mammal|mouse|Ptprf|ENSMUSG00000033295|4|117900424|117900638|-|up_3intron	40	40	4	11
mammal|mouse|Ptprf|ENSMUSG00000033295|4|117900424|117900638|-|up_5intron	1009	250	79	74
mammal|mouse|Ptprf|ENSMUSG00000033295|4|117900424|117900638|-|up_exon	175	49	37	18
mammal|mouse|Ptprm|ENSMUSG00000033278|17|67163611|67163637|-|dn_3intron	458	224	44	52
mammal|mouse|Ptprm|ENSMUSG00000033278|17|67163611|67163637|-|dn_5intron	825	228	234	479
mammal|mouse|Ptprm|ENSMUSG00000033278|17|67163611|67163637|-|dn_exon	423	157	34	40
mammal|mouse|Ptprm|ENSMUSG00000033278|17|67163611|67163637|-|exon	966	311	412	1444
mammal|mouse|Ptprm|ENSMUSG00000033278|17|67163611|67163637|-|up_3intron	660	386	1326	2271
mammal|mouse|Ptprm|ENSMUSG00000033278|17|67163611|67163637|-|up_exon	721	198	47	66
mammal|mouse|Ptprm|ENSMUSG00000033278|17|67261693|67261767|-|deep_dn	247	60	56	47
mammal|mouse|Ptprm|ENSMUSG00000033278|17|67261693|67261767|-|deep_up	121	46	22	64
mammal|mouse|Ptprm|ENSMUSG00000033278|17|67261693|67261767|-|dn_3intron	378	456	1501	616
mammal|mouse|Ptprm|ENSMUSG00000033278|17|67261693|67261767|-|dn_5intron	289	356	761	1156
mammal|mouse|Ptprm|ENSMUSG00000033278|17|67261693|67261767|-|dn_exon	983	290	807	629
mammal|mouse|Ptprm|ENSMUSG00000033278|17|67261693|67261767|-|exon	217	116	26	143
mammal|mouse|Ptprm|ENSMUSG00000033278|17|67261693|67261767|-|up_3intron	747	3015	7530	2428
mammal|mouse|Ptprm|ENSMUSG00000033278|17|67261693|67261767|-|up_5intron	189	40	224	273
mammal|mouse|Ptprm|ENSMUSG00000033278|17|67261693|67261767|-|up_exon	314	106	64	65
mammal|mouse|Ptprs|ENSMUSG00000013236|17|56564750|56565349|-|dn_exon	508	157	74	14
mammal|mouse|Ptprs|ENSMUSG00000013236|17|56564750|56565349|-|up_3intron	287	50	98	35
mammal|mouse|Ptprs|ENSMUSG00000013236|17|56564750|56565349|-|up_5intron	405	60	46	23
mammal|mouse|Ptprs|ENSMUSG00000013236|17|56564750|56565349|-|up_exon	342	88	57	98
mammal|mouse|Ptprs|ENSMUSG00000013236|17|56564750|56565349|-|utr	411	261	674	291
mammal|mouse|Puf60|ENSMUSG00000002524|15|75905037|75905087|-|dn_3intron	485	198	62	13
mammal|mouse|Puf60|ENSMUSG00000002524|15|75905037|75905087|-|dn_exon	308	213	209	567
mammal|mouse|Puf60|ENSMUSG00000002524|15|75905037|75905087|-|exon	805	137	48	121
mammal|mouse|Puf60|ENSMUSG00000002524|15|75905037|75905087|-|up_3intron	480	135	33	29
mammal|mouse|Puf60|ENSMUSG00000002524|15|75905037|75905087|-|up_5intron	363	533	253	66
mammal|mouse|Puf60|ENSMUSG00000002524|15|75905037|75905087|-|up_exon	165	62	56	32
mammal|mouse|Pum2|ENSMUSG00000020594|12|8740079|8740315|+|deep_dn	330	80	1	31
mammal|mouse|Pum2|ENSMUSG00000020594|12|8740079|8740315|+|deep_up	750	189	479	923
mammal|mouse|Pum2|ENSMUSG00000020594|12|8740079|8740315|+|dn_5intron	650	459	6927	489
mammal|mouse|Pum2|ENSMUSG00000020594|12|8740079|8740315|+|dn_exon	305	113	43	73
mammal|mouse|Pum2|ENSMUSG00000020594|12|8740079|8740315|+|exon	343	168	307	494
mammal|mouse|Pum2|ENSMUSG00000020594|12|8740079|8740315|+|up_3intron	476	147	75	363
mammal|mouse|Pum2|ENSMUSG00000020594|12|8740079|8740315|+|up_5intron	439	125	377	404
mammal|mouse|Pum2|ENSMUSG00000020594|12|8740079|8740315|+|up_exon	191	104	69	343
mammal|mouse|Pxn|ENSMUSG00000029528|5|115998291|115999121|+|dn_3intron	694	169	87	109
mammal|mouse|Pxn|ENSMUSG00000029528|5|115998291|115999121|+|dn_5intron	269	1685	1438	430
mammal|mouse|Pxn|ENSMUSG00000029528|5|115998291|115999121|+|dn_exon	201	61	18	25
mammal|mouse|Pxn|ENSMUSG00000029528|5|115998291|115999121|+|exon	91	57	19	20
mammal|mouse|Pxn|ENSMUSG00000029528|5|115998291|115999121|+|up_3intron	1087	254	221	381
mammal|mouse|Pxn|ENSMUSG00000029528|5|115998291|115999121|+|up_5intron	431	309	167	44
mammal|mouse|Pxn|ENSMUSG00000029528|5|115998291|115999121|+|up_exon	69	96	38	44
mammal|mouse|Pxn|ENSMUSG00000029528|5|115998291|115999121|+|utr	1094	438	1493	1019
mammal|mouse|R3hdm1|ENSMUSG00000056211|1|130058779|130058820|+|up_3intron	714	209	611	1520
mammal|mouse|R3hdm1|ENSMUSG00000056211|1|130058779|130058820|+|up_5intron	871	320	1898	5898
mammal|mouse|R3hdm1|ENSMUSG00000056211|1|130058779|130058820|+|up_exon	96	15	89	76
mammal|mouse|R3hdm1|ENSMUSG00000056211|1|130059345|130059435|+|dn_3intron	411	81	49	189
mammal|mouse|R3hdm1|ENSMUSG00000056211|1|130059345|130059435|+|dn_5intron	273	35	148	167
mammal|mouse|R3hdm1|ENSMUSG00000056211|1|130059345|130059435|+|dn_exon	75	46	31	30
mammal|mouse|R3hdm2|ENSMUSG00000025404|10|126898271|126899339|+|dn_3intron	952	72	82	143
mammal|mouse|R3hdm2|ENSMUSG00000025404|10|126898271|126899339|+|dn_5intron	1784	548	565	5533
mammal|mouse|R3hdm2|ENSMUSG00000025404|10|126898271|126899339|+|exon	538	144	151	347
mammal|mouse|R3hdm2|ENSMUSG00000025404|10|126898271|126899339|+|up_3intron	87	119	81	62
mammal|mouse|R3hdm2|ENSMUSG00000025404|10|126898271|126899339|+|up_5intron	1043	334	640	2001
mammal|mouse|R3hdm2|ENSMUSG00000025404|10|126898271|126899339|+|up_exon	201	174	72	78
mammal|mouse|R3hdm2|ENSMUSG00000025404|10|126902186|126902240|+|dn_3intron	225	49	53	21
mammal|mouse|R3hdm2|ENSMUSG00000025404|10|126902186|126902240|+|dn_5intron	241	297	1260	1884
mammal|mouse|R3hdm2|ENSMUSG00000025404|10|126902186|126902240|+|dn_exon	286	60	12	11
mammal|mouse|R3hdm2|ENSMUSG00000025404|10|126902186|126902240|+|exon	279	235	320	605
mammal|mouse|R3hdm2|ENSMUSG00000025404|10|126902186|126902240|+|up_5intron	519	188	627	2555
mammal|mouse|Rab3gap1|ENSMUSG00000036104|1|129838171|129838191|+|dn_3intron	1690	383	366	900
mammal|mouse|Rab3gap1|ENSMUSG00000036104|1|129838171|129838191|+|dn_5intron	665	342	48	41
mammal|mouse|Rab3gap1|ENSMUSG00000036104|1|129838171|129838191|+|dn_exon	931	333	1541	1002
mammal|mouse|Rab3gap1|ENSMUSG00000036104|1|129838171|129838191|+|exon	147	365	61	116
mammal|mouse|Rab3gap1|ENSMUSG00000036104|1|129838171|129838191|+|up_3intron	864	607	203	300
mammal|mouse|Rab3gap1|ENSMUSG00000036104|1|129838171|129838191|+|up_exon	137	54	19	59
mammal|mouse|Rad51l3|ENSMUSG00000018841|11|82695103|82695173|-|dn_3intron	12	21	136	62
mammal|mouse|Rad51l3|ENSMUSG00000018841|11|82695103|82695173|-|dn_5intron	257	92	20	66
mammal|mouse|Rad51l3|ENSMUSG00000018841|11|82695103|82695173|-|dn_exon	787	215	234	181
mammal|mouse|Rad51l3|ENSMUSG00000018841|11|82695103|82695173|-|exon	728	229	136	158
mammal|mouse|Rad51l3|ENSMUSG00000018841|11|82695103|82695173|-|up_5intron	566	268	211	101
mammal|mouse|Ralgapb|ENSMUSG00000027652|2|158265265|158265300|+|dn_3intron	378	163	460	660
mammal|mouse|Ralgapb|ENSMUSG00000027652|2|158265265|158265300|+|dn_5intron	782	195	728	2174
mammal|mouse|Ralgapb|ENSMUSG00000027652|2|158265265|158265300|+|dn_exon	828	132	91	62
mammal|mouse|Ralgapb|ENSMUSG00000027652|2|158265265|158265300|+|exon	950	601	1932	2054
mammal|mouse|Ralgapb|ENSMUSG00000027652|2|158265265|158265300|+|up_3intron	14	1	1	17
mammal|mouse|Ralgapb|ENSMUSG00000027652|2|158265265|158265300|+|up_5intron	694	179	216	807
mammal|mouse|Ralgapb|ENSMUSG00000027652|2|158265265|158265300|+|up_exon	505	251	597	1447
mammal|mouse|Ralgps2|ENSMUSG00000026594|1|158751500|158751595|-|dn_3intron	495	120	132	201
mammal|mouse|Ralgps2|ENSMUSG00000026594|1|158751500|158751595|-|dn_5intron	627	129	41	129
mammal|mouse|Ralgps2|ENSMUSG00000026594|1|158751500|158751595|-|dn_exon	226	57	27	26
mammal|mouse|Ralgps2|ENSMUSG00000026594|1|158751500|158751595|-|exon	208	86	12	7
mammal|mouse|Ralgps2|ENSMUSG00000026594|1|158751500|158751595|-|up_3intron	154	39	7	13
mammal|mouse|Ralgps2|ENSMUSG00000026594|1|158751500|158751595|-|up_5intron	494	53	66	257
mammal|mouse|Ralgps2|ENSMUSG00000026594|1|158751500|158751595|-|up_exon	300	73	47	119
mammal|mouse|Ranbp10|ENSMUSG00000037415|8|108296302|108296494|-|dn_3intron	463	248	92	497
mammal|mouse|Ranbp10|ENSMUSG00000037415|8|108296302|108296494|-|dn_exon	747	157	137	311
mammal|mouse|Ranbp10|ENSMUSG00000037415|8|108296302|108296494|-|exon	201	86	75	76
mammal|mouse|Ranbp10|ENSMUSG00000037415|8|108296302|108296494|-|up_5intron	361	253	104	212
mammal|mouse|Ranbp10|ENSMUSG00000037415|8|108296302|108296494|-|up_exon	545	289	26	34
mammal|mouse|Rap1gds1|ENSMUSG00000028149|3|138646686|138646832|-|deep_dn	236	104	44	218
mammal|mouse|Rap1gds1|ENSMUSG00000028149|3|138646686|138646832|-|deep_up	254	80	103	74
mammal|mouse|Rap1gds1|ENSMUSG00000028149|3|138646686|138646832|-|dn_5intron	351	61	66	90
mammal|mouse|Rap1gds1|ENSMUSG00000028149|3|138646686|138646832|-|dn_exon	21	66	30	14
mammal|mouse|Rap1gds1|ENSMUSG00000028149|3|138646686|138646832|-|exon	1009	417	837	1678
mammal|mouse|Rap1gds1|ENSMUSG00000028149|3|138646686|138646832|-|up_3intron	951	236	611	2528
mammal|mouse|Rap1gds1|ENSMUSG00000028149|3|138646686|138646832|-|up_5intron	495	146	148	298
mammal|mouse|Rap1gds1|ENSMUSG00000028149|3|138646686|138646832|-|up_exon	354	63	69	70
mammal|mouse|Raph1|ENSMUSG00000026014|1|60548304|60548379|-|dn_3intron	1246	484	786	1721
mammal|mouse|Raph1|ENSMUSG00000026014|1|60548304|60548379|-|dn_5intron	402	110	141	116
mammal|mouse|Raph1|ENSMUSG00000026014|1|60548304|60548379|-|dn_exon	29	143	51	1
mammal|mouse|Raph1|ENSMUSG00000026014|1|60548304|60548379|-|exon	435	142	73	116
mammal|mouse|Raph1|ENSMUSG00000026014|1|60548304|60548379|-|up_3intron	940	219	226	591
mammal|mouse|Raph1|ENSMUSG00000026014|1|60548304|60548379|-|up_5intron	396	97	95	292
mammal|mouse|Raph1|ENSMUSG00000026014|1|60548304|60548379|-|up_exon	219	47	51	38
mammal|mouse|Raph1|ENSMUSG00000026014|1|60567261|60567335|-|dn_3intron	263	124	74	394
mammal|mouse|Raph1|ENSMUSG00000026014|1|60567261|60567335|-|dn_5intron	1013	1097	2265	1066
mammal|mouse|Raph1|ENSMUSG00000026014|1|60567261|60567335|-|dn_exon	302	60	209	61
mammal|mouse|Raph1|ENSMUSG00000026014|1|60567261|60567335|-|exon	734	243	174	249
mammal|mouse|Raph1|ENSMUSG00000026014|1|60567261|60567335|-|up_3intron	1356	400	136	224
mammal|mouse|Raph1|ENSMUSG00000026014|1|60567261|60567335|-|up_5intron	371	72	66	223
mammal|mouse|Raph1|ENSMUSG00000026014|1|60567261|60567335|-|up_exon	123	180	101	274
mammal|mouse|Rbm26|ENSMUSG00000022119|14|105538308|105538622|-|dn_3intron	201	8	23	17
mammal|mouse|Rbm26|ENSMUSG00000022119|14|105538308|105538622|-|dn_5intron	35	1182	5879	265
mammal|mouse|Rbm26|ENSMUSG00000022119|14|105538308|105538622|-|dn_exon	428	215	119	235
mammal|mouse|Rbm26|ENSMUSG00000022119|14|105538308|105538622|-|exon	334	97	11	5
mammal|mouse|Rbm26|ENSMUSG00000022119|14|105538308|105538622|-|up_3intron	151	26	41	156
mammal|mouse|Rbm26|ENSMUSG00000022119|14|105538308|105538622|-|up_5intron	730	218	314	1926
mammal|mouse|Rbm26|ENSMUSG00000022119|14|105538308|105538622|-|up_exon	523	148	29	38
mammal|mouse|Rbm5|ENSMUSG00000032580|9|107662107|107662526|-|dn_3intron	368	1739	1447	1034
mammal|mouse|Rbm5|ENSMUSG00000032580|9|107662107|107662526|-|dn_5intron	259	17	30	28
mammal|mouse|Rbm5|ENSMUSG00000032580|9|107662107|107662526|-|dn_exon	317	75	133	199
mammal|mouse|Rbm5|ENSMUSG00000032580|9|107662107|107662526|-|exon	609	130	175	496
mammal|mouse|Rbm5|ENSMUSG00000032580|9|107662107|107662526|-|up_5intron	217	175	352	257
mammal|mouse|Rbm5|ENSMUSG00000032580|9|107662107|107662526|-|up_exon	353	293	429	272
mammal|mouse|Reep1|ENSMUSG00000052852|6|71749160|71749195|+|deep_dn	385	84	36	20
mammal|mouse|Reep1|ENSMUSG00000052852|6|71749160|71749195|+|deep_up	684	246	53	59
mammal|mouse|Reep1|ENSMUSG00000052852|6|71749160|71749195|+|dn_3intron	509	1474	2449	791
mammal|mouse|Reep1|ENSMUSG00000052852|6|71749160|71749195|+|dn_5intron	545	244	194	73
mammal|mouse|Reep1|ENSMUSG00000052852|6|71749160|71749195|+|dn_exon	509	311	104	279
mammal|mouse|Reep1|ENSMUSG00000052852|6|71749160|71749195|+|exon	327	262	197	174
mammal|mouse|Reep1|ENSMUSG00000052852|6|71749160|71749195|+|up_3intron	113	44	23	6
mammal|mouse|Reep1|ENSMUSG00000052852|6|71749160|71749195|+|up_5intron	565	135	28	48
mammal|mouse|Reep1|ENSMUSG00000052852|6|71749160|71749195|+|up_exon	380	161	26	159
mammal|mouse|Reep3|ENSMUSG00000019873|10|66496819|66496861|-|dn_3intron	596	160	393	357
mammal|mouse|Reep3|ENSMUSG00000019873|10|66496819|66496861|-|dn_5intron	651	282	317	226
mammal|mouse|Reep3|ENSMUSG00000019873|10|66496819|66496861|-|dn_exon	76	219	193	140
mammal|mouse|Reep3|ENSMUSG00000019873|10|66496819|66496861|-|exon	321	259	572	661
mammal|mouse|Reep3|ENSMUSG00000019873|10|66496819|66496861|-|up_3intron	806	386	484	1999
mammal|mouse|Reep3|ENSMUSG00000019873|10|66496819|66496861|-|up_5intron	403	63	24	48
mammal|mouse|Reep3|ENSMUSG00000019873|10|66496819|66496861|-|up_exon	444	170	202	554
mammal|mouse|Reln|ENSMUSG00000042453|5|21391985|21397515|-|dn_3intron	566	223	121	244
mammal|mouse|Reln|ENSMUSG00000042453|5|21391985|21397515|-|dn_exon	615	257	238	1786
mammal|mouse|Reln|ENSMUSG00000042453|5|21391985|21397515|-|exon	74	6	30	18
mammal|mouse|Reln|ENSMUSG00000042453|5|21391985|21397515|-|up_3intron	263	105	396	234
mammal|mouse|Reln|ENSMUSG00000042453|5|21391985|21397515|-|up_5intron	1073	419	163	732
mammal|mouse|Reln|ENSMUSG00000042453|5|21391985|21397515|-|up_exon	574	89	182	230
mammal|mouse|Reps2|ENSMUSG00000040855|X|158941703|158941839|-|deep_dn	767	115	96	177
mammal|mouse|Reps2|ENSMUSG00000040855|X|158941703|158941839|-|deep_up	501	133	258	731
mammal|mouse|Reps2|ENSMUSG00000040855|X|158941703|158941839|-|dn_3intron	484	47	59	23
mammal|mouse|Reps2|ENSMUSG00000040855|X|158941703|158941839|-|dn_5intron	349	345	331	295
mammal|mouse|Reps2|ENSMUSG00000040855|X|158941703|158941839|-|dn_exon	343	82	56	117
mammal|mouse|Reps2|ENSMUSG00000040855|X|158941703|158941839|-|utr	928	299	54	161
mammal|mouse|Reps2|ENSMUSG00000040855|X|158945539|158945584|-|up_3intron	238	143	94	123
mammal|mouse|Reps2|ENSMUSG00000040855|X|158945539|158945584|-|up_5intron	663	224	485	2026
mammal|mouse|Reps2|ENSMUSG00000040855|X|158945539|158945584|-|up_exon	549	58	73	40
mammal|mouse|Rhot1|ENSMUSG00000017686|11|80071016|80071138|+|up_3intron	632	578	711	386
mammal|mouse|Rhot1|ENSMUSG00000017686|11|80071016|80071138|+|up_5intron	347	163	326	1423
mammal|mouse|Rhot1|ENSMUSG00000017686|11|80071016|80071138|+|up_exon	362	91	41	52
mammal|mouse|Rhot1|ENSMUSG00000017686|11|80077746|80077889|+|dn_3intron	399	184	274	912
mammal|mouse|Rhot1|ENSMUSG00000017686|11|80077746|80077889|+|dn_5intron	622	126	75	84
mammal|mouse|Ric8b|ENSMUSG00000035620|10|84464527|84464646|+|deep_dn	745	284	171	780
mammal|mouse|Ric8b|ENSMUSG00000035620|10|84464527|84464646|+|deep_up	346	108	40	41
mammal|mouse|Ric8b|ENSMUSG00000035620|10|84464527|84464646|+|dn_3intron	300	62	51	101
mammal|mouse|Ric8b|ENSMUSG00000035620|10|84464527|84464646|+|dn_5intron	556	94	60	75
mammal|mouse|Ric8b|ENSMUSG00000035620|10|84464527|84464646|+|dn_exon	479	90	45	80
mammal|mouse|Ric8b|ENSMUSG00000035620|10|84464527|84464646|+|exon	239	81	92	176
mammal|mouse|Ric8b|ENSMUSG00000035620|10|84464527|84464646|+|up_3intron	231	42	13	26
mammal|mouse|Ric8b|ENSMUSG00000035620|10|84464527|84464646|+|up_5intron	1583	330	1195	3684
mammal|mouse|Ric8b|ENSMUSG00000035620|10|84464527|84464646|+|up_exon	207	73	88	55
mammal|mouse|Rif1|ENSMUSG00000036202|2|51972188|51972267|+|dn_5intron	259	110	99	258
mammal|mouse|Rif1|ENSMUSG00000036202|2|51972188|51972267|+|dn_exon	242	68	16	21
mammal|mouse|Rif1|ENSMUSG00000036202|2|51972188|51972267|+|up_3intron	832	214	33	105
mammal|mouse|Rif1|ENSMUSG00000036202|2|51972188|51972267|+|up_exon	695	97	327	635
mammal|mouse|Rnf130|ENSMUSG00000020376|11|49912748|49912841|+|deep_dn	870	94	41	60
mammal|mouse|Rnf130|ENSMUSG00000020376|11|49912748|49912841|+|deep_up	54	14	64	30
mammal|mouse|Rnf130|ENSMUSG00000020376|11|49912748|49912841|+|dn_3intron	571	136	114	242
mammal|mouse|Rnf130|ENSMUSG00000020376|11|49912748|49912841|+|dn_5intron	798	718	863	841
mammal|mouse|Rnf130|ENSMUSG00000020376|11|49912748|49912841|+|dn_exon	574	106	144	353
mammal|mouse|Rnf130|ENSMUSG00000020376|11|49912748|49912841|+|exon	366	114	54	212
mammal|mouse|Rnf130|ENSMUSG00000020376|11|49912748|49912841|+|up_3intron	1163	387	283	589
mammal|mouse|Rnf130|ENSMUSG00000020376|11|49912748|49912841|+|up_5intron	252	48	105	163
mammal|mouse|Rnf130|ENSMUSG00000020376|11|49912748|49912841|+|up_exon	1093	183	55	46
mammal|mouse|Rnf14|ENSMUSG00000060450|18|38460941|38461461|+|dn_3intron	310	165	220	379
mammal|mouse|Rnf14|ENSMUSG00000060450|18|38460941|38461461|+|dn_5intron	498	83	27	71
mammal|mouse|Rnf14|ENSMUSG00000060450|18|38460941|38461461|+|dn_exon	188	43	34	38
mammal|mouse|Rnf14|ENSMUSG00000060450|18|38460941|38461461|+|exon	424	137	193	301
mammal|mouse|Rnf14|ENSMUSG00000060450|18|38460941|38461461|+|up_3intron	699	241	1096	1276
mammal|mouse|Rnf14|ENSMUSG00000060450|18|38460941|38461461|+|up_5intron	623	231	93	266
mammal|mouse|Rock1|ENSMUSG00000024290|18|10073655|10078514|-|dn_3intron	131	157	89	81
mammal|mouse|Rock1|ENSMUSG00000024290|18|10073655|10078514|-|dn_5intron	152	128	1547	847
mammal|mouse|Rock1|ENSMUSG00000024290|18|10073655|10078514|-|dn_exon	308	123	59	107
mammal|mouse|Rock1|ENSMUSG00000024290|18|10073655|10078514|-|exon	273	97	29	45
mammal|mouse|Rock1|ENSMUSG00000024290|18|10073655|10078514|-|up_3intron	393	42	123	31
mammal|mouse|Rock1|ENSMUSG00000024290|18|10073655|10078514|-|up_5intron	1182	215	233	335
mammal|mouse|Rock1|ENSMUSG00000024290|18|10073655|10078514|-|up_exon	506	208	37	84
mammal|mouse|Rock2|ENSMUSG00000020580|12|16980246|16980416|+|dn_3intron	705	197	666	4262
mammal|mouse|Rock2|ENSMUSG00000020580|12|16980246|16980416|+|dn_5intron	881	139	222	993
mammal|mouse|Rock2|ENSMUSG00000020580|12|16980246|16980416|+|dn_exon	462	149	239	621
mammal|mouse|Rock2|ENSMUSG00000020580|12|16980246|16980416|+|exon	920	562	357	1807
mammal|mouse|Rock2|ENSMUSG00000020580|12|16980246|16980416|+|up_3intron	269	51	97	461
mammal|mouse|Rock2|ENSMUSG00000020580|12|16980246|16980416|+|up_5intron	864	196	79	150
mammal|mouse|Rock2|ENSMUSG00000020580|12|16980246|16980416|+|up_exon	252	133	39	49
mammal|mouse|Rock2|ENSMUSG00000020580|12|16989004|16989553|+|dn_3intron	942	1404	5117	2207
mammal|mouse|Rock2|ENSMUSG00000020580|12|16989004|16989553|+|dn_5intron	572	581	1591	946
mammal|mouse|Rock2|ENSMUSG00000020580|12|16989004|16989553|+|dn_exon	200	37	28	55
mammal|mouse|Rock2|ENSMUSG00000020580|12|16989004|16989553|+|exon	479	124	44	201
mammal|mouse|Rock2|ENSMUSG00000020580|12|16989004|16989553|+|up_3intron	660	395	509	1400
mammal|mouse|Rock2|ENSMUSG00000020580|12|16989004|16989553|+|up_5intron	452	115	119	640
mammal|mouse|Rps16|ENSMUSG00000037563|7|29137382|29137429|+|dn_3intron	635	292	94	99
mammal|mouse|Rps16|ENSMUSG00000037563|7|29137382|29137429|+|dn_5intron	276	42	43	47
mammal|mouse|Rps16|ENSMUSG00000037563|7|29137382|29137429|+|dn_exon	1158	190	108	70
mammal|mouse|Rundc3b|ENSMUSG00000040570|5|8512261|8512407|-|deep_dn	125	7	18	76
mammal|mouse|Rundc3b|ENSMUSG00000040570|5|8512261|8512407|-|deep_up	55	24	38	23
mammal|mouse|Rundc3b|ENSMUSG00000040570|5|8512261|8512407|-|dn_3intron	232	45	151	185
mammal|mouse|Rundc3b|ENSMUSG00000040570|5|8512261|8512407|-|dn_5intron	3136	896	762	1628
mammal|mouse|Rundc3b|ENSMUSG00000040570|5|8512261|8512407|-|dn_exon	424	125	132	151
mammal|mouse|Rundc3b|ENSMUSG00000040570|5|8512261|8512407|-|exon	410	181	261	319
mammal|mouse|Rundc3b|ENSMUSG00000040570|5|8512261|8512407|-|up_3intron	73	6	12	11
mammal|mouse|Rundc3b|ENSMUSG00000040570|5|8512261|8512407|-|up_5intron	413	750	2664	793
mammal|mouse|Rundc3b|ENSMUSG00000040570|5|8512261|8512407|-|up_exon	154	36	35	29
mammal|mouse|Sbf1|ENSMUSG00000036529|15|89126383|89127523|-|dn_3intron	416	322	141	141
mammal|mouse|Sbf1|ENSMUSG00000036529|15|89126383|89127523|-|dn_5intron	643	442	323	185
mammal|mouse|Sbf1|ENSMUSG00000036529|15|89126383|89127523|-|dn_exon	122	220	48	168
mammal|mouse|Sbf1|ENSMUSG00000036529|15|89126383|89127523|-|exon	391	344	150	371
mammal|mouse|Sbf1|ENSMUSG00000036529|15|89126383|89127523|-|up_3intron	578	259	342	1903
mammal|mouse|Sbf1|ENSMUSG00000036529|15|89126383|89127523|-|up_5intron	1149	157	142	286
mammal|mouse|Sbf1|ENSMUSG00000036529|15|89126383|89127523|-|up_exon	252	219	110	143
mammal|mouse|Sbf1|ENSMUSG00000036529|15|89126383|89127523|-|utr	409	280	269	439
mammal|mouse|Sec31a|ENSMUSG00000035325|5|100817553|100817719|-|dn_3intron	40	8	4	2
mammal|mouse|Sec31a|ENSMUSG00000035325|5|100817553|100817719|-|dn_5intron	1497	289	627	1590
mammal|mouse|Sec31a|ENSMUSG00000035325|5|100817553|100817719|-|dn_exon	620	222	199	353
mammal|mouse|Sec31a|ENSMUSG00000035325|5|100817553|100817719|-|exon	441	128	190	386
mammal|mouse|Sec31a|ENSMUSG00000035325|5|100817553|100817719|-|up_3intron	912	437	636	2748
mammal|mouse|Sec31a|ENSMUSG00000035325|5|100817553|100817719|-|up_5intron	288	117	849	675
mammal|mouse|Sec31a|ENSMUSG00000035325|5|100817553|100817719|-|up_exon	815	227	1068	1644
mammal|mouse|Setd2|ENSMUSG00000044791|9|110479626|110479842|+|deep_dn	556	75	65	44
mammal|mouse|Setd2|ENSMUSG00000044791|9|110479626|110479842|+|deep_up	780	231	291	766
mammal|mouse|Setd2|ENSMUSG00000044791|9|110479626|110479842|+|dn_3intron	224	178	166	80
mammal|mouse|Setd2|ENSMUSG00000044791|9|110479626|110479842|+|dn_5intron	265	130	114	394
mammal|mouse|Setd2|ENSMUSG00000044791|9|110479626|110479842|+|dn_exon	188	54	139	239
mammal|mouse|Setd2|ENSMUSG00000044791|9|110479626|110479842|+|exon	527	2185	5639	1017
mammal|mouse|Setd2|ENSMUSG00000044791|9|110479626|110479842|+|up_3intron	316	70	75	103
mammal|mouse|Setd2|ENSMUSG00000044791|9|110479626|110479842|+|up_5intron	275	13	42	191
mammal|mouse|Setd2|ENSMUSG00000044791|9|110479626|110479842|+|up_exon	46	24	23	26
mammal|mouse|Setd5|ENSMUSG00000034269|6|113078674|113078771|+|dn_3intron	419	113	119	379
mammal|mouse|Setd5|ENSMUSG00000034269|6|113078674|113078771|+|dn_5intron	170	92	120	183
mammal|mouse|Setd5|ENSMUSG00000034269|6|113078674|113078771|+|dn_exon	473	170	282	755
mammal|mouse|Setd5|ENSMUSG00000034269|6|113078674|113078771|+|exon	79	38	20	26
mammal|mouse|Setd5|ENSMUSG00000034269|6|113078674|113078771|+|up_5intron	205	25	30	50
mammal|mouse|Setd5|ENSMUSG00000034269|6|113078674|113078771|+|up_exon	504	136	121	151
mammal|mouse|Sfrs18|ENSMUSG00000028248|4|21797486|21797555|+|dn_3intron	136	68	601	232
mammal|mouse|Sfrs18|ENSMUSG00000028248|4|21797486|21797555|+|dn_5intron	424	345	863	676
mammal|mouse|Sfrs18|ENSMUSG00000028248|4|21797486|21797555|+|dn_exon	96	12	6	6
mammal|mouse|Sfrs18|ENSMUSG00000028248|4|21797486|21797555|+|exon	333	234	131	154
mammal|mouse|Sfrs18|ENSMUSG00000028248|4|21797486|21797555|+|up_3intron	451	162	413	1158
mammal|mouse|Sfrs18|ENSMUSG00000028248|4|21797486|21797555|+|up_5intron	693	269	726	739
mammal|mouse|Sfrs18|ENSMUSG00000028248|4|21797486|21797555|+|up_exon	330	63	58	61
mammal|mouse|Sgce|ENSMUSG00000004631|6|4640469|4640523|-|dn_3intron	93	71	31	102
mammal|mouse|Sgce|ENSMUSG00000004631|6|4640469|4640523|-|dn_5intron	1841	763	5777	8597
mammal|mouse|Sgce|ENSMUSG00000004631|6|4640469|4640523|-|dn_exon	347	510	198	143
mammal|mouse|Sgce|ENSMUSG00000004631|6|4640469|4640523|-|exon	1234	136	163	1457
mammal|mouse|Sgce|ENSMUSG00000004631|6|4640469|4640523|-|up_3intron	225	201	85	67
mammal|mouse|Sgce|ENSMUSG00000004631|6|4640469|4640523|-|up_5intron	594	73	19	7
mammal|mouse|Sgce|ENSMUSG00000004631|6|4640469|4640523|-|up_exon	224	128	38	44
mammal|mouse|Sh3glb1|ENSMUSG00000037062|3|144364724|144364810|-|dn_3intron	381	104	57	219
mammal|mouse|Sh3glb1|ENSMUSG00000037062|3|144364724|144364810|-|dn_5intron	478	9004	9608	2168
mammal|mouse|Sh3glb1|ENSMUSG00000037062|3|144364724|144364810|-|dn_exon	522	72	168	157
mammal|mouse|Sh3glb1|ENSMUSG00000037062|3|144364724|144364810|-|exon	437	341	807	1212
mammal|mouse|Sh3glb1|ENSMUSG00000037062|3|144364724|144364810|-|up_3intron	1592	268	838	2739
mammal|mouse|Sh3glb1|ENSMUSG00000037062|3|144364724|144364810|-|up_5intron	737	47	157	333
mammal|mouse|Sh3glb1|ENSMUSG00000037062|3|144364724|144364810|-|up_exon	66	10	29	57
mammal|mouse|Sh3glb2|ENSMUSG00000026860|2|30201579|30201628|-|dn_5intron	674	229	222	211
mammal|mouse|Sh3glb2|ENSMUSG00000026860|2|30201579|30201628|-|dn_exon	133	295	562	67
mammal|mouse|Sh3glb2|ENSMUSG00000026860|2|30201579|30201628|-|up_3intron	1142	275	264	246
mammal|mouse|Sh3glb2|ENSMUSG00000026860|2|30201579|30201628|-|up_exon	379	142	55	158
mammal|mouse|Sh3glb2|ENSMUSG00000026860|2|30203845|30204137|-|dn_3intron	759	226	109	70
mammal|mouse|Sh3glb2|ENSMUSG00000026860|2|30203845|30204137|-|dn_5intron	325	97	46	77
mammal|mouse|Sh3glb2|ENSMUSG00000026860|2|30203845|30204137|-|dn_exon	487	204	164	86
mammal|mouse|Sh3glb2|ENSMUSG00000026860|2|30203845|30204137|-|exon	1021	368	21	13
mammal|mouse|Sh3glb2|ENSMUSG00000026860|2|30203845|30204137|-|up_3intron	340	127	52	53
mammal|mouse|Sh3glb2|ENSMUSG00000026860|2|30203845|30204137|-|up_5intron	271	332	211	14
mammal|mouse|Sh3glb2|ENSMUSG00000026860|2|30203845|30204137|-|up_exon	540	211	46	71
mammal|mouse|Sh3kbp1|ENSMUSG00000040990|X|156255174|156255230|+|dn_3intron	536	155	151	396
mammal|mouse|Sh3kbp1|ENSMUSG00000040990|X|156255174|156255230|+|dn_5intron	589	354	757	561
mammal|mouse|Sh3kbp1|ENSMUSG00000040990|X|156255174|156255230|+|exon	183	211	13	7
mammal|mouse|Sh3kbp1|ENSMUSG00000040990|X|156255174|156255230|+|up_3intron	1116	1708	2627	2279
mammal|mouse|Sh3kbp1|ENSMUSG00000040990|X|156255174|156255230|+|up_5intron	447	74	28	72
mammal|mouse|Sh3kbp1|ENSMUSG00000040990|X|156255174|156255230|+|up_exon	491	128	176	192
mammal|mouse|Sh3kbp1|ENSMUSG00000040990|X|156262407|156262481|+|deep_dn	397	121	27	56
mammal|mouse|Sh3kbp1|ENSMUSG00000040990|X|156262407|156262481|+|deep_up	466	305	302	568
mammal|mouse|Sh3kbp1|ENSMUSG00000040990|X|156262407|156262481|+|dn_3intron	480	151	340	736
mammal|mouse|Sh3kbp1|ENSMUSG00000040990|X|156262407|156262481|+|dn_5intron	1118	204	55	165
mammal|mouse|Sh3kbp1|ENSMUSG00000040990|X|156262407|156262481|+|dn_exon	725	326	152	103
mammal|mouse|Sh3kbp1|ENSMUSG00000040990|X|156262407|156262481|+|exon	246	89	29	24
mammal|mouse|Sh3kbp1|ENSMUSG00000040990|X|156262407|156262481|+|up_3intron	202	77	99	338
mammal|mouse|Sh3kbp1|ENSMUSG00000040990|X|156262407|156262481|+|up_5intron	295	9317	13270	1263
mammal|mouse|Sh3kbp1|ENSMUSG00000040990|X|156262407|156262481|+|utr	169	120	118	56
mammal|mouse|Slc12a5|ENSMUSG00000017740|2|164822364|164822380|+|dn_3intron	390	131	55	49
mammal|mouse|Slc12a5|ENSMUSG00000017740|2|164822364|164822380|+|dn_5intron	1029	327	152	94
mammal|mouse|Slc12a5|ENSMUSG00000017740|2|164822364|164822380|+|dn_exon	453	192	132	252
mammal|mouse|Slc12a5|ENSMUSG00000017740|2|164822364|164822380|+|exon	72	153	210	831
mammal|mouse|Slc12a5|ENSMUSG00000017740|2|164822364|164822380|+|up_3intron	296	93	88	19
mammal|mouse|Slc12a5|ENSMUSG00000017740|2|164822364|164822380|+|up_exon	213	67	101	92
mammal|mouse|Slc25a25|ENSMUSG00000026819|2|32276176|32276211|-|dn_3intron	563	163	64	45
mammal|mouse|Slc25a25|ENSMUSG00000026819|2|32276176|32276211|-|dn_exon	232	66	115	209
mammal|mouse|Slc25a25|ENSMUSG00000026819|2|32276176|32276211|-|exon	1148	2140	4888	1412
mammal|mouse|Slc25a25|ENSMUSG00000026819|2|32276176|32276211|-|up_3intron	923	481	712	1707
mammal|mouse|Slc25a25|ENSMUSG00000026819|2|32276176|32276211|-|up_5intron	863	217	656	226
mammal|mouse|Slc25a25|ENSMUSG00000026819|2|32276176|32276211|-|up_exon	759	123	150	185
mammal|mouse|Slc4a4|ENSMUSG00000060961|5|89661787|89661885|+|dn_3intron	414	832	3044	2400
mammal|mouse|Slc4a4|ENSMUSG00000060961|5|89661787|89661885|+|dn_5intron	507	16092	8619	2576
mammal|mouse|Slc4a4|ENSMUSG00000060961|5|89661787|89661885|+|dn_exon	487	109	78	148
mammal|mouse|Slc4a4|ENSMUSG00000060961|5|89661787|89661885|+|exon	331	128	138	41
mammal|mouse|Slc4a4|ENSMUSG00000060961|5|89661787|89661885|+|up_3intron	215	10246	2616	656
mammal|mouse|Slc4a4|ENSMUSG00000060961|5|89661787|89661885|+|up_5intron	190	47	23	7
mammal|mouse|Slc4a4|ENSMUSG00000060961|5|89661787|89661885|+|up_exon	848	341	210	358
mammal|mouse|Slc7a2|ENSMUSG00000031596|8|41993119|41993549|+|dn_3intron	554	100	208	558
mammal|mouse|Slc7a2|ENSMUSG00000031596|8|41993119|41993549|+|dn_exon	690	320	211	963
mammal|mouse|Slc7a2|ENSMUSG00000031596|8|41993119|41993549|+|exon	1075	35042	23094	5994
mammal|mouse|Slc7a2|ENSMUSG00000031596|8|41993119|41993549|+|up_3intron	989	118	186	405
mammal|mouse|Slc7a2|ENSMUSG00000031596|8|41993119|41993549|+|up_5intron	412	188	459	359
mammal|mouse|Slc7a2|ENSMUSG00000031596|8|41993119|41993549|+|up_exon	752	275	160	411
mammal|mouse|Slmap|ENSMUSG00000021870|14|27249274|27249653|-|dn_3intron	435	104	92	346
mammal|mouse|Slmap|ENSMUSG00000021870|14|27249274|27249653|-|dn_5intron	289	142	61	109
mammal|mouse|Slmap|ENSMUSG00000021870|14|27249274|27249653|-|dn_exon	642	107	89	171
mammal|mouse|Slmap|ENSMUSG00000021870|14|27249274|27249653|-|exon	209	37	62	274
mammal|mouse|Slmap|ENSMUSG00000021870|14|27249274|27249653|-|up_3intron	42	8	6	3
mammal|mouse|Slmap|ENSMUSG00000021870|14|27249274|27249653|-|up_5intron	415	221	400	756
mammal|mouse|Slmap|ENSMUSG00000021870|14|27249274|27249653|-|up_exon	461	151	142	64
mammal|mouse|Slmap|ENSMUSG00000021870|14|27273024|27273086|-|dn_3intron	1106	153	13	29
mammal|mouse|Slmap|ENSMUSG00000021870|14|27273024|27273086|-|dn_5intron	575	121	56	96
mammal|mouse|Slmap|ENSMUSG00000021870|14|27273024|27273086|-|dn_exon	275	180	162	149
mammal|mouse|Slmap|ENSMUSG00000021870|14|27279286|27279440|-|up_5intron	234	43	29	122
mammal|mouse|Smg7|ENSMUSG00000042772|1|154690360|154690509|-|dn_3intron	148	27	16	25
mammal|mouse|Smg7|ENSMUSG00000042772|1|154690360|154690509|-|dn_5intron	278	100	97	371
mammal|mouse|Smg7|ENSMUSG00000042772|1|154690360|154690509|-|dn_exon	613	191	235	623
mammal|mouse|Smg7|ENSMUSG00000042772|1|154690360|154690509|-|exon	444	178	82	12
mammal|mouse|Smg7|ENSMUSG00000042772|1|154690360|154690509|-|up_3intron	1386	908	2102	5566
mammal|mouse|Smyd1|ENSMUSG00000055027|6|71185337|71185416|-|dn_3intron	952	99	54	37
mammal|mouse|Smyd1|ENSMUSG00000055027|6|71185337|71185416|-|dn_5intron	2533	691	440	1336
mammal|mouse|Smyd1|ENSMUSG00000055027|6|71185337|71185416|-|dn_exon	255	71	13	18
mammal|mouse|Smyd1|ENSMUSG00000055027|6|71185337|71185416|-|exon	882	240	159	87
mammal|mouse|Smyd1|ENSMUSG00000055027|6|71185337|71185416|-|up_3intron	145	47	3	4
mammal|mouse|Smyd1|ENSMUSG00000055027|6|71185337|71185416|-|up_5intron	191	131	94	441
mammal|mouse|Smyd1|ENSMUSG00000055027|6|71185337|71185416|-|up_exon	652	132	72	167
mammal|mouse|Sorbs1|ENSMUSG00000025006|19|40413470|40414636|-|dn_3intron	124	58	145	107
mammal|mouse|Sorbs1|ENSMUSG00000025006|19|40413470|40414636|-|dn_5intron	418	128	248	128
mammal|mouse|Sorbs1|ENSMUSG00000025006|19|40413470|40414636|-|dn_exon	648	262	99	291
mammal|mouse|Sorbs1|ENSMUSG00000025006|19|40413470|40414636|-|exon	302	67	85	109
mammal|mouse|Sorbs1|ENSMUSG00000025006|19|40413470|40414636|-|up_3intron	368	94	156	362
mammal|mouse|Sorbs1|ENSMUSG00000025006|19|40413470|40414636|-|up_5intron	54	22	47	182
mammal|mouse|Sorbs1|ENSMUSG00000025006|19|40418846|40419905|-|dn_3intron	1937	565	1521	2616
mammal|mouse|Sorbs1|ENSMUSG00000025006|19|40418846|40419905|-|dn_5intron	1064	260	432	903
mammal|mouse|Sorbs1|ENSMUSG00000025006|19|40418846|40419905|-|exon	160	48	100	112
mammal|mouse|Sorbs1|ENSMUSG00000025006|19|40435532|40435594|-|dn_3intron	48	11	5	2
mammal|mouse|Sorbs1|ENSMUSG00000025006|19|40435532|40435594|-|dn_5intron	1458	216	119	237
mammal|mouse|Sorbs1|ENSMUSG00000025006|19|40435532|40435594|-|dn_exon	166	44	173	54
mammal|mouse|Sorbs1|ENSMUSG00000025006|19|40435919|40435993|-|up_3intron	258	111	140	999
mammal|mouse|Sorbs1|ENSMUSG00000025006|19|40435919|40435993|-|up_5intron	667	215	364	421
mammal|mouse|Sorbs1|ENSMUSG00000025006|19|40435919|40435993|-|up_exon	561	134	50	89
mammal|mouse|Spag9|ENSMUSG00000020859|11|93974577|93974617|+|dn_3intron	365	82	14	40
mammal|mouse|Spag9|ENSMUSG00000020859|11|93974577|93974617|+|dn_5intron	386	396	74	347
mammal|mouse|Spag9|ENSMUSG00000020859|11|93974577|93974617|+|dn_exon	293	45	85	301
mammal|mouse|Spag9|ENSMUSG00000020859|11|93974577|93974617|+|exon	475	314	78	46
mammal|mouse|Spag9|ENSMUSG00000020859|11|93974577|93974617|+|up_3intron	724	1867	1701	1167
mammal|mouse|Spag9|ENSMUSG00000020859|11|93974577|93974617|+|up_5intron	419	78	55	53
mammal|mouse|Spag9|ENSMUSG00000020859|11|93974577|93974617|+|up_exon	569	148	189	374
mammal|mouse|Spats2l|ENSMUSG00000038305|1|57957478|57957684|+|dn_3intron	154	31	12	51
mammal|mouse|Spats2l|ENSMUSG00000038305|1|57957478|57957684|+|dn_5intron	70	14	52	84
mammal|mouse|Spats2l|ENSMUSG00000038305|1|57957478|57957684|+|dn_exon	54	46	71	52
mammal|mouse|Spats2l|ENSMUSG00000038305|1|57957478|57957684|+|exon	420	98	10	29
mammal|mouse|Spats2l|ENSMUSG00000038305|1|57957478|57957684|+|up_3intron	464	126	130	430
mammal|mouse|Spats2l|ENSMUSG00000038305|1|57957478|57957684|+|up_5intron	262	85	61	40
mammal|mouse|Spire1|ENSMUSG00000024533|18|67660722|67660895|-|dn_3intron	286	97	43	16
mammal|mouse|Spire1|ENSMUSG00000024533|18|67660722|67660895|-|dn_5intron	684	261	356	1019
mammal|mouse|Spire1|ENSMUSG00000024533|18|67660722|67660895|-|dn_exon	75	181	163	298
mammal|mouse|Spire1|ENSMUSG00000024533|18|67660722|67660895|-|exon	445	114	36	27
mammal|mouse|Spire1|ENSMUSG00000024533|18|67660722|67660895|-|up_3intron	1615	2157	22728	14666
mammal|mouse|Spire1|ENSMUSG00000024533|18|67660722|67660895|-|up_5intron	718	177	80	48
mammal|mouse|Spire1|ENSMUSG00000024533|18|67660722|67660895|-|up_exon	140	58	52	43
mammal|mouse|Spire1|ENSMUSG00000024533|18|67672494|67672536|-|dn_3intron	629	124	126	483
mammal|mouse|Spire1|ENSMUSG00000024533|18|67672494|67672536|-|dn_5intron	196	85	59	115
mammal|mouse|Spire1|ENSMUSG00000024533|18|67672494|67672536|-|dn_exon	189	61	49	19
mammal|mouse|Spire1|ENSMUSG00000024533|18|67672494|67672536|-|exon	57	234	883	130
mammal|mouse|Spire1|ENSMUSG00000024533|18|67672494|67672536|-|up_3intron	264	98	16	136
mammal|mouse|Spire1|ENSMUSG00000024533|18|67672494|67672536|-|up_5intron	476	183	115	51
mammal|mouse|Spire1|ENSMUSG00000024533|18|67672494|67672536|-|up_exon	143	15	77	62
mammal|mouse|Spna2|ENSMUSG00000057738|2|29869526|29869692|+|dn_3intron	234	100	225	280
mammal|mouse|Spna2|ENSMUSG00000057738|2|29869526|29869692|+|dn_5intron	267	304	76	240
mammal|mouse|Spna2|ENSMUSG00000057738|2|29869526|29869692|+|dn_exon	566	198	146	281
mammal|mouse|Spna2|ENSMUSG00000057738|2|29869526|29869692|+|exon	241	133	34	40
mammal|mouse|Spna2|ENSMUSG00000057738|2|29869526|29869692|+|up_3intron	313	100	53	24
mammal|mouse|Spna2|ENSMUSG00000057738|2|29869526|29869692|+|up_exon	45	28	34	30
mammal|mouse|Spna2|ENSMUSG00000057738|2|29884164|29884226|+|dn_3intron	227	69	63	62
mammal|mouse|Spna2|ENSMUSG00000057738|2|29884164|29884226|+|dn_5intron	671	292	325	307
mammal|mouse|Spna2|ENSMUSG00000057738|2|29884164|29884226|+|dn_exon	528	516	2799	415
mammal|mouse|Spna2|ENSMUSG00000057738|2|29884164|29884226|+|exon	1554	385	267	1727
mammal|mouse|Spna2|ENSMUSG00000057738|2|29884164|29884226|+|up_3intron	730	541	457	323
mammal|mouse|Spna2|ENSMUSG00000057738|2|29884164|29884226|+|up_exon	1075	379	220	286
mammal|mouse|Src|ENSMUSG00000027646|2|157284579|157287711|+|dn_3intron	1094	213	81	263
mammal|mouse|Src|ENSMUSG00000027646|2|157284579|157287711|+|dn_5intron	207	178	67	6
mammal|mouse|Src|ENSMUSG00000027646|2|157284579|157287711|+|dn_exon	851	634	372	153
mammal|mouse|Src|ENSMUSG00000027646|2|157284579|157287711|+|utr	699	138	22	57
mammal|mouse|Srpk2|ENSMUSG00000062604|5|23018346|23019400|-|dn_3intron	1019	220	508	1403
mammal|mouse|Srpk2|ENSMUSG00000062604|5|23018346|23019400|-|dn_exon	332	62	75	152
mammal|mouse|Srpk2|ENSMUSG00000062604|5|23018346|23019400|-|exon	926	409	387	339
mammal|mouse|Srpk2|ENSMUSG00000062604|5|23018346|23019400|-|up_3intron	1773	329	449	1170
mammal|mouse|Srpk2|ENSMUSG00000062604|5|23018346|23019400|-|up_5intron	212	109	74	42
mammal|mouse|Srpk2|ENSMUSG00000062604|5|23018346|23019400|-|up_exon	716	66	15	26
mammal|mouse|Srsf11|ENSMUSG00000055436|3|157687087|157687195|-|dn_3intron	285	50	73	205
mammal|mouse|Srsf11|ENSMUSG00000055436|3|157687087|157687195|-|dn_5intron	1263	121	116	187
mammal|mouse|Srsf11|ENSMUSG00000055436|3|157687087|157687195|-|dn_exon	267	142	163	267
mammal|mouse|Srsf11|ENSMUSG00000055436|3|157687087|157687195|-|exon	1264	521	298	474
mammal|mouse|Srsf11|ENSMUSG00000055436|3|157687087|157687195|-|up_3intron	477	114	23	75
mammal|mouse|Srsf11|ENSMUSG00000055436|3|157687087|157687195|-|up_5intron	393	169	320	669
mammal|mouse|Srsf11|ENSMUSG00000055436|3|157687087|157687195|-|up_exon	182	54	60	313
mammal|mouse|Srsf11|ENSMUSG00000055436|3|157687087|157687195|-|utr	113	56	29	69
mammal|mouse|Ssbp2|ENSMUSG00000003992|13|91781907|91781996|+|deep_dn	360	139	349	471
mammal|mouse|Ssbp2|ENSMUSG00000003992|13|91781907|91781996|+|deep_up	264	131	257	1108
mammal|mouse|Ssbp2|ENSMUSG00000003992|13|91781907|91781996|+|dn_3intron	335	130	24	79
mammal|mouse|Ssbp2|ENSMUSG00000003992|13|91781907|91781996|+|dn_5intron	269	199	563	390
mammal|mouse|Ssbp2|ENSMUSG00000003992|13|91781907|91781996|+|dn_exon	1155	188	173	267
mammal|mouse|Ssbp2|ENSMUSG00000003992|13|91781907|91781996|+|exon	422	147	101	108
mammal|mouse|Ssbp2|ENSMUSG00000003992|13|91781907|91781996|+|up_3intron	479	163	62	134
mammal|mouse|Ssbp2|ENSMUSG00000003992|13|91781907|91781996|+|up_5intron	685	276	1304	3384
mammal|mouse|Ssbp2|ENSMUSG00000003992|13|91781907|91781996|+|up_exon	1175	357	512	2550
mammal|mouse|Ssbp3|ENSMUSG00000061887|4|106699822|106699902|+|dn_3intron	445	148	199	550
mammal|mouse|Ssbp3|ENSMUSG00000061887|4|106699822|106699902|+|dn_5intron	236	95	39	30
mammal|mouse|Ssbp3|ENSMUSG00000061887|4|106699822|106699902|+|dn_exon	384	118	26	146
mammal|mouse|Ssbp3|ENSMUSG00000061887|4|106699822|106699902|+|exon	582	35625	5554	277
mammal|mouse|Ssbp3|ENSMUSG00000061887|4|106699822|106699902|+|up_3intron	981	583	1606	2049
mammal|mouse|Ssbp3|ENSMUSG00000061887|4|106699822|106699902|+|up_5intron	79	358	713	16
mammal|mouse|Ssbp3|ENSMUSG00000061887|4|106699822|106699902|+|up_exon	1231	295	243	243
mammal|mouse|Ssbp3|ENSMUSG00000061887|4|106699822|106699902|+|utr	446	490	79	164
mammal|mouse|St7|ENSMUSG00000029534|6|17855707|17855842|+|dn_3intron	607	287	312	437
mammal|mouse|St7|ENSMUSG00000029534|6|17855707|17855842|+|dn_5intron	208	8942	5708	1128
mammal|mouse|St7|ENSMUSG00000029534|6|17855707|17855842|+|dn_exon	102	100	77	34
mammal|mouse|St7|ENSMUSG00000029534|6|17855707|17855842|+|exon	404	124	57	59
mammal|mouse|St7|ENSMUSG00000029534|6|17855707|17855842|+|up_5intron	585	121	21	243
mammal|mouse|Stag2|ENSMUSG00000025862|X|39619543|39619776|+|dn_3intron	1858	665	298	1854
mammal|mouse|Stag2|ENSMUSG00000025862|X|39619543|39619776|+|dn_5intron	164	10	7	16
mammal|mouse|Stag2|ENSMUSG00000025862|X|39619543|39619776|+|dn_exon	746	501	1425	291
mammal|mouse|Stag2|ENSMUSG00000025862|X|39619543|39619776|+|exon	442	1325	2103	1387
mammal|mouse|Stag2|ENSMUSG00000025862|X|39619543|39619776|+|up_5intron	239	47	62	98
mammal|mouse|Stag2|ENSMUSG00000025862|X|39619543|39619776|+|up_exon	346	132	136	258
mammal|mouse|Stag2|ENSMUSG00000025862|X|39619543|39619776|+|utr	350	63	75	349
mammal|mouse|Stard3|ENSMUSG00000018167|11|98236987|98237042|+|dn_3intron	828	282	190	306
mammal|mouse|Stard3|ENSMUSG00000018167|11|98236987|98237042|+|dn_5intron	212	98	78	94
mammal|mouse|Stard3|ENSMUSG00000018167|11|98236987|98237042|+|dn_exon	297	114	14	11
mammal|mouse|Stard3|ENSMUSG00000018167|11|98236987|98237042|+|exon	904	455	168	110
mammal|mouse|Stard3|ENSMUSG00000018167|11|98236987|98237042|+|up_5intron	697	335	246	367
mammal|mouse|Stard3|ENSMUSG00000018167|11|98236987|98237042|+|up_exon	976	518	280	210
mammal|mouse|Stim2|ENSMUSG00000039156|5|54501355|54501469|+|dn_3intron	584	50	86	182
mammal|mouse|Stim2|ENSMUSG00000039156|5|54501355|54501469|+|dn_exon	402	129	51	99
mammal|mouse|Stim2|ENSMUSG00000039156|5|54501355|54501469|+|up_3intron	713	151	86	126
mammal|mouse|Stim2|ENSMUSG00000039156|5|54501355|54501469|+|up_exon	294	86	18	17
mammal|mouse|Strn3|ENSMUSG00000020954|12|52734566|52734706|-|dn_3intron	774	205	51	48
mammal|mouse|Strn3|ENSMUSG00000020954|12|52734566|52734706|-|dn_5intron	624	402	979	1464
mammal|mouse|Strn3|ENSMUSG00000020954|12|52734566|52734706|-|dn_exon	344	92	65	119
mammal|mouse|Strn3|ENSMUSG00000020954|12|52744091|52744350|-|deep_dn	305	94	289	269
mammal|mouse|Strn3|ENSMUSG00000020954|12|52744091|52744350|-|deep_up	139	33	19	44
mammal|mouse|Strn3|ENSMUSG00000020954|12|52744091|52744350|-|up_3intron	211	40	63	335
mammal|mouse|Strn3|ENSMUSG00000020954|12|52744091|52744350|-|up_5intron	371	84	126	195
mammal|mouse|Strn3|ENSMUSG00000020954|12|52744091|52744350|-|up_exon	635	82	58	252
mammal|mouse|Strn3|ENSMUSG00000020954|12|52744091|52744350|-|utr	365	377	331	350
mammal|mouse|Stxbp5|ENSMUSG00000019790|10|9503986|9504033|-|dn_3intron	388	113	372	852
mammal|mouse|Stxbp5|ENSMUSG00000019790|10|9503986|9504033|-|dn_5intron	714	433	1604	1460
mammal|mouse|Stxbp5|ENSMUSG00000019790|10|9503986|9504033|-|dn_exon	453	131	210	970
mammal|mouse|Stxbp5|ENSMUSG00000019790|10|9503986|9504033|-|exon	109	32	11	6
mammal|mouse|Stxbp5|ENSMUSG00000019790|10|9503986|9504033|-|up_5intron	69	6	4	41
mammal|mouse|Syne1|ENSMUSG00000019769|10|5301089|5301275|+|dn_3intron	301	130	64	163
mammal|mouse|Syne1|ENSMUSG00000019769|10|5301089|5301275|+|dn_5intron	491	594	418	414
mammal|mouse|Syne1|ENSMUSG00000019769|10|5301089|5301275|+|dn_exon	132	83	6	16
mammal|mouse|Syne1|ENSMUSG00000019769|10|5301089|5301275|+|exon	431	98	49	102
mammal|mouse|Syne1|ENSMUSG00000019769|10|5301089|5301275|+|up_3intron	371	82	95	55
mammal|mouse|Syne1|ENSMUSG00000019769|10|5301089|5301275|+|up_5intron	403	137	43	68
mammal|mouse|Syne1|ENSMUSG00000019769|10|5301089|5301275|+|up_exon	438	308	47	70
mammal|mouse|Synj1|ENSMUSG00000022973|16|90948311|90948358|-|dn_3intron	2471	352	316	351
mammal|mouse|Synj1|ENSMUSG00000022973|16|90948311|90948358|-|dn_5intron	1193	575	663	2099
mammal|mouse|Synj1|ENSMUSG00000022973|16|90948311|90948358|-|dn_exon	355	156	68	144
mammal|mouse|Synj1|ENSMUSG00000022973|16|90948311|90948358|-|exon	723	183	225	916
mammal|mouse|Synj1|ENSMUSG00000022973|16|90948311|90948358|-|up_3intron	309	85	105	271
mammal|mouse|Synj1|ENSMUSG00000022973|16|90948311|90948358|-|up_5intron	746	167	374	1218
mammal|mouse|Synj1|ENSMUSG00000022973|16|90948311|90948358|-|up_exon	591	179	243	732
mammal|mouse|Synj2|ENSMUSG00000023805|17|6029009|6029834|+|dn_3intron	657	350	771	323
mammal|mouse|Synj2|ENSMUSG00000023805|17|6029009|6029834|+|dn_5intron	416	494	1063	1440
mammal|mouse|Synj2|ENSMUSG00000023805|17|6029009|6029834|+|dn_exon	257	112	29	59
mammal|mouse|Synj2|ENSMUSG00000023805|17|6029009|6029834|+|exon	538	131	181	265
mammal|mouse|Synj2|ENSMUSG00000023805|17|6029009|6029834|+|up_3intron	351	62	33	32
mammal|mouse|Synj2|ENSMUSG00000023805|17|6029009|6029834|+|up_5intron	414	146	68	329
mammal|mouse|Synj2|ENSMUSG00000023805|17|6029009|6029834|+|up_exon	233	100	43	20
mammal|mouse|Tanc2|ENSMUSG00000053580|11|105781265|105781365|+|dn_3intron	426	167	56	104
mammal|mouse|Tanc2|ENSMUSG00000053580|11|105781265|105781365|+|dn_5intron	369	167	262	194
mammal|mouse|Tanc2|ENSMUSG00000053580|11|105781265|105781365|+|dn_exon	145	43	39	10
mammal|mouse|Tanc2|ENSMUSG00000053580|11|105781265|105781365|+|exon	269	31	128	102
mammal|mouse|Tanc2|ENSMUSG00000053580|11|105781265|105781365|+|up_3intron	708	443	452	1038
mammal|mouse|Tanc2|ENSMUSG00000053580|11|105781265|105781365|+|up_5intron	168	40	49	26
mammal|mouse|Tanc2|ENSMUSG00000053580|11|105781265|105781365|+|up_exon	761	251	150	68
mammal|mouse|Tbc1d1|ENSMUSG00000029174|5|64675206|64675364|+|dn_3intron	389	70	41	18
mammal|mouse|Tbc1d1|ENSMUSG00000029174|5|64675206|64675364|+|up_3intron	718	246	132	283
mammal|mouse|Tbc1d1|ENSMUSG00000029174|5|64675206|64675364|+|up_5intron	509	101	15	36
mammal|mouse|Tbc1d1|ENSMUSG00000029174|5|64675206|64675364|+|up_exon	688	180	163	86
mammal|mouse|Tbc1d1|ENSMUSG00000029174|5|64675929|64676048|+|dn_3intron	265	160	54	111
mammal|mouse|Tbc1d1|ENSMUSG00000029174|5|64675929|64676048|+|dn_5intron	525	157	148	141
mammal|mouse|Tbc1d1|ENSMUSG00000029174|5|64675929|64676048|+|dn_exon	485	135	12	24
mammal|mouse|Tbc1d1|ENSMUSG00000029174|5|64675929|64676048|+|exon	158	20	13	34
mammal|mouse|Tbc1d1|ENSMUSG00000029174|5|64675929|64676048|+|up_3intron	1248	225	238	1161
mammal|mouse|Tbc1d1|ENSMUSG00000029174|5|64675929|64676048|+|up_5intron	874	2492	2928	2783
mammal|mouse|Tbc1d23|ENSMUSG00000022749|16|57180414|57181649|-|dn_3intron	333	76	38	131
mammal|mouse|Tbc1d23|ENSMUSG00000022749|16|57180414|57181649|-|dn_5intron	828	194	144	185
mammal|mouse|Tbc1d23|ENSMUSG00000022749|16|57180414|57181649|-|dn_exon	68	85	91	166
mammal|mouse|Tbc1d23|ENSMUSG00000022749|16|57180414|57181649|-|exon	121	107	24	117
mammal|mouse|Tbc1d23|ENSMUSG00000022749|16|57180414|57181649|-|up_3intron	161	70	311	439
mammal|mouse|Tbc1d23|ENSMUSG00000022749|16|57180414|57181649|-|up_5intron	682	138	197	329
mammal|mouse|Tbc1d23|ENSMUSG00000022749|16|57180414|57181649|-|up_exon	269	58	59	50
mammal|mouse|Tbc1d9b|ENSMUSG00000036644|11|49977664|49980956|+|dn_3intron	319	73	131	556
mammal|mouse|Tbc1d9b|ENSMUSG00000036644|11|49977664|49980956|+|dn_5intron	666	121	10	17
mammal|mouse|Tbc1d9b|ENSMUSG00000036644|11|49977664|49980956|+|dn_exon	301	64	24	18
mammal|mouse|Tbc1d9b|ENSMUSG00000036644|11|49977664|49980956|+|up_3intron	486	583	691	484
mammal|mouse|Tbc1d9b|ENSMUSG00000036644|11|49977664|49980956|+|up_5intron	351	310	123	40
mammal|mouse|Tbc1d9b|ENSMUSG00000036644|11|49977664|49980956|+|up_exon	203	125	13	14
mammal|mouse|Tbx3|ENSMUSG00000018604|5|120125252|120125311|+|dn_3intron	570	138	40	27
mammal|mouse|Tbx3|ENSMUSG00000018604|5|120125252|120125311|+|dn_5intron	31	12	6	1
mammal|mouse|Tbx3|ENSMUSG00000018604|5|120125252|120125311|+|dn_exon	969	206	48	103
mammal|mouse|Tbx3|ENSMUSG00000018604|5|120125252|120125311|+|exon	321	6271	5880	624
mammal|mouse|Tbx3|ENSMUSG00000018604|5|120125252|120125311|+|up_3intron	559	100	82	148
mammal|mouse|Tbx3|ENSMUSG00000018604|5|120125252|120125311|+|up_5intron	294	341	1638	474
mammal|mouse|Tbx3|ENSMUSG00000018604|5|120125252|120125311|+|up_exon	77	57	144	22
mammal|mouse|Tcf7|ENSMUSG00000000782|11|52072355|52073558|-|dn_3intron	446	321	564	3420
mammal|mouse|Tcf7|ENSMUSG00000000782|11|52072355|52073558|-|dn_exon	70	2	109	50
mammal|mouse|Tcf7|ENSMUSG00000000782|11|52072355|52073558|-|exon	949	140	131	250
mammal|mouse|Tcf7|ENSMUSG00000000782|11|52072355|52073558|-|up_3intron	1531	601	558	1222
mammal|mouse|Tcf7|ENSMUSG00000000782|11|52072355|52073558|-|up_5intron	439	206	68	190
mammal|mouse|Tcf7|ENSMUSG00000000782|11|52072355|52073558|-|up_exon	941	341	117	122
mammal|mouse|Tfg|ENSMUSG00000022757|16|56691989|56693340|-|dn_3intron	104	10	1	6
mammal|mouse|Tfg|ENSMUSG00000022757|16|56691989|56693340|-|dn_5intron	400	110	187	936
mammal|mouse|Tfg|ENSMUSG00000022757|16|56691989|56693340|-|dn_exon	235	12	13	1
mammal|mouse|Tfg|ENSMUSG00000022757|16|56691989|56693340|-|exon	418	145	419	331
mammal|mouse|Tfg|ENSMUSG00000022757|16|56691989|56693340|-|up_3intron	456	155	157	220
mammal|mouse|Tfg|ENSMUSG00000022757|16|56691989|56693340|-|up_5intron	640	202	165	496
mammal|mouse|Tfg|ENSMUSG00000022757|16|56691989|56693340|-|up_exon	160	160	47	4
mammal|mouse|Tia1|ENSMUSG00000071337|6|86369199|86369806|+|dn_3intron	500	186	252	847
mammal|mouse|Tia1|ENSMUSG00000071337|6|86369199|86369806|+|dn_5intron	514	97	122	208
mammal|mouse|Tia1|ENSMUSG00000071337|6|86369199|86369806|+|dn_exon	874	373	1190	4895
mammal|mouse|Tia1|ENSMUSG00000071337|6|86369199|86369806|+|exon	371	199	74	59
mammal|mouse|Tia1|ENSMUSG00000071337|6|86369199|86369806|+|up_exon	308	57	35	39
mammal|mouse|Tm6sf1|ENSMUSG00000038623|7|89018618|89018722|+|dn_3intron	155	38	14	28
mammal|mouse|Tm6sf1|ENSMUSG00000038623|7|89018618|89018722|+|dn_5intron	121	145	309	273
mammal|mouse|Tm6sf1|ENSMUSG00000038623|7|89018618|89018722|+|dn_exon	495	181	18	102
mammal|mouse|Tm6sf1|ENSMUSG00000038623|7|89018618|89018722|+|exon	922	214	157	662
mammal|mouse|Tm6sf1|ENSMUSG00000038623|7|89018618|89018722|+|up_3intron	761	232	69	47
mammal|mouse|Tm6sf1|ENSMUSG00000038623|7|89018618|89018722|+|up_5intron	340	113	33	53
mammal|mouse|Tm6sf1|ENSMUSG00000038623|7|89018618|89018722|+|up_exon	86	65	239	423
mammal|mouse|Tmem192|ENSMUSG00000025521|8|67488062|67488231|+|dn_3intron	994	381	325	280
mammal|mouse|Tmem192|ENSMUSG00000025521|8|67488062|67488231|+|dn_5intron	982	388	184	302
mammal|mouse|Tmem192|ENSMUSG00000025521|8|67488062|67488231|+|dn_exon	395	160	22	44
mammal|mouse|Tmem192|ENSMUSG00000025521|8|67488062|67488231|+|up_3intron	98	44	104	98
mammal|mouse|Tmem192|ENSMUSG00000025521|8|67488062|67488231|+|up_5intron	1401	473	127	244
mammal|mouse|Tmem192|ENSMUSG00000025521|8|67488062|67488231|+|up_exon	105	91	181	149
mammal|mouse|Tmem63b|ENSMUSG00000036026|17|45815912|45815950|-|dn_3intron	240	174	62	11
mammal|mouse|Tmem63b|ENSMUSG00000036026|17|45815912|45815950|-|dn_5intron	237	1092	747	624
mammal|mouse|Tmem63b|ENSMUSG00000036026|17|45815912|45815950|-|dn_exon	119	115	23	27
mammal|mouse|Tmem63b|ENSMUSG00000036026|17|45815912|45815950|-|exon	298	98	18	18
mammal|mouse|Tmem63b|ENSMUSG00000036026|17|45815912|45815950|-|up_3intron	1702	728	178	296
mammal|mouse|Tmem63b|ENSMUSG00000036026|17|45815912|45815950|-|up_5intron	505	269	21	11
mammal|mouse|Tmem63b|ENSMUSG00000036026|17|45815912|45815950|-|up_exon	294	83	146	43
mammal|mouse|Tnc|ENSMUSG00000028364|4|63654061|63654333|-|deep_dn	107	87	8	49
mammal|mouse|Tnc|ENSMUSG00000028364|4|63654061|63654333|-|deep_up	162	114	64	107
mammal|mouse|Tnc|ENSMUSG00000028364|4|63654061|63654333|-|dn_3intron	3064	549	728	1144
mammal|mouse|Tnc|ENSMUSG00000028364|4|63654061|63654333|-|dn_5intron	190	158	49	77
mammal|mouse|Tnc|ENSMUSG00000028364|4|63654061|63654333|-|dn_exon	356	142	50	18
mammal|mouse|Tnc|ENSMUSG00000028364|4|63654061|63654333|-|exon	580	64	30	33
mammal|mouse|Tnc|ENSMUSG00000028364|4|63654061|63654333|-|up_3intron	441	469	675	573
mammal|mouse|Tnc|ENSMUSG00000028364|4|63654061|63654333|-|up_5intron	907	562	465	2144
mammal|mouse|Tnc|ENSMUSG00000028364|4|63654061|63654333|-|up_exon	578	115	27	52
mammal|mouse|Tnik|ENSMUSG00000027692|3|28524121|28524144|+|deep_dn	464	135	81	117
mammal|mouse|Tnik|ENSMUSG00000027692|3|28524121|28524144|+|deep_up	180	54	94	91
mammal|mouse|Tnik|ENSMUSG00000027692|3|28524121|28524144|+|dn_5intron	741	131	184	276
mammal|mouse|Tnik|ENSMUSG00000027692|3|28524121|28524144|+|dn_exon	103	44	115	308
mammal|mouse|Tnik|ENSMUSG00000027692|3|28524121|28524144|+|exon	439	105	153	263
mammal|mouse|Tnik|ENSMUSG00000027692|3|28524121|28524144|+|up_3intron	1052	356	1689	4161
mammal|mouse|Tnik|ENSMUSG00000027692|3|28524121|28524144|+|up_5intron	415	41	83	105
mammal|mouse|Tnik|ENSMUSG00000027692|3|28524121|28524144|+|up_exon	209	65	3	11
mammal|mouse|Tnik|ENSMUSG00000027692|3|28524121|28524144|+|utr	500	215	531	425
mammal|mouse|Tnnt3|ENSMUSG00000061723|7|149691421|149691435|+|dn_3intron	302	199	211	68
mammal|mouse|Tnnt3|ENSMUSG00000061723|7|149691421|149691435|+|dn_5intron	297	222	151	63
mammal|mouse|Tnnt3|ENSMUSG00000061723|7|149691421|149691435|+|dn_exon	173	213	99	119
mammal|mouse|Tnnt3|ENSMUSG00000061723|7|149691421|149691435|+|exon	225	252	141	27
mammal|mouse|Tnnt3|ENSMUSG00000061723|7|149691421|149691435|+|up_3intron	675	580	503	851
mammal|mouse|Tnnt3|ENSMUSG00000061723|7|149691421|149691435|+|up_5intron	130	63	27	95
mammal|mouse|Tnnt3|ENSMUSG00000061723|7|149699331|149699610|+|up_3intron	476	198	183	162
mammal|mouse|Tnnt3|ENSMUSG00000061723|7|149699331|149699610|+|up_5intron	699	246	131	286
mammal|mouse|Tnnt3|ENSMUSG00000061723|7|149699331|149699610|+|up_exon	332	94	253	176
mammal|mouse|Tnnt3|ENSMUSG00000061723|7|149700231|149700271|+|dn_3intron	896	139	130	241
mammal|mouse|Tnnt3|ENSMUSG00000061723|7|149700231|149700271|+|dn_5intron	564	182	102	65
mammal|mouse|Tnnt3|ENSMUSG00000061723|7|149700231|149700271|+|dn_exon	347	261	41	76
mammal|mouse|Tnrc6a|ENSMUSG00000052707|7|130323763|130323909|+|dn_3intron	734	103	181	496
mammal|mouse|Tnrc6a|ENSMUSG00000052707|7|130323763|130323909|+|dn_exon	374	225	137	517
mammal|mouse|Tnrc6a|ENSMUSG00000052707|7|130323763|130323909|+|exon	262	110	163	389
mammal|mouse|Tnrc6a|ENSMUSG00000052707|7|130323763|130323909|+|up_3intron	823	481	1626	5386
mammal|mouse|Tnrc6a|ENSMUSG00000052707|7|130323763|130323909|+|up_exon	566	147	170	56
mammal|mouse|Tpd52|ENSMUSG00000027506|3|8936439|8936480|-|dn_3intron	1091	314	784	720
mammal|mouse|Tpd52|ENSMUSG00000027506|3|8936439|8936480|-|dn_5intron	20	242	2771	89
mammal|mouse|Tpd52|ENSMUSG00000027506|3|8936439|8936480|-|dn_exon	1106	396	3088	5776
mammal|mouse|Tpd52|ENSMUSG00000027506|3|8936439|8936480|-|exon	1387	1009	2116	5915
mammal|mouse|Tpd52|ENSMUSG00000027506|3|8936439|8936480|-|up_3intron	605	148	147	130
mammal|mouse|Tpd52|ENSMUSG00000027506|3|8936439|8936480|-|up_5intron	595	132	97	151
mammal|mouse|Tpd52|ENSMUSG00000027506|3|8936439|8936480|-|utr	470	34	73	140
mammal|mouse|Tpd52|ENSMUSG00000027506|3|8942799|8943577|-|dn_3intron	28	30	36	22
mammal|mouse|Tpd52|ENSMUSG00000027506|3|8942799|8943577|-|dn_5intron	152	1179	4135	1042
mammal|mouse|Tpd52|ENSMUSG00000027506|3|8942799|8943577|-|exon	385	102	80	323
mammal|mouse|Tpd52|ENSMUSG00000027506|3|8942799|8943577|-|up_3intron	459	134	116	141
mammal|mouse|Tpd52|ENSMUSG00000027506|3|8942799|8943577|-|up_5intron	835	194	80	153
mammal|mouse|Tpd52|ENSMUSG00000027506|3|8942799|8943577|-|up_exon	232	41	65	128
mammal|mouse|Trappc9|ENSMUSG00000047921|15|72872607|72872633|-|dn_3intron	134	14	12	16
mammal|mouse|Trappc9|ENSMUSG00000047921|15|72872607|72872633|-|dn_5intron	548	667	12173	4702
mammal|mouse|Trappc9|ENSMUSG00000047921|15|72872607|72872633|-|dn_exon	327	147	84	123
mammal|mouse|Trappc9|ENSMUSG00000047921|15|72872607|72872633|-|exon	302	95	63	580
mammal|mouse|Trappc9|ENSMUSG00000047921|15|72872607|72872633|-|up_3intron	391	179	1022	1357
mammal|mouse|Trappc9|ENSMUSG00000047921|15|72872607|72872633|-|up_5intron	946	239	81	123
mammal|mouse|Trappc9|ENSMUSG00000047921|15|72872607|72872633|-|up_exon	260	59	22	14
mammal|mouse|Trim33|ENSMUSG00000033014|3|103157473|103157540|+|dn_3intron	699	357	1968	1253
mammal|mouse|Trim33|ENSMUSG00000033014|3|103157473|103157540|+|dn_5intron	572	98	125	185
mammal|mouse|Trim33|ENSMUSG00000033014|3|103157473|103157540|+|dn_exon	145	97	88	54
mammal|mouse|Trim33|ENSMUSG00000033014|3|103157473|103157540|+|up_3intron	624	180	163	2505
mammal|mouse|Trim33|ENSMUSG00000033014|3|103157473|103157540|+|up_5intron	800	174	15	43
mammal|mouse|Trim33|ENSMUSG00000033014|3|103157473|103157540|+|up_exon	16	131	136	107
mammal|mouse|Tsc2|ENSMUSG00000002496|17|24743169|24744374|-|dn_3intron	255	197	109	135
mammal|mouse|Tsc2|ENSMUSG00000002496|17|24743169|24744374|-|dn_5intron	106	1575	1681	41
mammal|mouse|Tsc2|ENSMUSG00000002496|17|24743169|24744374|-|dn_exon	988	407	151	256
mammal|mouse|Tsc2|ENSMUSG00000002496|17|24743169|24744374|-|exon	302	188	106	39
mammal|mouse|Tsc2|ENSMUSG00000002496|17|24743169|24744374|-|up_5intron	493	171	386	206
mammal|mouse|Tsc2|ENSMUSG00000002496|17|24743169|24744374|-|up_exon	339	113	50	30
mammal|mouse|Ubap2l|ENSMUSG00000042520|3|89835218|89835295|-|dn_3intron	248	81	98	70
mammal|mouse|Ubap2l|ENSMUSG00000042520|3|89835218|89835295|-|dn_5intron	120	4	41	188
mammal|mouse|Ubap2l|ENSMUSG00000042520|3|89835218|89835295|-|dn_exon	257	120	352	346
mammal|mouse|Ubap2l|ENSMUSG00000042520|3|89835218|89835295|-|exon	375	116	39	44
mammal|mouse|Ubap2l|ENSMUSG00000042520|3|89835218|89835295|-|up_3intron	108	11	9	17
mammal|mouse|Ubap2l|ENSMUSG00000042520|3|89835218|89835295|-|up_5intron	273	90	257	204
mammal|mouse|Ubap2l|ENSMUSG00000042520|3|89835218|89835295|-|up_exon	321	80	53	56
mammal|mouse|Ube4b|ENSMUSG00000028960|4|148754143|148754880|-|dn_3intron	1099	739	367	1689
mammal|mouse|Ube4b|ENSMUSG00000028960|4|148754143|148754880|-|dn_5intron	223	124	429	302
mammal|mouse|Ube4b|ENSMUSG00000028960|4|148754143|148754880|-|dn_exon	1266	436	879	428
mammal|mouse|Ube4b|ENSMUSG00000028960|4|148754143|148754880|-|up_3intron	182	56	102	396
mammal|mouse|Ube4b|ENSMUSG00000028960|4|148754143|148754880|-|up_5intron	220	22	86	37
mammal|mouse|Ube4b|ENSMUSG00000028960|4|148754143|148754880|-|up_exon	465	257	4	32
mammal|mouse|Ubp1|ENSMUSG00000009741|9|113868494|113868601|+|dn_3intron	2495	382	591	2285
mammal|mouse|Ubp1|ENSMUSG00000009741|9|113868494|113868601|+|dn_5intron	567	267	160	338
mammal|mouse|Ubp1|ENSMUSG00000009741|9|113868494|113868601|+|dn_exon	620	140	181	308
mammal|mouse|Ubp1|ENSMUSG00000009741|9|113868494|113868601|+|exon	208	108	359	257
mammal|mouse|Ubp1|ENSMUSG00000009741|9|113868494|113868601|+|up_3intron	265	56	119	323
mammal|mouse|Ubp1|ENSMUSG00000009741|9|113868494|113868601|+|up_5intron	228	38	34	48
mammal|mouse|Ubp1|ENSMUSG00000009741|9|113868494|113868601|+|up_exon	179	27	10	15
mammal|mouse|Ubr2|ENSMUSG00000023977|17|47117265|47117367|-|dn_3intron	263	104	102	291
mammal|mouse|Ubr2|ENSMUSG00000023977|17|47117265|47117367|-|dn_5intron	35	67	74	89
mammal|mouse|Ubr2|ENSMUSG00000023977|17|47117265|47117367|-|dn_exon	343	128	59	47
mammal|mouse|Ubr2|ENSMUSG00000023977|17|47117438|47118058|-|up_5intron	476	108	103	242
mammal|mouse|Ubr2|ENSMUSG00000023977|17|47117438|47118058|-|up_exon	462	99	32	42
mammal|mouse|Uckl1|ENSMUSG00000089917|2|181305943|181305962|-|dn_3intron	639	283	810	829
mammal|mouse|Uckl1|ENSMUSG00000089917|2|181305943|181305962|-|dn_5intron	1347	530	365	1640
mammal|mouse|Uckl1|ENSMUSG00000089917|2|181305943|181305962|-|dn_exon	134	176	105	91
mammal|mouse|Uckl1|ENSMUSG00000089917|2|181305943|181305962|-|exon	464	195	277	347
mammal|mouse|Uckl1|ENSMUSG00000089917|2|181305943|181305962|-|up_3intron	703	462	365	963
mammal|mouse|Uckl1|ENSMUSG00000089917|2|181305943|181305962|-|up_5intron	151	72	10	46
mammal|mouse|Uckl1|ENSMUSG00000089917|2|181305943|181305962|-|up_exon	122	104	39	8
mammal|mouse|Uggt1|ENSMUSG00000037470|1|36233621|36233677|-|dn_3intron	489	235	602	784
mammal|mouse|Uggt1|ENSMUSG00000037470|1|36233621|36233677|-|dn_5intron	1296	240	102	25
mammal|mouse|Uggt1|ENSMUSG00000037470|1|36233621|36233677|-|dn_exon	1530	52480	60622	5759
mammal|mouse|Uggt1|ENSMUSG00000037470|1|36233621|36233677|-|up_3intron	160	340	218	360
mammal|mouse|Uggt1|ENSMUSG00000037470|1|36233621|36233677|-|up_5intron	53	21	17	56
mammal|mouse|Uggt1|ENSMUSG00000037470|1|36233621|36233677|-|up_exon	875	250	25	76
mammal|mouse|Uggt1|ENSMUSG00000037470|1|36233621|36233677|-|utr	190	65	54	23
mammal|mouse|Unc13b|ENSMUSG00000028456|4|43273865|43273921|+|dn_3intron	46	26	27	9
mammal|mouse|Unc13b|ENSMUSG00000028456|4|43273865|43273921|+|dn_5intron	97	180	56	83
mammal|mouse|Unc13b|ENSMUSG00000028456|4|43273865|43273921|+|dn_exon	970	441	193	299
mammal|mouse|Unc13b|ENSMUSG00000028456|4|43273865|43273921|+|exon	749	224	601	725
mammal|mouse|Unc13b|ENSMUSG00000028456|4|43273865|43273921|+|up_3intron	441	534	1279	553
mammal|mouse|Unc13b|ENSMUSG00000028456|4|43273865|43273921|+|up_5intron	330	123	58	65
mammal|mouse|Unc13b|ENSMUSG00000028456|4|43273865|43273921|+|up_exon	413	352	24	61
mammal|mouse|Uqcc|ENSMUSG00000005882|2|155732430|155735671|-|up_3intron	142	32	67	173
mammal|mouse|Uqcc|ENSMUSG00000005882|2|155732430|155735671|-|up_5intron	223	79	54	172
mammal|mouse|Uqcc|ENSMUSG00000005882|2|155732430|155735671|-|up_exon	265	121	188	357
mammal|mouse|Uso1|ENSMUSG00000029407|5|92612508|92612528|+|dn_3intron	581	1048	4715	1517
mammal|mouse|Uso1|ENSMUSG00000029407|5|92612508|92612528|+|dn_5intron	754	415	227	990
mammal|mouse|Uso1|ENSMUSG00000029407|5|92612508|92612528|+|dn_exon	1089	321	82	84
mammal|mouse|Uso1|ENSMUSG00000029407|5|92612508|92612528|+|exon	900	192	141	144
mammal|mouse|Uso1|ENSMUSG00000029407|5|92612508|92612528|+|up_3intron	322	83	67	138
mammal|mouse|Uso1|ENSMUSG00000029407|5|92612508|92612528|+|up_5intron	293	62	48	35
mammal|mouse|Uso1|ENSMUSG00000029407|5|92612508|92612528|+|up_exon	183	160	14	5
mammal|mouse|Usp25|ENSMUSG00000022867|16|77097894|77098007|+|up_3intron	378	111	96	346
mammal|mouse|Usp25|ENSMUSG00000022867|16|77097894|77098007|+|up_5intron	223	69	322	475
mammal|mouse|Usp25|ENSMUSG00000022867|16|77097894|77098007|+|up_exon	356	82	58	30
mammal|mouse|Usp25|ENSMUSG00000022867|16|77099896|77099991|+|dn_3intron	317	77	7	33
mammal|mouse|Usp25|ENSMUSG00000022867|16|77099896|77099991|+|dn_5intron	526	148	327	1230
mammal|mouse|Usp25|ENSMUSG00000022867|16|77099896|77099991|+|dn_exon	496	297	87	375
mammal|mouse|Usp28|ENSMUSG00000032267|9|48841002|48841777|+|dn_3intron	339	159	176	257
mammal|mouse|Usp28|ENSMUSG00000032267|9|48841002|48841777|+|dn_5intron	641	312	1063	756
mammal|mouse|Usp28|ENSMUSG00000032267|9|48841002|48841777|+|dn_exon	746	346	54	218
mammal|mouse|Usp28|ENSMUSG00000032267|9|48841002|48841777|+|exon	496	152	176	753
mammal|mouse|Usp28|ENSMUSG00000032267|9|48841002|48841777|+|up_3intron	2136	2129	6836	3799
mammal|mouse|Usp28|ENSMUSG00000032267|9|48841002|48841777|+|up_exon	601	77	120	212
mammal|mouse|Usp48|ENSMUSG00000043411|4|137195112|137195225|+|dn_3intron	699	97	85	44
mammal|mouse|Usp48|ENSMUSG00000043411|4|137195112|137195225|+|dn_5intron	526	589	479	803
mammal|mouse|Usp48|ENSMUSG00000043411|4|137195112|137195225|+|dn_exon	234	148	252	175
mammal|mouse|Usp48|ENSMUSG00000043411|4|137195112|137195225|+|exon	130	98	359	77
mammal|mouse|Usp48|ENSMUSG00000043411|4|137195112|137195225|+|up_3intron	69	35	16	60
mammal|mouse|Usp48|ENSMUSG00000043411|4|137195112|137195225|+|up_5intron	146	60	48	68
mammal|mouse|Usp48|ENSMUSG00000043411|4|137195112|137195225|+|up_exon	141	16	11	6
mammal|mouse|Usp4|ENSMUSG00000032612|9|108268161|108268301|+|dn_3intron	894	227	313	501
mammal|mouse|Usp4|ENSMUSG00000032612|9|108268161|108268301|+|dn_5intron	639	100	157	196
mammal|mouse|Usp4|ENSMUSG00000032612|9|108268161|108268301|+|dn_exon	441	234	250	673
mammal|mouse|Usp4|ENSMUSG00000032612|9|108268161|108268301|+|exon	430	150	51	143
mammal|mouse|Usp4|ENSMUSG00000032612|9|108268161|108268301|+|up_3intron	272	148	93	159
mammal|mouse|Usp4|ENSMUSG00000032612|9|108268161|108268301|+|up_5intron	446	183	188	44
mammal|mouse|Usp4|ENSMUSG00000032612|9|108268161|108268301|+|up_exon	434	223	88	138
mammal|mouse|Usp54|ENSMUSG00000034235|14|21400679|21401115|-|dn_3intron	155	39	43	30
mammal|mouse|Usp54|ENSMUSG00000034235|14|21400679|21401115|-|dn_5intron	187	22	17	42
mammal|mouse|Usp54|ENSMUSG00000034235|14|21400679|21401115|-|dn_exon	644	214	417	489
mammal|mouse|Usp54|ENSMUSG00000034235|14|21400679|21401115|-|exon	566	872	6382	2566
mammal|mouse|Usp54|ENSMUSG00000034235|14|21400679|21401115|-|up_3intron	537	258	452	641
mammal|mouse|Usp54|ENSMUSG00000034235|14|21400679|21401115|-|up_5intron	123	18	39	78
mammal|mouse|Usp54|ENSMUSG00000034235|14|21400679|21401115|-|up_exon	825	250	156	443
mammal|mouse|Vav2|ENSMUSG00000009621|2|27140359|27140373|-|dn_3intron	492	207	207	450
mammal|mouse|Vav2|ENSMUSG00000009621|2|27140359|27140373|-|dn_5intron	265	261	98	27
mammal|mouse|Vav2|ENSMUSG00000009621|2|27140359|27140373|-|dn_exon	496	154	31	34
mammal|mouse|Vav2|ENSMUSG00000009621|2|27140359|27140373|-|exon	722	355	231	401
mammal|mouse|Vav2|ENSMUSG00000009621|2|27140359|27140373|-|up_3intron	740	287	93	104
mammal|mouse|Vav2|ENSMUSG00000009621|2|27140359|27140373|-|up_5intron	468	138	46	16
mammal|mouse|Vav2|ENSMUSG00000009621|2|27140359|27140373|-|up_exon	529	73	76	82
mammal|mouse|Vegfa|ENSMUSG00000023951|17|46157003|46158072|-|dn_3intron	587	116	72	78
mammal|mouse|Vegfa|ENSMUSG00000023951|17|46157003|46158072|-|dn_exon	75	205	60	83
mammal|mouse|Vegfa|ENSMUSG00000023951|17|46157003|46158072|-|exon	954	241	180	520
mammal|mouse|Vegfa|ENSMUSG00000023951|17|46157003|46158072|-|up_3intron	376	169464	9424	821
mammal|mouse|Vegfa|ENSMUSG00000023951|17|46157003|46158072|-|up_5intron	382	293	90	36
mammal|mouse|Vegfa|ENSMUSG00000023951|17|46157003|46158072|-|up_exon	107	59	334	96
mammal|mouse|Wdfy3|ENSMUSG00000043940|5|102307025|102307078|-|dn_3intron	370	53	32	49
mammal|mouse|Wdfy3|ENSMUSG00000043940|5|102307025|102307078|-|dn_5intron	337	188	249	526
mammal|mouse|Wdfy3|ENSMUSG00000043940|5|102307025|102307078|-|dn_exon	202	77	10	47
mammal|mouse|Wdfy3|ENSMUSG00000043940|5|102307025|102307078|-|exon	288	88	119	176
mammal|mouse|Wdfy3|ENSMUSG00000043940|5|102307025|102307078|-|up_3intron	786	225	1515	6078
mammal|mouse|Wdfy3|ENSMUSG00000043940|5|102307025|102307078|-|up_5intron	625	303	336	340
mammal|mouse|Wdfy3|ENSMUSG00000043940|5|102307025|102307078|-|up_exon	286	155	155	62
mammal|mouse|Wnk4|ENSMUSG00000035112|11|101137997|101138239|+|dn_5intron	818	199	658	1012
mammal|mouse|Wnk4|ENSMUSG00000035112|11|101137997|101138239|+|dn_exon	299	192	8	10
mammal|mouse|Wnk4|ENSMUSG00000035112|11|101137997|101138239|+|exon	14	215	75	6
mammal|mouse|Wnk4|ENSMUSG00000035112|11|101137997|101138239|+|up_3intron	39	42	13	20
mammal|mouse|Zc3h14|ENSMUSG00000021012|12|100017279|100017487|+|dn_3intron	162	132	142	81
mammal|mouse|Zc3h14|ENSMUSG00000021012|12|100017279|100017487|+|dn_5intron	2157	1465	5575	5068
mammal|mouse|Zc3h14|ENSMUSG00000021012|12|100017279|100017487|+|dn_exon	436	89	9	68
mammal|mouse|Zc3h14|ENSMUSG00000021012|12|100017279|100017487|+|exon	292	65	22	33
mammal|mouse|Zc3h14|ENSMUSG00000021012|12|100017279|100017487|+|up_3intron	125	4	10	2
mammal|mouse|Zc3h14|ENSMUSG00000021012|12|100017279|100017487|+|up_5intron	430	230	131	207
mammal|mouse|Zc3h14|ENSMUSG00000021012|12|100017279|100017487|+|up_exon	583	621	2875	3160
mammal|mouse|Zc3h18|ENSMUSG00000017478|8|124927051|124927319|+|dn_3intron	721	318	100	67
mammal|mouse|Zc3h18|ENSMUSG00000017478|8|124927051|124927319|+|dn_5intron	1233	215	132	232
mammal|mouse|Zc3h18|ENSMUSG00000017478|8|124927051|124927319|+|dn_exon	279	40	24	15
mammal|mouse|Zc3h18|ENSMUSG00000017478|8|124927051|124927319|+|exon	11	4	1	4
mammal|mouse|Zc3h18|ENSMUSG00000017478|8|124927051|124927319|+|up_3intron	623	1606	7960	482
mammal|mouse|Zc3h18|ENSMUSG00000017478|8|124927051|124927319|+|up_5intron	1132	195	66	77
mammal|mouse|Zc3h18|ENSMUSG00000017478|8|124927051|124927319|+|up_exon	311	73	152	434
mammal|mouse|Zcchc8|ENSMUSG00000029427|5|124152905|124153088|-|dn_3intron	876	217	40	97
mammal|mouse|Zcchc8|ENSMUSG00000029427|5|124152905|124153088|-|dn_5intron	644	111	39	156
mammal|mouse|Zcchc8|ENSMUSG00000029427|5|124152905|124153088|-|dn_exon	213	56	55	28
mammal|mouse|Zcchc8|ENSMUSG00000029427|5|124152905|124153088|-|exon	529	184	85	151
mammal|mouse|Zcchc8|ENSMUSG00000029427|5|124152905|124153088|-|up_3intron	282	45	5	39
mammal|mouse|Zcchc8|ENSMUSG00000029427|5|124152905|124153088|-|up_5intron	494	64	92	200
mammal|mouse|Zcchc8|ENSMUSG00000029427|5|124152905|124153088|-|up_exon	363	95	36	29
mammal|mouse|Zdhhc17|ENSMUSG00000035798|10|110399353|110399494|-|dn_3intron	201	26	37	167
mammal|mouse|Zdhhc17|ENSMUSG00000035798|10|110399353|110399494|-|dn_5intron	554	84	115	128
mammal|mouse|Zdhhc17|ENSMUSG00000035798|10|110399353|110399494|-|dn_exon	181	41	76	51
mammal|mouse|Zdhhc17|ENSMUSG00000035798|10|110399353|110399494|-|exon	265	97	218	146
mammal|mouse|Zdhhc17|ENSMUSG00000035798|10|110399353|110399494|-|up_3intron	93	35	58	209
mammal|mouse|Zdhhc17|ENSMUSG00000035798|10|110399353|110399494|-|up_5intron	155	63	255	180
mammal|mouse|Zdhhc17|ENSMUSG00000035798|10|110399353|110399494|-|up_exon	339	127	86	100
mammal|mouse|Zfp207|ENSMUSG00000017421|11|80203220|80203323|+|dn_3intron	758	607	13065	1014
mammal|mouse|Zfp207|ENSMUSG00000017421|11|80203220|80203323|+|dn_5intron	333	120	168	408
mammal|mouse|Zfp207|ENSMUSG00000017421|11|80203220|80203323|+|dn_exon	463	141	336	327
mammal|mouse|Zfp207|ENSMUSG00000017421|11|80203220|80203323|+|exon	361	52	70	100
mammal|mouse|Zfp207|ENSMUSG00000017421|11|80203220|80203323|+|up_3intron	597	127	201	384
mammal|mouse|Zfp207|ENSMUSG00000017421|11|80203220|80203323|+|up_5intron	143	145	390	143
mammal|mouse|Zfp207|ENSMUSG00000017421|11|80203220|80203323|+|up_exon	795	267	158	206
mammal|mouse|Zfp318|ENSMUSG00000015597|17|46546471|46546739|+|up_5intron	537	163	74	211
mammal|mouse|Zfp318|ENSMUSG00000015597|17|46546471|46546739|+|up_exon	408	221	23	41
mammal|mouse|Zfp318|ENSMUSG00000015597|17|46547097|46547344|+|dn_3intron	769	98	80	159
mammal|mouse|Zfp318|ENSMUSG00000015597|17|46547097|46547344|+|dn_5intron	478	127	19	18
mammal|mouse|Zfp318|ENSMUSG00000015597|17|46547097|46547344|+|dn_exon	108	6	12	10
mammal|mouse|Zfp598|ENSMUSG00000041130|17|24817569|24817743|+|up_3intron	577	306	392	79
mammal|mouse|Zfp598|ENSMUSG00000041130|17|24817569|24817743|+|up_5intron	443	89	62	47
mammal|mouse|Zfp598|ENSMUSG00000041130|17|24817569|24817743|+|up_exon	66	26	6	6
mammal|mouse|Zfp598|ENSMUSG00000041130|17|24817826|24817976|+|dn_5intron	113	73	56	68
mammal|mouse|Zfp598|ENSMUSG00000041130|17|24817826|24817976|+|dn_exon	175	148	41	4
mammal|mouse|Zfyve27|ENSMUSG00000018820|19|42258865|42260130|+|dn_3intron	269	31785	4048	244
mammal|mouse|Zfyve27|ENSMUSG00000018820|19|42258865|42260130|+|dn_exon	476	151	254	339
mammal|mouse|Zfyve27|ENSMUSG00000018820|19|42258865|42260130|+|exon	1132	743	494	522
mammal|mouse|Zfyve27|ENSMUSG00000018820|19|42258865|42260130|+|up_3intron	833	229	454	536
mammal|mouse|Zfyve27|ENSMUSG00000018820|19|42258865|42260130|+|up_exon	435	122	69	65
mouse|mouse|1110004F10Rik|ENSMUSG00000030663|7|123245458|123245711|+|dn_3intron	476	88	107	591
mouse|mouse|1110004F10Rik|ENSMUSG00000030663|7|123245458|123245711|+|dn_5intron	128	10	78	178
mouse|mouse|1110004F10Rik|ENSMUSG00000030663|7|123245458|123245711|+|dn_exon	686	2565	3821	1324
mouse|mouse|1110004F10Rik|ENSMUSG00000030663|7|123245458|123245711|+|exon	149	68	165	921
mouse|mouse|1110004F10Rik|ENSMUSG00000030663|7|123245458|123245711|+|up_3intron	400	55	28	17
mouse|mouse|1110004F10Rik|ENSMUSG00000030663|7|123245458|123245711|+|up_5intron	314	157	749	1843
mouse|mouse|1110004F10Rik|ENSMUSG00000030663|7|123245458|123245711|+|up_exon	798	261	283	801
mouse|mouse|1200016B10Rik|ENSMUSG00000052748|1|153235750|153235898|-|deep_dn	213	48	17	79
mouse|mouse|1200016B10Rik|ENSMUSG00000052748|1|153235750|153235898|-|deep_up	200	224	93	234
mouse|mouse|1200016B10Rik|ENSMUSG00000052748|1|153235750|153235898|-|dn_3intron	568	65	65	411
mouse|mouse|1200016B10Rik|ENSMUSG00000052748|1|153235750|153235898|-|dn_5intron	189	19	4	46
mouse|mouse|1200016B10Rik|ENSMUSG00000052748|1|153235750|153235898|-|dn_exon	370	122	64	348
mouse|mouse|1200016B10Rik|ENSMUSG00000052748|1|153235750|153235898|-|exon	244	21	8	28
mouse|mouse|1200016B10Rik|ENSMUSG00000052748|1|153235750|153235898|-|up_3intron	604	233	237	609
mouse|mouse|1200016B10Rik|ENSMUSG00000052748|1|153235750|153235898|-|up_5intron	239	30	17	53
mouse|mouse|1200016B10Rik|ENSMUSG00000052748|1|153235750|153235898|-|up_exon	663	279	782	480
mouse|mouse|1500003O03Rik|ENSMUSG00000014077|2|119397348|119397786|+|deep_dn	614	106	114	137
mouse|mouse|1500003O03Rik|ENSMUSG00000014077|2|119397348|119397786|+|deep_up	2304	584	556	826
mouse|mouse|1500003O03Rik|ENSMUSG00000014077|2|119397348|119397786|+|dn_5intron	251	84	466	697
mouse|mouse|1500003O03Rik|ENSMUSG00000014077|2|119397348|119397786|+|dn_exon	333	104	75	127
mouse|mouse|1500003O03Rik|ENSMUSG00000014077|2|119397348|119397786|+|exon	146	58	26	4
mouse|mouse|1500003O03Rik|ENSMUSG00000014077|2|119397348|119397786|+|up_5intron	196	56	331	330
mouse|mouse|1500003O03Rik|ENSMUSG00000014077|2|119397348|119397786|+|up_exon	854	97	23	39
mouse|mouse|1700019E19Rik|ENSMUSG00000007867|12|87502402|87502503|+|dn_3intron	717	131	10	14
mouse|mouse|1700019E19Rik|ENSMUSG00000007867|12|87502402|87502503|+|dn_5intron	252	89	39	46
mouse|mouse|1700019E19Rik|ENSMUSG00000007867|12|87502402|87502503|+|dn_exon	489	694	2441	341
mouse|mouse|1700019E19Rik|ENSMUSG00000007867|12|87502402|87502503|+|exon	618	289	101	137
mouse|mouse|1700019E19Rik|ENSMUSG00000007867|12|87502402|87502503|+|up_3intron	201	138	82	75
mouse|mouse|1700019E19Rik|ENSMUSG00000007867|12|87502402|87502503|+|up_exon	876	378	92	226
mouse|mouse|1700021K19Rik|ENSMUSG00000035629|16|32824465|32824558|-|dn_3intron	209	66	98	27
mouse|mouse|1700021K19Rik|ENSMUSG00000035629|16|32824465|32824558|-|dn_5intron	945	378	256	222
mouse|mouse|1700021K19Rik|ENSMUSG00000035629|16|32824465|32824558|-|exon	628	165	144	257
mouse|mouse|1700021K19Rik|ENSMUSG00000035629|16|32824465|32824558|-|up_3intron	541	287	43	31
mouse|mouse|1700021K19Rik|ENSMUSG00000035629|16|32824465|32824558|-|up_5intron	430	157	206	54
mouse|mouse|1700021K19Rik|ENSMUSG00000035629|16|32824465|32824558|-|up_exon	262	78	42	11
mouse|mouse|2410091C18Rik|ENSMUSG00000024082|17|79342544|79342653|+|dn_3intron	510	147	115	218
mouse|mouse|2410091C18Rik|ENSMUSG00000024082|17|79342544|79342653|+|dn_5intron	995	489	1032	764
mouse|mouse|2410091C18Rik|ENSMUSG00000024082|17|79342544|79342653|+|dn_exon	422	84	306	807
mouse|mouse|2410091C18Rik|ENSMUSG00000024082|17|79342544|79342653|+|exon	888	237	591	2884
mouse|mouse|2410091C18Rik|ENSMUSG00000024082|17|79342544|79342653|+|up_3intron	515	112	214	164
mouse|mouse|2410091C18Rik|ENSMUSG00000024082|17|79342544|79342653|+|up_5intron	583	202	64	205
mouse|mouse|2410091C18Rik|ENSMUSG00000024082|17|79342544|79342653|+|up_exon	263	66	74	55
mouse|mouse|2410091C18Rik|ENSMUSG00000024082|17|79344281|79344424|+|dn_3intron	456	162	316	509
mouse|mouse|2410091C18Rik|ENSMUSG00000024082|17|79344281|79344424|+|dn_5intron	380	86	87	740
mouse|mouse|2410091C18Rik|ENSMUSG00000024082|17|79344281|79344424|+|dn_exon	370	61	69	115
mouse|mouse|2410091C18Rik|ENSMUSG00000024082|17|79344281|79344424|+|exon	149	206	125	120
mouse|mouse|2410091C18Rik|ENSMUSG00000024082|17|79344281|79344424|+|up_3intron	981	257	197	302
mouse|mouse|2410091C18Rik|ENSMUSG00000024082|17|79344281|79344424|+|up_exon	188	22	19	93
mouse|mouse|4930402H24Rik|ENSMUSG00000027309|2|130539133|130539239|-|dn_3intron	784	388	171	255
mouse|mouse|4930402H24Rik|ENSMUSG00000027309|2|130539133|130539239|-|dn_exon	872	294	44	59
mouse|mouse|4930402H24Rik|ENSMUSG00000027309|2|130539133|130539239|-|exon	490	344	233	542
mouse|mouse|4930402H24Rik|ENSMUSG00000027309|2|130539133|130539239|-|up_3intron	72	23	24	11
mouse|mouse|4930402H24Rik|ENSMUSG00000027309|2|130539133|130539239|-|up_5intron	27	42	123	32
mouse|mouse|4930402H24Rik|ENSMUSG00000027309|2|130539133|130539239|-|up_exon	54	7	6	5
mouse|mouse|6030458C11Rik|ENSMUSG00000022195|15|12753316|12753547|-|dn_3intron	229	71	16	112
mouse|mouse|6030458C11Rik|ENSMUSG00000022195|15|12753316|12753547|-|dn_5intron	1383	369	1779	2847
mouse|mouse|6030458C11Rik|ENSMUSG00000022195|15|12753316|12753547|-|dn_exon	296	75	19	19
mouse|mouse|6030458C11Rik|ENSMUSG00000022195|15|12753316|12753547|-|exon	559	234	552	1630
mouse|mouse|6030458C11Rik|ENSMUSG00000022195|15|12753316|12753547|-|up_3intron	16	5	3	8
mouse|mouse|6030458C11Rik|ENSMUSG00000022195|15|12753316|12753547|-|up_5intron	1363	497	228	234
mouse|mouse|6230409E13Rik|ENSMUSG00000028246|4|21885591|21885814|+|deep_dn	325	13	6	30
mouse|mouse|6230409E13Rik|ENSMUSG00000028246|4|21885591|21885814|+|deep_up	232	178	166	42
mouse|mouse|6230409E13Rik|ENSMUSG00000028246|4|21885591|21885814|+|dn_3intron	464	1209	2275	916
mouse|mouse|6230409E13Rik|ENSMUSG00000028246|4|21885591|21885814|+|dn_5intron	2990	16358	31315	4388
mouse|mouse|6230409E13Rik|ENSMUSG00000028246|4|21885591|21885814|+|dn_exon	423	121	64	32
mouse|mouse|6230409E13Rik|ENSMUSG00000028246|4|21885591|21885814|+|exon	361	41	9	11
mouse|mouse|6230409E13Rik|ENSMUSG00000028246|4|21885591|21885814|+|up_3intron	645	169	108	158
mouse|mouse|6230409E13Rik|ENSMUSG00000028246|4|21885591|21885814|+|up_5intron	260	102	81	61
mouse|mouse|6230409E13Rik|ENSMUSG00000028246|4|21885591|21885814|+|up_exon	141	20	7	7
mouse|mouse|9030617O03Rik|ENSMUSG00000021185|12|102097743|102097905|+|deep_dn	211	45	7	8
mouse|mouse|9030617O03Rik|ENSMUSG00000021185|12|102097743|102097905|+|deep_up	628	237	124	201
mouse|mouse|9030617O03Rik|ENSMUSG00000021185|12|102097743|102097905|+|dn_3intron	1006	243	47	34
mouse|mouse|9030617O03Rik|ENSMUSG00000021185|12|102097743|102097905|+|dn_5intron	243	112	80	78
mouse|mouse|9030617O03Rik|ENSMUSG00000021185|12|102097743|102097905|+|dn_exon	359	211	105	295
mouse|mouse|9030617O03Rik|ENSMUSG00000021185|12|102097743|102097905|+|exon	548	168	380	387
mouse|mouse|9030617O03Rik|ENSMUSG00000021185|12|102097743|102097905|+|up_3intron	614	195	190	176
mouse|mouse|9030617O03Rik|ENSMUSG00000021185|12|102097743|102097905|+|up_5intron	1682	302	182	555
mouse|mouse|9030617O03Rik|ENSMUSG00000021185|12|102097743|102097905|+|up_exon	685	59	160	129
mouse|mouse|9030624J02Rik|ENSMUSG00000030982|7|125953392|125953490|+|dn_5intron	561	141	44	137
mouse|mouse|9030624J02Rik|ENSMUSG00000030982|7|125953392|125953490|+|exon	206	223	141	497
mouse|mouse|9030624J02Rik|ENSMUSG00000030982|7|125953392|125953490|+|up_3intron	969	1430	3866	3632
mouse|mouse|9030624J02Rik|ENSMUSG00000030982|7|125953392|125953490|+|up_5intron	1353	242	215	197
mouse|mouse|A1cf|ENSMUSG00000052595|19|32019356|32019590|+|dn_3intron	13	6	6	4
mouse|mouse|A1cf|ENSMUSG00000052595|19|32019356|32019590|+|dn_5intron	338	129	89	180
mouse|mouse|A1cf|ENSMUSG00000052595|19|32019356|32019590|+|dn_exon	76	90	8	6
mouse|mouse|A1cf|ENSMUSG00000052595|19|32019356|32019590|+|exon	111	43	31	28
mouse|mouse|A1cf|ENSMUSG00000052595|19|32019356|32019590|+|up_3intron	285	140	88	149
mouse|mouse|A1cf|ENSMUSG00000052595|19|32019356|32019590|+|up_5intron	1026	281	49	64
mouse|mouse|A1cf|ENSMUSG00000052595|19|32019356|32019590|+|up_exon	243	34	21	13
mouse|mouse|Abi1|ENSMUSG00000058835|2|22816227|22816373|-|dn_3intron	40	18	24	23
mouse|mouse|Abi1|ENSMUSG00000058835|2|22816227|22816373|-|dn_5intron	184	56	56	148
mouse|mouse|Abi1|ENSMUSG00000058835|2|22816227|22816373|-|dn_exon	579	147	95	292
mouse|mouse|Abi1|ENSMUSG00000058835|2|22816227|22816373|-|exon	373	138	144	217
mouse|mouse|Abi1|ENSMUSG00000058835|2|22816227|22816373|-|up_3intron	64	7	13	60
mouse|mouse|Abi1|ENSMUSG00000058835|2|22816227|22816373|-|up_5intron	1344	13632	29862	3214
mouse|mouse|Abi1|ENSMUSG00000058835|2|22816227|22816373|-|up_exon	467	80	130	292
mouse|mouse|Acox1|ENSMUSG00000020777|11|116040922|116041109|-|dn_3intron	29	57	17	4
mouse|mouse|Acox1|ENSMUSG00000020777|11|116040922|116041109|-|dn_5intron	436	79	20	11
mouse|mouse|Acox1|ENSMUSG00000020777|11|116040922|116041109|-|dn_exon	413	126	13	37
mouse|mouse|Acox1|ENSMUSG00000020777|11|116040922|116041109|-|exon	948	178	156	183
mouse|mouse|Acox1|ENSMUSG00000020777|11|116040922|116041109|-|up_3intron	76	10	6	6
mouse|mouse|Acox1|ENSMUSG00000020777|11|116040922|116041109|-|up_5intron	576	162	194	170
mouse|mouse|Acox1|ENSMUSG00000020777|11|116040922|116041109|-|up_exon	182	110	355	255
mouse|mouse|Adam19|ENSMUSG00000011256|11|45940381|45940925|+|up_3intron	337	281	98	21
mouse|mouse|Adam19|ENSMUSG00000011256|11|45940381|45940925|+|up_5intron	305	62	33	85
mouse|mouse|Adam19|ENSMUSG00000011256|11|45940381|45940925|+|up_exon	507	132	51	209
mouse|mouse|Adam19|ENSMUSG00000011256|11|45945029|45945320|+|dn_3intron	31	23	20	22
mouse|mouse|Adam19|ENSMUSG00000011256|11|45945029|45945320|+|dn_5intron	862	328	157	232
mouse|mouse|Adam19|ENSMUSG00000011256|11|45945029|45945320|+|dn_exon	323	98	11	35
mouse|mouse|Adamts10|ENSMUSG00000024299|17|33686124|33686330|+|dn_5intron	234	120	5	15
mouse|mouse|Adamts10|ENSMUSG00000024299|17|33686124|33686330|+|dn_exon	269	67	54	22
mouse|mouse|Adamts10|ENSMUSG00000024299|17|33686124|33686330|+|exon	573	482	303	1110
mouse|mouse|Adamts10|ENSMUSG00000024299|17|33686124|33686330|+|up_3intron	762	184	182	113
mouse|mouse|Adamtsl5|ENSMUSG00000043822|10|79807954|79808161|-|dn_5intron	230	182	365	104
mouse|mouse|Adamtsl5|ENSMUSG00000043822|10|79807954|79808161|-|dn_exon	441	186	201	141
mouse|mouse|Adamtsl5|ENSMUSG00000043822|10|79807954|79808161|-|exon	652	260	97	22
mouse|mouse|Adamtsl5|ENSMUSG00000043822|10|79807954|79808161|-|up_5intron	237	107	56	20
mouse|mouse|Adamtsl5|ENSMUSG00000043822|10|79807954|79808161|-|up_exon	135	29	13	8
mouse|mouse|Agbl4|ENSMUSG00000061298|4|111289723|111289887|+|deep_dn	338	129	423	181
mouse|mouse|Agbl4|ENSMUSG00000061298|4|111289723|111289887|+|deep_up	502	218	393	845
mouse|mouse|Agbl4|ENSMUSG00000061298|4|111289723|111289887|+|dn_3intron	25	8	9	8
mouse|mouse|Agbl4|ENSMUSG00000061298|4|111289723|111289887|+|dn_5intron	290	137	87	141
mouse|mouse|Agbl4|ENSMUSG00000061298|4|111289723|111289887|+|dn_exon	42	14	87	78
mouse|mouse|Agbl4|ENSMUSG00000061298|4|111289723|111289887|+|exon	67	167	139	120
mouse|mouse|Agbl4|ENSMUSG00000061298|4|111289723|111289887|+|up_3intron	347	156	303	717
mouse|mouse|Agbl4|ENSMUSG00000061298|4|111289723|111289887|+|up_5intron	1139	247	27	31
mouse|mouse|Agbl4|ENSMUSG00000061298|4|111289723|111289887|+|up_exon	598	271	136	433
mouse|mouse|Agtpbp1|ENSMUSG00000021557|13|59619014|59619051|-|deep_dn	749	353	576	923
mouse|mouse|Agtpbp1|ENSMUSG00000021557|13|59619014|59619051|-|deep_up	359	186	638	228
mouse|mouse|Agtpbp1|ENSMUSG00000021557|13|59619014|59619051|-|dn_3intron	148	20	11	38
mouse|mouse|Agtpbp1|ENSMUSG00000021557|13|59619014|59619051|-|dn_5intron	155	24	17	40
mouse|mouse|Agtpbp1|ENSMUSG00000021557|13|59619014|59619051|-|dn_exon	1033	706	2245	1559
mouse|mouse|Agtpbp1|ENSMUSG00000021557|13|59619014|59619051|-|exon	262	75	124	362
mouse|mouse|Agtpbp1|ENSMUSG00000021557|13|59619014|59619051|-|up_3intron	518	8219	12243	1980
mouse|mouse|Agtpbp1|ENSMUSG00000021557|13|59619014|59619051|-|up_5intron	361	65	35	114
mouse|mouse|Agtpbp1|ENSMUSG00000021557|13|59619014|59619051|-|up_exon	317	112	92	99
mouse|mouse|Amn1|ENSMUSG00000068250|6|149132348|149133646|-|dn_3intron	492	343	1271	1099
mouse|mouse|Amn1|ENSMUSG00000068250|6|149132348|149133646|-|dn_5intron	843	267	785	929
mouse|mouse|Amn1|ENSMUSG00000068250|6|149132348|149133646|-|dn_exon	96	17	46	31
mouse|mouse|Amn1|ENSMUSG00000068250|6|149132348|149133646|-|exon	261	98	97	176
mouse|mouse|Amn1|ENSMUSG00000068250|6|149132348|149133646|-|up_3intron	287	77	128	401
mouse|mouse|Amn1|ENSMUSG00000068250|6|149132348|149133646|-|up_5intron	263	69	15	28
mouse|mouse|Amn1|ENSMUSG00000068250|6|149132348|149133646|-|up_exon	441	179	116	34
mouse|mouse|Anapc2|ENSMUSG00000026965|2|25135647|25135722|+|dn_3intron	231	45	15	39
mouse|mouse|Anapc2|ENSMUSG00000026965|2|25135647|25135722|+|dn_5intron	445	74	41	75
mouse|mouse|Anapc2|ENSMUSG00000026965|2|25135647|25135722|+|dn_exon	206	220	424	572
mouse|mouse|Anapc2|ENSMUSG00000026965|2|25135647|25135722|+|up_3intron	261	346	113	46
mouse|mouse|Anapc2|ENSMUSG00000026965|2|25135647|25135722|+|up_5intron	591	144	187	358
mouse|mouse|Anapc2|ENSMUSG00000026965|2|25135647|25135722|+|up_exon	313	128	70	111
mouse|mouse|Angel2|ENSMUSG00000026634|1|192766707|192766801|+|dn_3intron	206	34	151	237
mouse|mouse|Angel2|ENSMUSG00000026634|1|192766707|192766801|+|dn_5intron	115	28	70	65
mouse|mouse|Angel2|ENSMUSG00000026634|1|192766707|192766801|+|dn_exon	314	175	12	13
mouse|mouse|Angel2|ENSMUSG00000026634|1|192766707|192766801|+|exon	346	129	28	69
mouse|mouse|Angel2|ENSMUSG00000026634|1|192766707|192766801|+|up_3intron	309	94	115	275
mouse|mouse|Angel2|ENSMUSG00000026634|1|192766707|192766801|+|up_5intron	373	103	45	43
mouse|mouse|Angel2|ENSMUSG00000026634|1|192766707|192766801|+|up_exon	153	79	34	27
mouse|mouse|Ank3|ENSMUSG00000069601|10|69271164|69271265|+|up_3intron	733	222	178	169
mouse|mouse|Ank3|ENSMUSG00000069601|10|69271164|69271265|+|up_5intron	604	353	1045	334
mouse|mouse|Ank3|ENSMUSG00000069601|10|69271164|69271265|+|up_exon	693	150	109	147
mouse|mouse|Ank3|ENSMUSG00000069601|10|69271621|69271719|+|dn_3intron	390	79	9	20
mouse|mouse|Ank3|ENSMUSG00000069601|10|69271621|69271719|+|dn_exon	302	244	664	90
mouse|mouse|Ank3|ENSMUSG00000069601|10|69330133|69330231|+|deep_dn	539	193	62	124
mouse|mouse|Ank3|ENSMUSG00000069601|10|69330133|69330231|+|deep_up	114	287	274	68
mouse|mouse|Ank3|ENSMUSG00000069601|10|69330133|69330231|+|dn_5intron	574	181	58	154
mouse|mouse|Ank3|ENSMUSG00000069601|10|69330133|69330231|+|exon	144	66	110	93
mouse|mouse|Ank3|ENSMUSG00000069601|10|69330133|69330231|+|up_3intron	239	34	48	37
mouse|mouse|Ank3|ENSMUSG00000069601|10|69330133|69330231|+|up_5intron	803	652	615	801
mouse|mouse|Ank3|ENSMUSG00000069601|10|69330133|69330231|+|up_exon	183	67	53	86
mouse|mouse|Ank3|ENSMUSG00000069601|10|69337538|69337636|+|deep_dn	65	63	68	206
mouse|mouse|Ank3|ENSMUSG00000069601|10|69337538|69337636|+|deep_up	91	20	7	19
mouse|mouse|Ank3|ENSMUSG00000069601|10|69337538|69337636|+|dn_3intron	151	55	39	48
mouse|mouse|Ank3|ENSMUSG00000069601|10|69337538|69337636|+|dn_5intron	403	152	84	15
mouse|mouse|Ank3|ENSMUSG00000069601|10|69337538|69337636|+|dn_exon	758	80	29	27
mouse|mouse|Ank3|ENSMUSG00000069601|10|69337538|69337636|+|exon	188	68	72	95
mouse|mouse|Ank3|ENSMUSG00000069601|10|69337538|69337636|+|up_3intron	445	178	27	43
mouse|mouse|Ank3|ENSMUSG00000069601|10|69337538|69337636|+|up_5intron	305	142	29	60
mouse|mouse|Ank3|ENSMUSG00000069601|10|69355070|69355267|+|dn_3intron	960	2082	2827	948
mouse|mouse|Ank3|ENSMUSG00000069601|10|69355070|69355267|+|dn_exon	214	147	295	310
mouse|mouse|Ankrd13c|ENSMUSG00000039988|3|157662285|157662700|+|dn_3intron	344	59	109	1048
mouse|mouse|Ankrd13c|ENSMUSG00000039988|3|157662285|157662700|+|dn_5intron	394	167	1969	1165
mouse|mouse|Ankrd13c|ENSMUSG00000039988|3|157662285|157662700|+|dn_exon	307	118	94	56
mouse|mouse|Ankrd13c|ENSMUSG00000039988|3|157662285|157662700|+|exon	1737	1080	603	653
mouse|mouse|Ankrd13c|ENSMUSG00000039988|3|157662285|157662700|+|up_3intron	648	190	123	1017
mouse|mouse|Ankrd13c|ENSMUSG00000039988|3|157662285|157662700|+|up_5intron	328	112	67	124
mouse|mouse|Ankrd13c|ENSMUSG00000039988|3|157662285|157662700|+|up_exon	429	182	775	602
mouse|mouse|Ankrd13c|ENSMUSG00000039988|3|157662285|157662700|+|utr	123	27	16	30
mouse|mouse|Anp32e|ENSMUSG00000015749|3|95740947|95741118|+|dn_3intron	328	162	107	58
mouse|mouse|Anp32e|ENSMUSG00000015749|3|95740947|95741118|+|dn_5intron	634	221	95	213
mouse|mouse|Anp32e|ENSMUSG00000015749|3|95740947|95741118|+|dn_exon	22	5	9	15
mouse|mouse|Anp32e|ENSMUSG00000015749|3|95740947|95741118|+|exon	238	53	8	12
mouse|mouse|Anp32e|ENSMUSG00000015749|3|95740947|95741118|+|up_3intron	202	40	29	55
mouse|mouse|Anp32e|ENSMUSG00000015749|3|95740947|95741118|+|up_5intron	574	175	246	940
mouse|mouse|Anp32e|ENSMUSG00000015749|3|95740947|95741118|+|up_exon	441	76	18	22
mouse|mouse|Anxa11|ENSMUSG00000021866|14|26693430|26693526|+|up_3intron	678	125	190	131
mouse|mouse|Anxa11|ENSMUSG00000021866|14|26693430|26693526|+|up_5intron	234	49	14	29
mouse|mouse|Anxa11|ENSMUSG00000021866|14|26694153|26694270|+|dn_3intron	67	198	344	23
mouse|mouse|Anxa11|ENSMUSG00000021866|14|26694153|26694270|+|dn_5intron	1248	1032	1578	1856
mouse|mouse|Anxa11|ENSMUSG00000021866|14|26694153|26694270|+|dn_exon	203	92	26	22
mouse|mouse|Apbb3|ENSMUSG00000001379|18|36836764|36836910|-|dn_5intron	1239	2548	8340	4943
mouse|mouse|Apbb3|ENSMUSG00000001379|18|36836764|36836910|-|dn_exon	266	187	90	76
mouse|mouse|Apbb3|ENSMUSG00000001379|18|36836764|36836910|-|exon	259	56	51	25
mouse|mouse|Apbb3|ENSMUSG00000001379|18|36836764|36836910|-|up_3intron	915	384	829	848
mouse|mouse|Apbb3|ENSMUSG00000001379|18|36836764|36836910|-|up_exon	375	215	112	127
mouse|mouse|Aqr|ENSMUSG00000040383|2|113938955|113939466|-|dn_3intron	838	121	133	575
mouse|mouse|Aqr|ENSMUSG00000040383|2|113938955|113939466|-|dn_5intron	213	56	26	56
mouse|mouse|Aqr|ENSMUSG00000040383|2|113938955|113939466|-|dn_exon	335	141	244	506
mouse|mouse|Aqr|ENSMUSG00000040383|2|113938955|113939466|-|exon	1063	311	364	1105
mouse|mouse|Aqr|ENSMUSG00000040383|2|113938955|113939466|-|up_3intron	183	54	21	58
mouse|mouse|Aqr|ENSMUSG00000040383|2|113938955|113939466|-|up_5intron	714	230	142	255
mouse|mouse|Aqr|ENSMUSG00000040383|2|113938955|113939466|-|up_exon	217	70	10	24
mouse|mouse|Arfgef1|ENSMUSG00000067851|1|10184338|10184572|-|deep_dn	1079	376	330	380
mouse|mouse|Arfgef1|ENSMUSG00000067851|1|10184338|10184572|-|deep_up	200	12	26	55
mouse|mouse|Arfgef1|ENSMUSG00000067851|1|10184338|10184572|-|dn_3intron	553	103	67	94
mouse|mouse|Arfgef1|ENSMUSG00000067851|1|10184338|10184572|-|dn_5intron	608	197	34	64
mouse|mouse|Arfgef1|ENSMUSG00000067851|1|10184338|10184572|-|dn_exon	207	21	47	232
mouse|mouse|Arfgef1|ENSMUSG00000067851|1|10184338|10184572|-|exon	659	137	303	1138
mouse|mouse|Arfgef1|ENSMUSG00000067851|1|10184338|10184572|-|up_3intron	801	202	79	90
mouse|mouse|Arfgef1|ENSMUSG00000067851|1|10184338|10184572|-|up_5intron	166	14	62	479
mouse|mouse|Arfgef1|ENSMUSG00000067851|1|10184338|10184572|-|up_exon	423	112	47	170
mouse|mouse|Arhgap18|ENSMUSG00000039031|10|26631838|26632537|+|deep_dn	572	100	188	551
mouse|mouse|Arhgap18|ENSMUSG00000039031|10|26631838|26632537|+|deep_up	275	1074	4408	2384
mouse|mouse|Arhgap18|ENSMUSG00000039031|10|26631838|26632537|+|dn_3intron	697	175	197	742
mouse|mouse|Arhgap18|ENSMUSG00000039031|10|26631838|26632537|+|dn_5intron	231	182	162	60
mouse|mouse|Arhgap18|ENSMUSG00000039031|10|26631838|26632537|+|dn_exon	301	243	469	928
mouse|mouse|Arhgap18|ENSMUSG00000039031|10|26631838|26632537|+|exon	593	159	235	813
mouse|mouse|Arhgap18|ENSMUSG00000039031|10|26631838|26632537|+|up_3intron	122	48	94	223
mouse|mouse|Arhgap18|ENSMUSG00000039031|10|26631838|26632537|+|up_5intron	2773	825	1331	1482
mouse|mouse|Arhgdib|ENSMUSG00000030220|6|136882105|136882294|-|dn_3intron	390	2153	1469	832
mouse|mouse|Arhgdib|ENSMUSG00000030220|6|136882105|136882294|-|dn_5intron	922	563	560	264
mouse|mouse|Arhgdib|ENSMUSG00000030220|6|136882105|136882294|-|dn_exon	264	132	45	63
mouse|mouse|Arhgdib|ENSMUSG00000030220|6|136882105|136882294|-|exon	92	20	24	9
mouse|mouse|Arhgdib|ENSMUSG00000030220|6|136882105|136882294|-|up_3intron	757	135	20	69
mouse|mouse|Arpc4|ENSMUSG00000079426|6|113331957|113332415|+|dn_3intron	1028	261	81	42
mouse|mouse|Arpc4|ENSMUSG00000079426|6|113331957|113332415|+|dn_exon	309	49	5	10
mouse|mouse|Arpc4|ENSMUSG00000079426|6|113331957|113332415|+|exon	97	85	68	48
mouse|mouse|Arpc4|ENSMUSG00000079426|6|113331957|113332415|+|up_3intron	204	110	29	9
mouse|mouse|Arpc4|ENSMUSG00000079426|6|113331957|113332415|+|up_5intron	594	173	55	82
mouse|mouse|Arpc4|ENSMUSG00000079426|6|113331957|113332415|+|up_exon	411	92	22	25
mouse|mouse|Atf1|ENSMUSG00000023027|15|100075663|100075776|+|deep_dn	62	72	66	117
mouse|mouse|Atf1|ENSMUSG00000023027|15|100075663|100075776|+|deep_up	811	209	287	438
mouse|mouse|Atf1|ENSMUSG00000023027|15|100075663|100075776|+|dn_3intron	441	177	63	54
mouse|mouse|Atf1|ENSMUSG00000023027|15|100075663|100075776|+|dn_5intron	193	74	98	157
mouse|mouse|Atf1|ENSMUSG00000023027|15|100075663|100075776|+|dn_exon	190	76	103	158
mouse|mouse|Atf1|ENSMUSG00000023027|15|100075663|100075776|+|exon	97	100	33	30
mouse|mouse|Atf1|ENSMUSG00000023027|15|100075663|100075776|+|up_3intron	178	53	59	136
mouse|mouse|Atf1|ENSMUSG00000023027|15|100075663|100075776|+|up_5intron	786	261	1522	2029
mouse|mouse|Atf1|ENSMUSG00000023027|15|100075663|100075776|+|up_exon	3217	499	270	718
mouse|mouse|Atg16l1|ENSMUSG00000026289|1|89676700|89676770|+|dn_3intron	595	125	1002	1317
mouse|mouse|Atg16l1|ENSMUSG00000026289|1|89676700|89676770|+|dn_5intron	1120	549	446	1031
mouse|mouse|Atg16l1|ENSMUSG00000026289|1|89676700|89676770|+|dn_exon	227	92	57	179
mouse|mouse|Atg16l1|ENSMUSG00000026289|1|89676700|89676770|+|exon	776	217	224	659
mouse|mouse|Atg16l1|ENSMUSG00000026289|1|89676700|89676770|+|up_3intron	273	343	92	178
mouse|mouse|Atg16l1|ENSMUSG00000026289|1|89676700|89676770|+|up_5intron	232	66	127	32
mouse|mouse|Atg16l1|ENSMUSG00000026289|1|89676700|89676770|+|utr	524	144	103	176
mouse|mouse|Atp2a2|ENSMUSG00000029467|5|122907521|122907719|-|dn_5intron	732	231	106	101
mouse|mouse|Atp2a2|ENSMUSG00000029467|5|122907521|122907719|-|dn_exon	561	338	247	705
mouse|mouse|Atp2a2|ENSMUSG00000029467|5|122907521|122907719|-|exon	1054	319	186	319
mouse|mouse|Atp2a2|ENSMUSG00000029467|5|122907521|122907719|-|up_3intron	276	156	24	17
mouse|mouse|Atp2a2|ENSMUSG00000029467|5|122907521|122907719|-|up_exon	1003	161	72	142
mouse|mouse|Atp6v0d1|ENSMUSG00000013160|8|108049057|108049134|-|dn_5intron	1586	392	64	54
mouse|mouse|Atp6v0d1|ENSMUSG00000013160|8|108049057|108049134|-|dn_exon	692	123	180	86
mouse|mouse|Atp6v0d1|ENSMUSG00000013160|8|108049223|108049399|-|up_5intron	722	410	651	480
mouse|mouse|Atp6v0d1|ENSMUSG00000013160|8|108049223|108049399|-|up_exon	268	205	126	110
mouse|mouse|Atxn2|ENSMUSG00000042605|5|122233866|122234048|+|dn_3intron	291	73	131	97
mouse|mouse|Atxn2|ENSMUSG00000042605|5|122233866|122234048|+|dn_5intron	359	70	58	104
mouse|mouse|Atxn2|ENSMUSG00000042605|5|122233866|122234048|+|exon	412	220	253	174
mouse|mouse|Atxn2|ENSMUSG00000042605|5|122233866|122234048|+|up_3intron	192	96	52	65
mouse|mouse|Atxn2|ENSMUSG00000042605|5|122233866|122234048|+|up_5intron	1170	255	380	1317
mouse|mouse|Atxn2|ENSMUSG00000042605|5|122235768|122235875|+|dn_3intron	129	30	10	20
mouse|mouse|Atxn2|ENSMUSG00000042605|5|122235768|122235875|+|dn_5intron	90	44	91	174
mouse|mouse|Atxn2|ENSMUSG00000042605|5|122235768|122235875|+|dn_exon	104	76	57	67
mouse|mouse|Atxn2|ENSMUSG00000042605|5|122235768|122235875|+|exon	220	32	23	13
mouse|mouse|Atxn2|ENSMUSG00000042605|5|122235768|122235875|+|up_3intron	1075	175	67	74
mouse|mouse|Atxn2|ENSMUSG00000042605|5|122235768|122235875|+|up_5intron	662	284	266	773
mouse|mouse|Bbox1|ENSMUSG00000041660|2|110132567|110132765|-|deep_dn	324	281	105	254
mouse|mouse|Bbox1|ENSMUSG00000041660|2|110132567|110132765|-|deep_up	200	48	88	123
mouse|mouse|Bbox1|ENSMUSG00000041660|2|110132567|110132765|-|dn_3intron	644	180	289	858
mouse|mouse|Bbox1|ENSMUSG00000041660|2|110132567|110132765|-|dn_5intron	662	196	328	1349
mouse|mouse|Bbox1|ENSMUSG00000041660|2|110132567|110132765|-|dn_exon	817	240	84	125
mouse|mouse|Bbox1|ENSMUSG00000041660|2|110132567|110132765|-|exon	424	156	280	231
mouse|mouse|Bbox1|ENSMUSG00000041660|2|110132567|110132765|-|up_3intron	725	90	82	120
mouse|mouse|Bbox1|ENSMUSG00000041660|2|110132567|110132765|-|up_5intron	224	82	126	228
mouse|mouse|Bbox1|ENSMUSG00000041660|2|110132567|110132765|-|up_exon	203	64	29	17
mouse|mouse|BC006779|ENSMUSG00000027580|2|180964253|180964614|-|dn_3intron	84	144	259	160
mouse|mouse|BC006779|ENSMUSG00000027580|2|180964253|180964614|-|dn_exon	377	117	55	289
mouse|mouse|BC006779|ENSMUSG00000027580|2|180965464|180965653|-|up_3intron	86	109	30	12
mouse|mouse|BC006779|ENSMUSG00000027580|2|180965464|180965653|-|up_5intron	296	136	25	49
mouse|mouse|Bpnt1|ENSMUSG00000026617|1|187161884|187162111|+|deep_dn	177	78	25	38
mouse|mouse|Bpnt1|ENSMUSG00000026617|1|187161884|187162111|+|deep_up	120	38	45	136
mouse|mouse|Bpnt1|ENSMUSG00000026617|1|187161884|187162111|+|dn_3intron	968	204	94	101
mouse|mouse|Bpnt1|ENSMUSG00000026617|1|187161884|187162111|+|dn_5intron	511	173	22	60
mouse|mouse|Bpnt1|ENSMUSG00000026617|1|187161884|187162111|+|dn_exon	379	161	22	15
mouse|mouse|Bpnt1|ENSMUSG00000026617|1|187161884|187162111|+|exon	2290	559	374	3965
mouse|mouse|Bpnt1|ENSMUSG00000026617|1|187161884|187162111|+|up_3intron	670	339	1508	367
mouse|mouse|Bpnt1|ENSMUSG00000026617|1|187161884|187162111|+|up_5intron	122	191	174	23
mouse|mouse|Bpnt1|ENSMUSG00000026617|1|187161884|187162111|+|up_exon	489	66	16	20
mouse|mouse|Brwd1|ENSMUSG00000022914|16|96245010|96245130|-|dn_3intron	478	184	920	935
mouse|mouse|Brwd1|ENSMUSG00000022914|16|96245010|96245130|-|dn_5intron	1059	241	206	352
mouse|mouse|Brwd1|ENSMUSG00000022914|16|96245010|96245130|-|dn_exon	397	52	73	166
mouse|mouse|Brwd1|ENSMUSG00000022914|16|96245010|96245130|-|exon	428	101	163	204
mouse|mouse|Brwd1|ENSMUSG00000022914|16|96245010|96245130|-|up_3intron	882	209	80	385
mouse|mouse|Brwd1|ENSMUSG00000022914|16|96245010|96245130|-|up_exon	425	293	533	264
mouse|mouse|Brwd1|ENSMUSG00000022914|16|96245010|96245130|-|utr	415	2258	4448	1014
mouse|mouse|Btaf1|ENSMUSG00000040565|19|37025524|37025667|+|dn_3intron	902	175	258	429
mouse|mouse|Btaf1|ENSMUSG00000040565|19|37025524|37025667|+|dn_5intron	492	122	228	1669
mouse|mouse|Btaf1|ENSMUSG00000040565|19|37025524|37025667|+|dn_exon	315	260	164	104
mouse|mouse|Btaf1|ENSMUSG00000040565|19|37025524|37025667|+|exon	134	192	666	857
mouse|mouse|Btaf1|ENSMUSG00000040565|19|37025524|37025667|+|up_3intron	542	189	90	910
mouse|mouse|Btaf1|ENSMUSG00000040565|19|37025524|37025667|+|up_5intron	407	167	563	519
mouse|mouse|Btaf1|ENSMUSG00000040565|19|37025524|37025667|+|up_exon	159	60	8	27
mouse|mouse|Btaf1|ENSMUSG00000040565|19|37025524|37025667|+|utr	358	80	106	529
mouse|mouse|C130022K22Rik|ENSMUSG00000034083|6|91835342|91835694|+|deep_dn	356	92	167	1331
mouse|mouse|C130022K22Rik|ENSMUSG00000034083|6|91835342|91835694|+|deep_up	738	178	47	155
mouse|mouse|C130022K22Rik|ENSMUSG00000034083|6|91835342|91835694|+|dn_3intron	489	381	84	43
mouse|mouse|C130022K22Rik|ENSMUSG00000034083|6|91835342|91835694|+|dn_5intron	247	117	427	811
mouse|mouse|C130022K22Rik|ENSMUSG00000034083|6|91835342|91835694|+|dn_exon	198	185	210	263
mouse|mouse|C130022K22Rik|ENSMUSG00000034083|6|91835342|91835694|+|exon	386	114	501	488
mouse|mouse|C130022K22Rik|ENSMUSG00000034083|6|91835342|91835694|+|up_3intron	244	132	50	68
mouse|mouse|C130022K22Rik|ENSMUSG00000034083|6|91835342|91835694|+|up_5intron	336	142	186	544
mouse|mouse|C130022K22Rik|ENSMUSG00000034083|6|91835342|91835694|+|up_exon	272	30	36	50
mouse|mouse|C2cd2l|ENSMUSG00000032120|9|44124189|44124297|-|dn_3intron	161	32	71	96
mouse|mouse|C2cd2l|ENSMUSG00000032120|9|44124189|44124297|-|dn_5intron	1621	586	781	522
mouse|mouse|C2cd2l|ENSMUSG00000032120|9|44124189|44124297|-|dn_exon	1124	336	70	301
mouse|mouse|C2cd2l|ENSMUSG00000032120|9|44124189|44124297|-|exon	207	73	48	81
mouse|mouse|C2cd2l|ENSMUSG00000032120|9|44124189|44124297|-|up_5intron	310	263	97	254
mouse|mouse|C2cd2l|ENSMUSG00000032120|9|44124189|44124297|-|up_exon	352	148	144	133
mouse|mouse|C6|ENSMUSG00000022181|15|4743128|4743241|+|dn_3intron	49	358	181	40
mouse|mouse|C6|ENSMUSG00000022181|15|4743128|4743241|+|dn_5intron	270	55	38	70
mouse|mouse|C6|ENSMUSG00000022181|15|4743128|4743241|+|dn_exon	577	126	191	159
mouse|mouse|C6|ENSMUSG00000022181|15|4743128|4743241|+|exon	395	94	186	299
mouse|mouse|C6|ENSMUSG00000022181|15|4743128|4743241|+|up_3intron	575	259	229	816
mouse|mouse|C6|ENSMUSG00000022181|15|4743128|4743241|+|up_5intron	322	78	110	296
mouse|mouse|C6|ENSMUSG00000022181|15|4743128|4743241|+|up_exon	844	127	167	897
mouse|mouse|Camkk1|ENSMUSG00000020785|11|72851211|72851479|+|dn_3intron	162	132	21	24
mouse|mouse|Camkk1|ENSMUSG00000020785|11|72851211|72851479|+|dn_5intron	379	279	200	621
mouse|mouse|Camkk1|ENSMUSG00000020785|11|72851211|72851479|+|dn_exon	286	105	107	64
mouse|mouse|Camkk1|ENSMUSG00000020785|11|72851211|72851479|+|exon	293	242	60	70
mouse|mouse|Camkk1|ENSMUSG00000020785|11|72851211|72851479|+|up_5intron	505	116	239	26
mouse|mouse|Camkk1|ENSMUSG00000020785|11|72851211|72851479|+|utr	286	71	45	34
mouse|mouse|Camsap1|ENSMUSG00000026933|2|25811767|25814746|-|up_3intron	991	504	1529	5412
mouse|mouse|Camsap1|ENSMUSG00000026933|2|25811767|25814746|-|up_5intron	1255	6095	24965	3320
mouse|mouse|Camsap1|ENSMUSG00000026933|2|25811767|25814746|-|up_exon	464	144	128	154
mouse|mouse|Cars|ENSMUSG00000010755|7|150761734|150762072|-|dn_5intron	528	420	440	590
mouse|mouse|Cars|ENSMUSG00000010755|7|150761734|150762072|-|dn_exon	1909	524	749	748
mouse|mouse|Cars|ENSMUSG00000010755|7|150761734|150762072|-|exon	1396	163	77	329
mouse|mouse|Cars|ENSMUSG00000010755|7|150761734|150762072|-|up_3intron	495	251	56	197
mouse|mouse|Cars|ENSMUSG00000010755|7|150761734|150762072|-|up_5intron	468	192	462	1684
mouse|mouse|Cars|ENSMUSG00000010755|7|150761734|150762072|-|up_exon	250	118	38	88
mouse|mouse|Cast|ENSMUSG00000021585|13|74874384|74874470|-|dn_5intron	546	182	1211	2697
mouse|mouse|Cast|ENSMUSG00000021585|13|74874384|74874470|-|dn_exon	150	47	66	27
mouse|mouse|Cast|ENSMUSG00000021585|13|74874384|74874470|-|up_3intron	759	171	266	1353
mouse|mouse|Cast|ENSMUSG00000021585|13|74874384|74874470|-|up_5intron	49	262	15	23
mouse|mouse|Cast|ENSMUSG00000021585|13|74874384|74874470|-|up_exon	334	68	14	21
mouse|mouse|Cat|ENSMUSG00000027187|2|103307851|103308127|-|dn_3intron	391	87	61	84
mouse|mouse|Cat|ENSMUSG00000027187|2|103307851|103308127|-|dn_5intron	571	135	105	50
mouse|mouse|Cat|ENSMUSG00000027187|2|103307851|103308127|-|dn_exon	285	74	16	5
mouse|mouse|Cat|ENSMUSG00000027187|2|103307851|103308127|-|exon	447	118	12	3
mouse|mouse|Cat|ENSMUSG00000027187|2|103307851|103308127|-|up_3intron	340	85	374	448
mouse|mouse|Cat|ENSMUSG00000027187|2|103307851|103308127|-|up_5intron	17	148	43	2
mouse|mouse|Cat|ENSMUSG00000027187|2|103307851|103308127|-|up_exon	205	81	59	430
mouse|mouse|Cat|ENSMUSG00000027187|2|103313108|103313249|-|dn_3intron	130	33	11	42
mouse|mouse|Cat|ENSMUSG00000027187|2|103313108|103313249|-|dn_5intron	1023	989	5440	725
mouse|mouse|Cat|ENSMUSG00000027187|2|103313108|103313249|-|dn_exon	524	223	85	22
mouse|mouse|Cat|ENSMUSG00000027187|2|103313108|103313249|-|exon	619	121	107	61
mouse|mouse|Cat|ENSMUSG00000027187|2|103313108|103313249|-|up_3intron	754	392	1795	1662
mouse|mouse|Cat|ENSMUSG00000027187|2|103313108|103313249|-|up_5intron	250	704	1529	735
mouse|mouse|Cat|ENSMUSG00000027187|2|103313108|103313249|-|up_exon	615	173	89	91
mouse|mouse|Ccdc88c|ENSMUSG00000021182|12|102157807|102159806|-|dn_3intron	761	297	172	110
mouse|mouse|Ccdc88c|ENSMUSG00000021182|12|102157807|102159806|-|dn_5intron	238	103	91	87
mouse|mouse|Ccdc88c|ENSMUSG00000021182|12|102157807|102159806|-|dn_exon	664	201	206	310
mouse|mouse|Ccdc88c|ENSMUSG00000021182|12|102157807|102159806|-|exon	632	284	715	525
mouse|mouse|Ccdc88c|ENSMUSG00000021182|12|102157807|102159806|-|up_3intron	333	523	1221	91
mouse|mouse|Ccdc88c|ENSMUSG00000021182|12|102157807|102159806|-|up_5intron	327	139	92	49
mouse|mouse|Ccdc88c|ENSMUSG00000021182|12|102157807|102159806|-|up_exon	341	103	83	137
mouse|mouse|Cct4|ENSMUSG00000007739|11|22897603|22897735|+|dn_3intron	351	81	53	77
mouse|mouse|Cct4|ENSMUSG00000007739|11|22897603|22897735|+|dn_5intron	153	33	23	20
mouse|mouse|Cct4|ENSMUSG00000007739|11|22897603|22897735|+|dn_exon	315	105	61	51
mouse|mouse|Cct4|ENSMUSG00000007739|11|22897603|22897735|+|exon	71	23	21	13
mouse|mouse|Cct4|ENSMUSG00000007739|11|22897603|22897735|+|up_3intron	245	152	352	489
mouse|mouse|Cct4|ENSMUSG00000007739|11|22897603|22897735|+|up_5intron	893	102	97	103
mouse|mouse|Cct4|ENSMUSG00000007739|11|22897603|22897735|+|up_exon	133	8	36	43
mouse|mouse|Cdc14b|ENSMUSG00000033102|13|64321988|64322057|-|dn_3intron	437	215	305	664
mouse|mouse|Cdc14b|ENSMUSG00000033102|13|64321988|64322057|-|dn_5intron	301	86	13	19
mouse|mouse|Cdc14b|ENSMUSG00000033102|13|64321988|64322057|-|dn_exon	212	161	76	160
mouse|mouse|Cdc14b|ENSMUSG00000033102|13|64321988|64322057|-|exon	518	158	97	159
mouse|mouse|Cdc14b|ENSMUSG00000033102|13|64321988|64322057|-|up_3intron	794	324	837	844
mouse|mouse|Cdc14b|ENSMUSG00000033102|13|64321988|64322057|-|up_5intron	221	636	1392	307
mouse|mouse|Cdc14b|ENSMUSG00000033102|13|64321988|64322057|-|up_exon	290	62	5	14
mouse|mouse|Celsr3|ENSMUSG00000023473|9|108738531|108738977|+|dn_3intron	351	103	157	93
mouse|mouse|Celsr3|ENSMUSG00000023473|9|108738531|108738977|+|dn_5intron	99	42	119	99
mouse|mouse|Celsr3|ENSMUSG00000023473|9|108738531|108738977|+|dn_exon	1023	392	170	100
mouse|mouse|Celsr3|ENSMUSG00000023473|9|108738531|108738977|+|exon	294	101	46	54
mouse|mouse|Celsr3|ENSMUSG00000023473|9|108738531|108738977|+|up_3intron	281	446	282	168
mouse|mouse|Celsr3|ENSMUSG00000023473|9|108738531|108738977|+|up_exon	631	173	107	157
mouse|mouse|Celsr3|ENSMUSG00000023473|9|108747987|108748149|+|dn_5intron	261	51	22	10
mouse|mouse|Celsr3|ENSMUSG00000023473|9|108747987|108748149|+|dn_exon	264	294	88	74
mouse|mouse|Celsr3|ENSMUSG00000023473|9|108747987|108748149|+|exon	371	221	86	84
mouse|mouse|Celsr3|ENSMUSG00000023473|9|108747987|108748149|+|up_3intron	455	191	114	48
mouse|mouse|Celsr3|ENSMUSG00000023473|9|108747987|108748149|+|up_5intron	883	309	26	18
mouse|mouse|Celsr3|ENSMUSG00000023473|9|108747987|108748149|+|up_exon	404	283	64	78
mouse|mouse|Cfl2|ENSMUSG00000062929|12|55962513|55962888|-|dn_exon	237	119	41	82
mouse|mouse|Cfl2|ENSMUSG00000062929|12|55962513|55962888|-|exon	298	89	104	73
mouse|mouse|Cfl2|ENSMUSG00000062929|12|55962513|55962888|-|up_3intron	890	184	231	551
mouse|mouse|Cfl2|ENSMUSG00000062929|12|55962513|55962888|-|up_exon	1209	239	60	87
mouse|mouse|Chid1|ENSMUSG00000025512|7|148712331|148712392|-|dn_3intron	498	126	66	55
mouse|mouse|Chid1|ENSMUSG00000025512|7|148712331|148712392|-|dn_5intron	534	205	237	75
mouse|mouse|Chid1|ENSMUSG00000025512|7|148712331|148712392|-|dn_exon	774	281	77	70
mouse|mouse|Chid1|ENSMUSG00000025512|7|148712331|148712392|-|exon	420	184	492	174
mouse|mouse|Chid1|ENSMUSG00000025512|7|148712331|148712392|-|up_3intron	702	242	287	538
mouse|mouse|Chid1|ENSMUSG00000025512|7|148712331|148712392|-|up_5intron	172	320	80	50
mouse|mouse|Chid1|ENSMUSG00000025512|7|148712331|148712392|-|up_exon	527	53	48	46
mouse|mouse|Ckmt2|ENSMUSG00000021622|13|91995343|91995468|-|deep_dn	176	45	14	13
mouse|mouse|Ckmt2|ENSMUSG00000021622|13|91995343|91995468|-|deep_up	214	84	90	101
mouse|mouse|Ckmt2|ENSMUSG00000021622|13|91995343|91995468|-|dn_3intron	421	244	203	574
mouse|mouse|Ckmt2|ENSMUSG00000021622|13|91995343|91995468|-|dn_5intron	897	480	1289	1843
mouse|mouse|Ckmt2|ENSMUSG00000021622|13|91995343|91995468|-|dn_exon	425	240	103	98
mouse|mouse|Ckmt2|ENSMUSG00000021622|13|91995343|91995468|-|exon	383	129	44	46
mouse|mouse|Ckmt2|ENSMUSG00000021622|13|91995343|91995468|-|up_3intron	1824	236	154	264
mouse|mouse|Ckmt2|ENSMUSG00000021622|13|91995343|91995468|-|up_5intron	904	136	46	105
mouse|mouse|Ckmt2|ENSMUSG00000021622|13|91995343|91995468|-|up_exon	1293	226	366	177
mouse|mouse|Clcn1|ENSMUSG00000029862|6|42250227|42250376|+|dn_3intron	148	33	19	62
mouse|mouse|Clcn1|ENSMUSG00000029862|6|42250227|42250376|+|dn_5intron	171	93	2	20
mouse|mouse|Clcn1|ENSMUSG00000029862|6|42250227|42250376|+|dn_exon	141	29	65	41
mouse|mouse|Clcn1|ENSMUSG00000029862|6|42250227|42250376|+|exon	532	148	7	7
mouse|mouse|Clcn1|ENSMUSG00000029862|6|42250227|42250376|+|up_3intron	202	72	35	25
mouse|mouse|Clcn1|ENSMUSG00000029862|6|42250227|42250376|+|up_5intron	423	105	108	137
mouse|mouse|Clcn1|ENSMUSG00000029862|6|42250227|42250376|+|up_exon	247	218	119	230
mouse|mouse|Clint1|ENSMUSG00000006169|11|45697823|45697930|+|up_3intron	195	94	40	109
mouse|mouse|Clint1|ENSMUSG00000006169|11|45697823|45697930|+|up_5intron	222	88	90	173
mouse|mouse|Clint1|ENSMUSG00000006169|11|45697823|45697930|+|up_exon	107	23	36	46
mouse|mouse|Clint1|ENSMUSG00000006169|11|45700885|45701052|+|dn_3intron	463	147	101	126
mouse|mouse|Clint1|ENSMUSG00000006169|11|45700885|45701052|+|dn_exon	402	164	115	71
mouse|mouse|Clk4|ENSMUSG00000020385|11|51080673|51081661|+|up_3intron	563	117	78	50
mouse|mouse|Clk4|ENSMUSG00000020385|11|51080673|51081661|+|up_5intron	134	107	122	1
mouse|mouse|Clk4|ENSMUSG00000020385|11|51080673|51081661|+|up_exon	648	819	2477	197
mouse|mouse|Cln6|ENSMUSG00000032245|9|62696916|62697038|+|dn_3intron	841	190	90	122
mouse|mouse|Cln6|ENSMUSG00000032245|9|62696916|62697038|+|dn_5intron	351	111	43	41
mouse|mouse|Cln6|ENSMUSG00000032245|9|62696916|62697038|+|dn_exon	598	109	36	50
mouse|mouse|Cln6|ENSMUSG00000032245|9|62696916|62697038|+|exon	605	470	237	414
mouse|mouse|Cln6|ENSMUSG00000032245|9|62696916|62697038|+|up_3intron	170	331	622	130
mouse|mouse|Cln6|ENSMUSG00000032245|9|62696916|62697038|+|up_exon	98	159	79	24
mouse|mouse|Cmas|ENSMUSG00000030282|6|142715089|142716788|+|dn_3intron	127	7	174	16
mouse|mouse|Cmas|ENSMUSG00000030282|6|142715089|142716788|+|dn_5intron	1225	277	73	186
mouse|mouse|Cmas|ENSMUSG00000030282|6|142715089|142716788|+|dn_exon	467	231	358	186
mouse|mouse|Cmas|ENSMUSG00000030282|6|142715089|142716788|+|exon	106	79	370	408
mouse|mouse|Cmas|ENSMUSG00000030282|6|142715089|142716788|+|up_3intron	294	113	10	101
mouse|mouse|Cmas|ENSMUSG00000030282|6|142715089|142716788|+|up_5intron	188	48	73	127
mouse|mouse|Cmas|ENSMUSG00000030282|6|142715089|142716788|+|up_exon	447	111	93	61
mouse|mouse|Cnot10|ENSMUSG00000056167|9|114501584|114503365|-|dn_exon	455	247	71	102
mouse|mouse|Cnot10|ENSMUSG00000056167|9|114501584|114503365|-|exon	693	427	903	296
mouse|mouse|Cnot10|ENSMUSG00000056167|9|114501584|114503365|-|up_3intron	1306	352	278	279
mouse|mouse|Cnot10|ENSMUSG00000056167|9|114501584|114503365|-|up_5intron	790	389	296	608
mouse|mouse|Cnot10|ENSMUSG00000056167|9|114501584|114503365|-|up_exon	429	43	294	472
mouse|mouse|Cog2|ENSMUSG00000031979|8|127067910|127068061|+|dn_3intron	711	330	320	269
mouse|mouse|Cog2|ENSMUSG00000031979|8|127067910|127068061|+|dn_5intron	348	128	16	10
mouse|mouse|Cog2|ENSMUSG00000031979|8|127067910|127068061|+|dn_exon	77	167	22	4
mouse|mouse|Cog2|ENSMUSG00000031979|8|127067910|127068061|+|exon	628	213	20	28
mouse|mouse|Cog2|ENSMUSG00000031979|8|127067910|127068061|+|up_3intron	1431	6023	11374	2659
mouse|mouse|Cog2|ENSMUSG00000031979|8|127067910|127068061|+|up_5intron	107	4	13	17
mouse|mouse|Cog2|ENSMUSG00000031979|8|127067910|127068061|+|up_exon	350	196	73	108
mouse|mouse|Col1a2|ENSMUSG00000029661|6|4481238|4481345|+|dn_3intron	440	137	139	275
mouse|mouse|Col1a2|ENSMUSG00000029661|6|4481238|4481345|+|dn_5intron	218	77	259	575
mouse|mouse|Col1a2|ENSMUSG00000029661|6|4481238|4481345|+|dn_exon	377	144	67	75
mouse|mouse|Col3a1|ENSMUSG00000026043|1|45382205|45382258|+|dn_3intron	497	44	38	84
mouse|mouse|Col3a1|ENSMUSG00000026043|1|45382205|45382258|+|dn_5intron	361	52	47	22
mouse|mouse|Col3a1|ENSMUSG00000026043|1|45382205|45382258|+|dn_exon	211	70	57	51
mouse|mouse|Col3a1|ENSMUSG00000026043|1|45382205|45382258|+|exon	1150	163	21	33
mouse|mouse|Col3a1|ENSMUSG00000026043|1|45382205|45382258|+|up_3intron	358	85	60	193
mouse|mouse|Col3a1|ENSMUSG00000026043|1|45382205|45382258|+|up_5intron	987	4884	4858	1620
mouse|mouse|Col3a1|ENSMUSG00000026043|1|45382205|45382258|+|up_exon	274	75	41	49
mouse|mouse|Col3a1|ENSMUSG00000026043|1|45384434|45384487|+|dn_5intron	262	68	174	79
mouse|mouse|Col3a1|ENSMUSG00000026043|1|45384434|45384487|+|up_3intron	293	99	321	833
mouse|mouse|Col3a1|ENSMUSG00000026043|1|45384434|45384487|+|up_5intron	138	56	85	139
mouse|mouse|Col3a1|ENSMUSG00000026043|1|45384434|45384487|+|up_exon	225	83	86	38
mouse|mouse|Col3a1|ENSMUSG00000026043|1|45386948|45386993|+|dn_3intron	481	103	189	332
mouse|mouse|Col3a1|ENSMUSG00000026043|1|45386948|45386993|+|dn_5intron	364	201	390	1981
mouse|mouse|Col3a1|ENSMUSG00000026043|1|45386948|45386993|+|dn_exon	316	164	177	97
mouse|mouse|Col3a1|ENSMUSG00000026043|1|45386948|45386993|+|exon	1283	220	464	355
mouse|mouse|Col3a1|ENSMUSG00000026043|1|45386948|45386993|+|up_3intron	242	154	110	103
mouse|mouse|Col3a1|ENSMUSG00000026043|1|45386948|45386993|+|up_5intron	438	100	215	558
mouse|mouse|Col3a1|ENSMUSG00000026043|1|45386948|45386993|+|up_exon	397	141	167	90
mouse|mouse|Col3a1|ENSMUSG00000026043|1|45388362|45388406|+|up_3intron	1054	79	28	49
mouse|mouse|Col3a1|ENSMUSG00000026043|1|45388362|45388406|+|up_5intron	240	68	87	304
mouse|mouse|Col3a1|ENSMUSG00000026043|1|45388362|45388406|+|up_exon	529	133	115	28
mouse|mouse|Col3a1|ENSMUSG00000026043|1|45388523|45388621|+|dn_3intron	1267	662	784	4029
mouse|mouse|Col3a1|ENSMUSG00000026043|1|45388523|45388621|+|dn_exon	265	93	185	144
mouse|mouse|Col3a1|ENSMUSG00000026043|1|45390408|45390510|+|dn_3intron	291	57	57	106
mouse|mouse|Col3a1|ENSMUSG00000026043|1|45390408|45390510|+|dn_5intron	144	5	33	37
mouse|mouse|Col3a1|ENSMUSG00000026043|1|45390408|45390510|+|dn_exon	624	322	1479	1169
mouse|mouse|Col3a1|ENSMUSG00000026043|1|45390408|45390510|+|exon	310	61	85	67
mouse|mouse|Col3a1|ENSMUSG00000026043|1|45390408|45390510|+|up_3intron	224	18	4	9
mouse|mouse|Col3a1|ENSMUSG00000026043|1|45390408|45390510|+|up_5intron	369	58	13	17
mouse|mouse|Col3a1|ENSMUSG00000026043|1|45390408|45390510|+|up_exon	215	81	31	55
mouse|mouse|Col3a1|ENSMUSG00000026043|1|45391442|45391495|+|dn_5intron	1320	252	304	751
mouse|mouse|Col3a1|ENSMUSG00000026043|1|45391442|45391495|+|dn_exon	175	83	97	83
mouse|mouse|Col3a1|ENSMUSG00000026043|1|45391442|45391495|+|up_3intron	389	13210	8035	1033
mouse|mouse|Col3a1|ENSMUSG00000026043|1|45391442|45391495|+|up_5intron	210	37	28	118
mouse|mouse|Col3a1|ENSMUSG00000026043|1|45391442|45391495|+|up_exon	255	62	50	32
mouse|mouse|Col3a1|ENSMUSG00000026043|1|45397983|45398090|+|dn_3intron	427	115	85	57
mouse|mouse|Col3a1|ENSMUSG00000026043|1|45397983|45398090|+|dn_5intron	180	44	33	21
mouse|mouse|Col3a1|ENSMUSG00000026043|1|45397983|45398090|+|dn_exon	484	141	95	75
mouse|mouse|Col3a1|ENSMUSG00000026043|1|45397983|45398090|+|exon	73	507	542	70
mouse|mouse|Col3a1|ENSMUSG00000026043|1|45397983|45398090|+|up_5intron	1974	701	2465	4309
mouse|mouse|Col3a1|ENSMUSG00000026043|1|45397983|45398090|+|up_exon	357	105	26	20
mouse|mouse|Col4a1|ENSMUSG00000031502|8|11209404|11209650|-|dn_3intron	575	270	97	21
mouse|mouse|Col4a1|ENSMUSG00000031502|8|11209404|11209650|-|dn_5intron	209	38	40	10
mouse|mouse|Col4a1|ENSMUSG00000031502|8|11209404|11209650|-|dn_exon	387	149	44	36
mouse|mouse|Col4a1|ENSMUSG00000031502|8|11209404|11209650|-|exon	1077	1126	1237	562
mouse|mouse|Col4a1|ENSMUSG00000031502|8|11209404|11209650|-|up_3intron	733	575	1600	2270
mouse|mouse|Col4a1|ENSMUSG00000031502|8|11209404|11209650|-|up_5intron	789	269	137	411
mouse|mouse|Col4a1|ENSMUSG00000031502|8|11209404|11209650|-|up_exon	200	85	36	59
mouse|mouse|Col4a1|ENSMUSG00000031502|8|11212401|11212735|-|dn_3intron	511	132	453	235
mouse|mouse|Col4a1|ENSMUSG00000031502|8|11212401|11212735|-|dn_5intron	82	102	179	332
mouse|mouse|Col4a1|ENSMUSG00000031502|8|11212401|11212735|-|dn_exon	250	110	14	16
mouse|mouse|Col4a1|ENSMUSG00000031502|8|11212401|11212735|-|exon	735	942	10038	1640
mouse|mouse|Col4a1|ENSMUSG00000031502|8|11212401|11212735|-|up_3intron	234	154	47	34
mouse|mouse|Col4a1|ENSMUSG00000031502|8|11212401|11212735|-|up_5intron	674	50	32	31
mouse|mouse|Col4a1|ENSMUSG00000031502|8|11216701|11216799|-|dn_3intron	247	265	113	81
mouse|mouse|Col4a1|ENSMUSG00000031502|8|11216701|11216799|-|dn_5intron	156	99	29	50
mouse|mouse|Col4a1|ENSMUSG00000031502|8|11216701|11216799|-|dn_exon	900	318	69	225
mouse|mouse|Col4a1|ENSMUSG00000031502|8|11216701|11216799|-|exon	239	89	142	65
mouse|mouse|Col4a1|ENSMUSG00000031502|8|11216701|11216799|-|up_3intron	306	113	60	94
mouse|mouse|Col4a1|ENSMUSG00000031502|8|11216701|11216799|-|up_5intron	273	93	224	110
mouse|mouse|Col4a1|ENSMUSG00000031502|8|11216701|11216799|-|up_exon	108	75	141	55
mouse|mouse|Col4a1|ENSMUSG00000031502|8|11218681|11218770|-|dn_3intron	263	80	43	59
mouse|mouse|Col4a1|ENSMUSG00000031502|8|11218681|11218770|-|dn_5intron	422	131	13	29
mouse|mouse|Col4a1|ENSMUSG00000031502|8|11218681|11218770|-|dn_exon	347	118	111	71
mouse|mouse|Col4a1|ENSMUSG00000031502|8|11218681|11218770|-|exon	429	124	52	49
mouse|mouse|Col4a1|ENSMUSG00000031502|8|11218681|11218770|-|up_5intron	587	303	106	155
mouse|mouse|Col4a1|ENSMUSG00000031502|8|11219987|11220076|-|dn_3intron	295	91	14	10
mouse|mouse|Col4a1|ENSMUSG00000031502|8|11219987|11220076|-|dn_5intron	614	115	70	132
mouse|mouse|Col4a1|ENSMUSG00000031502|8|11219987|11220076|-|dn_exon	363	31832	5710	303
mouse|mouse|Col4a1|ENSMUSG00000031502|8|11219987|11220076|-|exon	229	68	52	43
mouse|mouse|Col4a1|ENSMUSG00000031502|8|11219987|11220076|-|up_5intron	141	352	217	11
mouse|mouse|Col4a1|ENSMUSG00000031502|8|11219987|11220076|-|up_exon	966	196	34	34
mouse|mouse|Col4a1|ENSMUSG00000031502|8|11222192|11222293|-|dn_3intron	888	122	51	59
mouse|mouse|Col4a1|ENSMUSG00000031502|8|11222192|11222293|-|dn_5intron	237	138	200	508
mouse|mouse|Col4a1|ENSMUSG00000031502|8|11222192|11222293|-|dn_exon	72	76	60	1
mouse|mouse|Col4a1|ENSMUSG00000031502|8|11222192|11222293|-|exon	1107	288	88	68
mouse|mouse|Col4a1|ENSMUSG00000031502|8|11222192|11222293|-|up_3intron	376	193	530	311
mouse|mouse|Col4a1|ENSMUSG00000031502|8|11222192|11222293|-|up_5intron	650	243	110	147
mouse|mouse|Col4a1|ENSMUSG00000031502|8|11222192|11222293|-|up_exon	233	182	149	11
mouse|mouse|Col4a1|ENSMUSG00000031502|8|11226325|11226493|-|dn_3intron	276	106	114	70
mouse|mouse|Col4a1|ENSMUSG00000031502|8|11226325|11226493|-|dn_5intron	21	35	18	8
mouse|mouse|Col4a1|ENSMUSG00000031502|8|11226325|11226493|-|dn_exon	648	148	67	54
mouse|mouse|Col4a1|ENSMUSG00000031502|8|11226325|11226493|-|exon	274	117	34	9
mouse|mouse|Col4a1|ENSMUSG00000031502|8|11226325|11226493|-|up_3intron	470	230	79	197
mouse|mouse|Col4a1|ENSMUSG00000031502|8|11226325|11226493|-|up_5intron	536	210	678	1085
mouse|mouse|Col4a1|ENSMUSG00000031502|8|11226325|11226493|-|up_exon	182	216	283	60
mouse|mouse|Col5a2|ENSMUSG00000026042|1|45448669|45448780|-|dn_5intron	424	198	283	1372
mouse|mouse|Col5a2|ENSMUSG00000026042|1|45449149|45449202|-|up_3intron	268	74	25	76
mouse|mouse|Col5a2|ENSMUSG00000026042|1|45449149|45449202|-|up_5intron	193	42	28	73
mouse|mouse|Col5a2|ENSMUSG00000026042|1|45449149|45449202|-|up_exon	418	140	243	462
mouse|mouse|Col5a2|ENSMUSG00000026042|1|45461578|45461676|-|dn_3intron	507	59	146	1077
mouse|mouse|Col5a2|ENSMUSG00000026042|1|45461578|45461676|-|dn_5intron	482	155	39	538
mouse|mouse|Col5a2|ENSMUSG00000026042|1|45461578|45461676|-|dn_exon	100	25	45	21
mouse|mouse|Col5a2|ENSMUSG00000026042|1|45461578|45461676|-|exon	159	56	30	14
mouse|mouse|Col5a2|ENSMUSG00000026042|1|45461578|45461676|-|up_3intron	558	79	169	293
mouse|mouse|Col5a2|ENSMUSG00000026042|1|45461578|45461676|-|up_5intron	232	40	62	98
mouse|mouse|Col5a2|ENSMUSG00000026042|1|45461578|45461676|-|up_exon	580	136	160	125
mouse|mouse|Col5a2|ENSMUSG00000026042|1|45463867|45463965|-|dn_3intron	441	118	264	634
mouse|mouse|Col5a2|ENSMUSG00000026042|1|45463867|45463965|-|dn_exon	178	24	22	19
mouse|mouse|Col5a2|ENSMUSG00000026042|1|45463867|45463965|-|exon	70	130	73	9
mouse|mouse|Col5a2|ENSMUSG00000026042|1|45463867|45463965|-|up_5intron	786	173	60	27
mouse|mouse|Col6a1|ENSMUSG00000001119|10|76176371|76176406|-|dn_3intron	320	77	26	47
mouse|mouse|Col6a1|ENSMUSG00000001119|10|76176371|76176406|-|dn_5intron	198	74	79	50
mouse|mouse|Col6a1|ENSMUSG00000001119|10|76176371|76176406|-|dn_exon	338	75	91	200
mouse|mouse|Col6a1|ENSMUSG00000001119|10|76176371|76176406|-|exon	454	127	144	153
mouse|mouse|Col6a1|ENSMUSG00000001119|10|76176371|76176406|-|up_3intron	484	114	63	33
mouse|mouse|Col6a1|ENSMUSG00000001119|10|76176371|76176406|-|up_exon	95	55	12	1
mouse|mouse|Col6a1|ENSMUSG00000001119|10|76176371|76176406|-|utr	662	230	236	519
mouse|mouse|Col6a1|ENSMUSG00000001119|10|76177159|76177194|-|dn_3intron	579	166	203	537
mouse|mouse|Col6a1|ENSMUSG00000001119|10|76177159|76177194|-|dn_5intron	1394	276	276	1045
mouse|mouse|Col6a1|ENSMUSG00000001119|10|76177159|76177194|-|dn_exon	259	51	111	40
mouse|mouse|Col6a1|ENSMUSG00000001119|10|76177159|76177194|-|exon	587	235	116	272
mouse|mouse|Col6a1|ENSMUSG00000001119|10|76177159|76177194|-|up_3intron	729	190	115	165
mouse|mouse|Commd10|ENSMUSG00000042705|18|47127394|47127555|+|deep_dn	764	172	56	70
mouse|mouse|Commd10|ENSMUSG00000042705|18|47127394|47127555|+|deep_up	1022	195	236	1123
mouse|mouse|Commd10|ENSMUSG00000042705|18|47127394|47127555|+|dn_3intron	422	339	290	794
mouse|mouse|Commd10|ENSMUSG00000042705|18|47127394|47127555|+|dn_5intron	648	127	91	119
mouse|mouse|Commd10|ENSMUSG00000042705|18|47127394|47127555|+|dn_exon	247	97	20	33
mouse|mouse|Coq6|ENSMUSG00000021235|12|85709376|85709659|+|dn_3intron	2781	865	209	725
mouse|mouse|Coq6|ENSMUSG00000021235|12|85709376|85709659|+|dn_5intron	556	210	94	48
mouse|mouse|Coq6|ENSMUSG00000021235|12|85709376|85709659|+|dn_exon	1058	323	499	365
mouse|mouse|Coq6|ENSMUSG00000021235|12|85709376|85709659|+|exon	1052	230	34	57
mouse|mouse|Coq6|ENSMUSG00000021235|12|85709376|85709659|+|up_3intron	280	67	143	531
mouse|mouse|Coq6|ENSMUSG00000021235|12|85709376|85709659|+|up_5intron	1404	250	468	541
mouse|mouse|Coq6|ENSMUSG00000021235|12|85709376|85709659|+|up_exon	286	161	281	224
mouse|mouse|Cox15|ENSMUSG00000040018|19|43821226|43821412|-|dn_3intron	339	162	39	72
mouse|mouse|Cox15|ENSMUSG00000040018|19|43821226|43821412|-|dn_5intron	138	24	9	10
mouse|mouse|Cox15|ENSMUSG00000040018|19|43821226|43821412|-|dn_exon	254	228	14	23
mouse|mouse|Cox15|ENSMUSG00000040018|19|43821226|43821412|-|exon	564	1064	2163	758
mouse|mouse|Cox15|ENSMUSG00000040018|19|43821226|43821412|-|up_3intron	322	78	9	43
mouse|mouse|Cox15|ENSMUSG00000040018|19|43821226|43821412|-|up_5intron	482	125	391	513
mouse|mouse|Cox15|ENSMUSG00000040018|19|43821226|43821412|-|up_exon	236	61	22	16
mouse|mouse|Cpne1|ENSMUSG00000074643|2|155899535|155899794|-|dn_5intron	182	74	168	34
mouse|mouse|Cpne1|ENSMUSG00000074643|2|155899535|155899794|-|dn_exon	501	347	573	681
mouse|mouse|Cpne1|ENSMUSG00000074643|2|155899535|155899794|-|exon	153	30	40	19
mouse|mouse|Cpne1|ENSMUSG00000074643|2|155899535|155899794|-|up_5intron	43	179	403	137
mouse|mouse|Cpne1|ENSMUSG00000074643|2|155899535|155899794|-|up_exon	604	159	65	73
mouse|mouse|Creb1|ENSMUSG00000025958|1|64620647|64620829|+|dn_3intron	561	76	27	29
mouse|mouse|Creb1|ENSMUSG00000025958|1|64620647|64620829|+|dn_5intron	145	67	58	193
mouse|mouse|Creb1|ENSMUSG00000025958|1|64620647|64620829|+|dn_exon	261	30	74	186
mouse|mouse|Creb1|ENSMUSG00000025958|1|64620647|64620829|+|exon	45	115	53	10
mouse|mouse|Creb1|ENSMUSG00000025958|1|64620647|64620829|+|up_3intron	326	539	3255	962
mouse|mouse|Creb1|ENSMUSG00000025958|1|64620647|64620829|+|up_5intron	163	111	452	505
mouse|mouse|Creb1|ENSMUSG00000025958|1|64620647|64620829|+|up_exon	13	100	46	99
mouse|mouse|Cse1l|ENSMUSG00000002718|2|166757633|166757694|+|dn_3intron	387	83	22	68
mouse|mouse|Cse1l|ENSMUSG00000002718|2|166757633|166757694|+|dn_5intron	487	217	69	450
mouse|mouse|Cse1l|ENSMUSG00000002718|2|166757633|166757694|+|dn_exon	1202	374	350	479
mouse|mouse|Cse1l|ENSMUSG00000002718|2|166757633|166757694|+|exon	1088	327	531	2569
mouse|mouse|Cse1l|ENSMUSG00000002718|2|166757633|166757694|+|up_3intron	1033	190	137	184
mouse|mouse|Cse1l|ENSMUSG00000002718|2|166757633|166757694|+|up_5intron	1184	359	558	3355
mouse|mouse|Cse1l|ENSMUSG00000002718|2|166757633|166757694|+|up_exon	1393	208	144	177
mouse|mouse|Cse1l|ENSMUSG00000002718|2|166765135|166765285|+|dn_5intron	541	138	154	153
mouse|mouse|Cse1l|ENSMUSG00000002718|2|166765135|166765285|+|dn_exon	460	212	172	420
mouse|mouse|Cse1l|ENSMUSG00000002718|2|166765135|166765285|+|exon	233	83	69	185
mouse|mouse|Cse1l|ENSMUSG00000002718|2|166765135|166765285|+|up_3intron	216	29	22	64
mouse|mouse|Cse1l|ENSMUSG00000002718|2|166765135|166765285|+|up_5intron	489	378	575	1006
mouse|mouse|Cse1l|ENSMUSG00000002718|2|166765135|166765285|+|up_exon	451	135	35	39
mouse|mouse|Csf1r|ENSMUSG00000024621|18|61284065|61284235|+|dn_3intron	579	2510	3729	1162
mouse|mouse|Csf1r|ENSMUSG00000024621|18|61284065|61284235|+|dn_5intron	140	82	91	45
mouse|mouse|Csf1r|ENSMUSG00000024621|18|61284065|61284235|+|dn_exon	311	101	99	100
mouse|mouse|Csf1r|ENSMUSG00000024621|18|61284065|61284235|+|exon	63	95	145	123
mouse|mouse|Csf1r|ENSMUSG00000024621|18|61284065|61284235|+|up_exon	225	99	272	336
mouse|mouse|Csnk2a2|ENSMUSG00000046707|8|97983972|97984073|-|dn_3intron	346	76	22	35
mouse|mouse|Csnk2a2|ENSMUSG00000046707|8|97983972|97984073|-|dn_5intron	776	268	512	548
mouse|mouse|Csnk2a2|ENSMUSG00000046707|8|97983972|97984073|-|dn_exon	140	339	441	581
mouse|mouse|Csnk2a2|ENSMUSG00000046707|8|97983972|97984073|-|exon	264	3491	4309	904
mouse|mouse|Csnk2a2|ENSMUSG00000046707|8|97983972|97984073|-|up_3intron	394	73	22	20
mouse|mouse|Csnk2a2|ENSMUSG00000046707|8|97983972|97984073|-|up_5intron	132	95	198	1141
mouse|mouse|Csnk2a2|ENSMUSG00000046707|8|97983972|97984073|-|up_exon	615	191	16	77
mouse|mouse|Csrp2bp|ENSMUSG00000027425|2|144214911|144215092|+|dn_3intron	343	57	73	55
mouse|mouse|Csrp2bp|ENSMUSG00000027425|2|144214911|144215092|+|dn_5intron	52	70	22	7
mouse|mouse|Csrp2bp|ENSMUSG00000027425|2|144214911|144215092|+|dn_exon	196	65	41	25
mouse|mouse|Csrp2bp|ENSMUSG00000027425|2|144214911|144215092|+|exon	337	144	224	74
mouse|mouse|Csrp2bp|ENSMUSG00000027425|2|144214911|144215092|+|up_5intron	675	158	79	74
mouse|mouse|Csrp2bp|ENSMUSG00000027425|2|144214911|144215092|+|up_exon	219	94	60	67
mouse|mouse|Ctps2|ENSMUSG00000031360|X|159341366|159341570|+|dn_3intron	600	156	47	27
mouse|mouse|Ctps2|ENSMUSG00000031360|X|159341366|159341570|+|dn_5intron	1163	301	815	1053
mouse|mouse|Ctps2|ENSMUSG00000031360|X|159341366|159341570|+|dn_exon	311	217	376	267
mouse|mouse|Ctps2|ENSMUSG00000031360|X|159341366|159341570|+|exon	424	94	123	89
mouse|mouse|Ctps2|ENSMUSG00000031360|X|159341366|159341570|+|up_3intron	77	99	126	211
mouse|mouse|Ctps2|ENSMUSG00000031360|X|159341366|159341570|+|up_5intron	650	1768	2547	818
mouse|mouse|Ctps2|ENSMUSG00000031360|X|159341366|159341570|+|up_exon	1330	465	389	427
mouse|mouse|Ctps2|ENSMUSG00000031360|X|159341366|159341570|+|utr	657	659	1114	730
mouse|mouse|Ctsb|ENSMUSG00000021939|14|63757836|63757952|+|dn_3intron	1331	243	115	155
mouse|mouse|Ctsb|ENSMUSG00000021939|14|63757836|63757952|+|dn_5intron	63	58	27	24
mouse|mouse|Ctsb|ENSMUSG00000021939|14|63757836|63757952|+|dn_exon	502	316	450	368
mouse|mouse|Ctsb|ENSMUSG00000021939|14|63757836|63757952|+|exon	134	12	1	7
mouse|mouse|Ctsb|ENSMUSG00000021939|14|63757836|63757952|+|up_3intron	526	239	45	64
mouse|mouse|Ctsb|ENSMUSG00000021939|14|63757836|63757952|+|up_5intron	143	89	56	53
mouse|mouse|Ctsb|ENSMUSG00000021939|14|63757836|63757952|+|up_exon	80	214	97	31
mouse|mouse|Ctsb|ENSMUSG00000021939|14|63757836|63757952|+|utr	1123	1189	1164	1724
mouse|mouse|Ctso|ENSMUSG00000028015|3|81756117|81756213|+|dn_3intron	191	16	12	40
mouse|mouse|Ctso|ENSMUSG00000028015|3|81756117|81756213|+|dn_5intron	363	96	172	157
mouse|mouse|Ctso|ENSMUSG00000028015|3|81756117|81756213|+|dn_exon	457	54	58	32
mouse|mouse|Ctso|ENSMUSG00000028015|3|81756117|81756213|+|exon	523	283	802	276
mouse|mouse|Ctso|ENSMUSG00000028015|3|81756117|81756213|+|up_3intron	4618	752	1294	5739
mouse|mouse|Ctso|ENSMUSG00000028015|3|81756117|81756213|+|up_5intron	105	118	146	66
mouse|mouse|Ctso|ENSMUSG00000028015|3|81756117|81756213|+|up_exon	1351	183	99	126
mouse|mouse|D10Wsu52e|ENSMUSG00000001783|10|85404644|85404763|-|dn_3intron	393	94	66	94
mouse|mouse|D10Wsu52e|ENSMUSG00000001783|10|85404644|85404763|-|dn_5intron	626	488	547	341
mouse|mouse|D10Wsu52e|ENSMUSG00000001783|10|85404644|85404763|-|dn_exon	127	62	39	22
mouse|mouse|D10Wsu52e|ENSMUSG00000001783|10|85404644|85404763|-|exon	605	187	114	33
mouse|mouse|D10Wsu52e|ENSMUSG00000001783|10|85404644|85404763|-|up_3intron	398	75	205	690
mouse|mouse|D10Wsu52e|ENSMUSG00000001783|10|85404644|85404763|-|up_5intron	324	270	888	3712
mouse|mouse|D10Wsu52e|ENSMUSG00000001783|10|85404644|85404763|-|up_exon	452	130	104	267
mouse|mouse|D19Ertd737e|ENSMUSG00000057858|19|60296229|60296263|-|dn_3intron	617	80	143	420
mouse|mouse|D19Ertd737e|ENSMUSG00000057858|19|60296229|60296263|-|dn_exon	140	27	65	162
mouse|mouse|D19Ertd737e|ENSMUSG00000057858|19|60296229|60296263|-|exon	592	281	778	1443
mouse|mouse|D19Ertd737e|ENSMUSG00000057858|19|60296229|60296263|-|up_5intron	391	102	103	168
mouse|mouse|Dach1|ENSMUSG00000055639|14|98227460|98227769|-|dn_3intron	283	19	21	18
mouse|mouse|Dach1|ENSMUSG00000055639|14|98227460|98227769|-|dn_5intron	511	262	1675	2270
mouse|mouse|Dach1|ENSMUSG00000055639|14|98227460|98227769|-|dn_exon	610	124	159	196
mouse|mouse|Dach1|ENSMUSG00000055639|14|98227460|98227769|-|exon	170	30	172	169
mouse|mouse|Dach1|ENSMUSG00000055639|14|98227460|98227769|-|up_3intron	190	32	48	155
mouse|mouse|Dach1|ENSMUSG00000055639|14|98227460|98227769|-|up_5intron	335	72	271	1050
mouse|mouse|Dach1|ENSMUSG00000055639|14|98227460|98227769|-|up_exon	9	5	9	2
mouse|mouse|Dap3|ENSMUSG00000068921|3|88732131|88732289|-|dn_3intron	155	37	55	20
mouse|mouse|Dap3|ENSMUSG00000068921|3|88732131|88732289|-|dn_5intron	485	82	47	134
mouse|mouse|Dap3|ENSMUSG00000068921|3|88732131|88732289|-|dn_exon	191	268	141	167
mouse|mouse|Dap3|ENSMUSG00000068921|3|88732131|88732289|-|exon	233	100	56	20
mouse|mouse|Dap3|ENSMUSG00000068921|3|88732131|88732289|-|up_5intron	196	200	48	47
mouse|mouse|Dcun1d5|ENSMUSG00000032002|9|7204393|7205400|+|dn_3intron	328	70	486	236
mouse|mouse|Dcun1d5|ENSMUSG00000032002|9|7204393|7205400|+|dn_5intron	176	56	163	292
mouse|mouse|Dcun1d5|ENSMUSG00000032002|9|7204393|7205400|+|dn_exon	853	406	307	479
mouse|mouse|Dcun1d5|ENSMUSG00000032002|9|7204393|7205400|+|exon	315	57	40	44
mouse|mouse|Dcun1d5|ENSMUSG00000032002|9|7204393|7205400|+|up_3intron	397	161	10	30
mouse|mouse|Dcun1d5|ENSMUSG00000032002|9|7204393|7205400|+|up_exon	231	58	33	71
mouse|mouse|Ddx27|ENSMUSG00000017999|2|166853778|166853931|+|dn_3intron	1232	168	79	33
mouse|mouse|Ddx27|ENSMUSG00000017999|2|166853778|166853931|+|dn_5intron	201	85	88	45
mouse|mouse|Ddx27|ENSMUSG00000017999|2|166853778|166853931|+|dn_exon	412	151	317	524
mouse|mouse|Ddx27|ENSMUSG00000017999|2|166853778|166853931|+|exon	414	15640	3482	419
mouse|mouse|Ddx27|ENSMUSG00000017999|2|166853778|166853931|+|up_3intron	73	708	213	42
mouse|mouse|Ddx27|ENSMUSG00000017999|2|166853778|166853931|+|up_5intron	1065	336	134	87
mouse|mouse|Ddx27|ENSMUSG00000017999|2|166853778|166853931|+|up_exon	145	90	30	9
mouse|mouse|Ddx46|ENSMUSG00000021500|13|55756357|55756491|+|dn_3intron	300	483	175	162
mouse|mouse|Ddx46|ENSMUSG00000021500|13|55756357|55756491|+|dn_5intron	253	67	149	1751
mouse|mouse|Ddx46|ENSMUSG00000021500|13|55756357|55756491|+|dn_exon	627	127	173	1304
mouse|mouse|Ddx46|ENSMUSG00000021500|13|55756357|55756491|+|exon	625	164	284	202
mouse|mouse|Ddx46|ENSMUSG00000021500|13|55756357|55756491|+|up_3intron	477	116	77	135
mouse|mouse|Ddx46|ENSMUSG00000021500|13|55756357|55756491|+|up_5intron	919	345	493	2677
mouse|mouse|Ddx46|ENSMUSG00000021500|13|55756357|55756491|+|up_exon	754	120	43	117
mouse|mouse|Ddx54|ENSMUSG00000029599|5|121076843|121076958|+|dn_5intron	178	170	280	135
mouse|mouse|Ddx54|ENSMUSG00000029599|5|121076843|121076958|+|dn_exon	542	216	121	133
mouse|mouse|Ddx54|ENSMUSG00000029599|5|121076843|121076958|+|exon	314	99	89	64
mouse|mouse|Ddx54|ENSMUSG00000029599|5|121076843|121076958|+|up_3intron	327	64	48	15
mouse|mouse|Ddx54|ENSMUSG00000029599|5|121076843|121076958|+|up_5intron	173	68	58	32
mouse|mouse|Ddx54|ENSMUSG00000029599|5|121076843|121076958|+|up_exon	258	69	21	10
mouse|mouse|Ddx5|ENSMUSG00000020719|11|106647381|106647446|-|dn_3intron	171	60	15	23
mouse|mouse|Ddx5|ENSMUSG00000020719|11|106647381|106647446|-|dn_5intron	190	45	39	107
mouse|mouse|Ddx5|ENSMUSG00000020719|11|106647381|106647446|-|dn_exon	282	61	97	306
mouse|mouse|Ddx5|ENSMUSG00000020719|11|106647381|106647446|-|exon	159	125	135	399
mouse|mouse|Ddx5|ENSMUSG00000020719|11|106647381|106647446|-|up_exon	246	119	112	261
mouse|mouse|Dennd1a|ENSMUSG00000035392|2|37707916|37708018|-|dn_3intron	315	81	75	209
mouse|mouse|Dennd1a|ENSMUSG00000035392|2|37707916|37708018|-|dn_5intron	557	115	212	814
mouse|mouse|Dennd1a|ENSMUSG00000035392|2|37707916|37708018|-|dn_exon	402	158	93	122
mouse|mouse|Dennd1a|ENSMUSG00000035392|2|37707916|37708018|-|exon	125	18	31	108
mouse|mouse|Dennd1a|ENSMUSG00000035392|2|37707916|37708018|-|up_3intron	142	25	33	155
mouse|mouse|Dennd1a|ENSMUSG00000035392|2|37707916|37708018|-|up_5intron	277	629	2398	834
mouse|mouse|Dennd1a|ENSMUSG00000035392|2|37707916|37708018|-|up_exon	375	56	59	73
mouse|mouse|Dhx30|ENSMUSG00000032480|9|109989607|109989704|-|dn_3intron	767	192	80	84
mouse|mouse|Dhx30|ENSMUSG00000032480|9|109989607|109989704|-|dn_exon	668	300	524	534
mouse|mouse|Dhx30|ENSMUSG00000032480|9|109989607|109989704|-|up_3intron	475	172	76	88
mouse|mouse|Dhx30|ENSMUSG00000032480|9|109989607|109989704|-|up_5intron	827	157	84	39
mouse|mouse|Dhx30|ENSMUSG00000032480|9|109989607|109989704|-|up_exon	1375	450	319	98
mouse|mouse|Dirc2|ENSMUSG00000022848|16|35704840|35705022|-|deep_dn	218	94	155	126
mouse|mouse|Dirc2|ENSMUSG00000022848|16|35704840|35705022|-|deep_up	124	192	41	133
mouse|mouse|Dirc2|ENSMUSG00000022848|16|35704840|35705022|-|dn_3intron	467	171	122	116
mouse|mouse|Dirc2|ENSMUSG00000022848|16|35704840|35705022|-|dn_5intron	314	65	79	276
mouse|mouse|Dirc2|ENSMUSG00000022848|16|35704840|35705022|-|dn_exon	607	135	48	36
mouse|mouse|Dirc2|ENSMUSG00000022848|16|35704840|35705022|-|exon	661	144	137	447
mouse|mouse|Dirc2|ENSMUSG00000022848|16|35704840|35705022|-|up_3intron	73	641	65	53
mouse|mouse|Dirc2|ENSMUSG00000022848|16|35704840|35705022|-|up_5intron	977	367	630	410
mouse|mouse|Dirc2|ENSMUSG00000022848|16|35704840|35705022|-|up_exon	1184	606	927	1816
mouse|mouse|Dixdc1|ENSMUSG00000032064|9|50490642|50490731|-|dn_3intron	831	222	108	279
mouse|mouse|Dixdc1|ENSMUSG00000032064|9|50490642|50490731|-|dn_5intron	481	142	124	83
mouse|mouse|Dixdc1|ENSMUSG00000032064|9|50490642|50490731|-|dn_exon	827	280	120	497
mouse|mouse|Dixdc1|ENSMUSG00000032064|9|50490642|50490731|-|exon	362	102	29	80
mouse|mouse|Dixdc1|ENSMUSG00000032064|9|50490642|50490731|-|up_3intron	348	74	82	53
mouse|mouse|Dixdc1|ENSMUSG00000032064|9|50490642|50490731|-|up_5intron	1258	582	1249	4705
mouse|mouse|Dixdc1|ENSMUSG00000032064|9|50490642|50490731|-|up_exon	523	129	28	23
mouse|mouse|Dnaja1|ENSMUSG00000028410|4|40674969|40675216|+|dn_5intron	703	193	86	265
mouse|mouse|Dnaja1|ENSMUSG00000028410|4|40674969|40675216|+|dn_exon	47	71	60	30
mouse|mouse|Dnaja1|ENSMUSG00000028410|4|40674969|40675216|+|exon	38	80	105	148
mouse|mouse|Dnaja1|ENSMUSG00000028410|4|40674969|40675216|+|up_3intron	415	149	238	538
mouse|mouse|Dnaja1|ENSMUSG00000028410|4|40674969|40675216|+|up_5intron	346	244	576	437
mouse|mouse|Dnaja1|ENSMUSG00000028410|4|40674969|40675216|+|up_exon	489	158	771	1394
mouse|mouse|Dot1l|ENSMUSG00000061589|10|80244888|80244931|+|dn_3intron	1087	224	281	318
mouse|mouse|Dot1l|ENSMUSG00000061589|10|80244888|80244931|+|dn_5intron	312	259	200	93
mouse|mouse|Dot1l|ENSMUSG00000061589|10|80244888|80244931|+|dn_exon	186	72	71	45
mouse|mouse|Dot1l|ENSMUSG00000061589|10|80244888|80244931|+|exon	77	86	343	751
mouse|mouse|Dot1l|ENSMUSG00000061589|10|80244888|80244931|+|up_3intron	834	202	161	155
mouse|mouse|Dot1l|ENSMUSG00000061589|10|80244888|80244931|+|up_5intron	574	521	131	148
mouse|mouse|Dot1l|ENSMUSG00000061589|10|80244888|80244931|+|up_exon	724	365	193	488
mouse|mouse|Dot1l|ENSMUSG00000061589|10|80244888|80244931|+|utr	1438	326	344	466
mouse|mouse|Dpyd|ENSMUSG00000033308|3|118702088|118702380|+|dn_3intron	461	127	196	664
mouse|mouse|Dpyd|ENSMUSG00000033308|3|118702088|118702380|+|dn_5intron	1282	236	369	441
mouse|mouse|Dpyd|ENSMUSG00000033308|3|118702088|118702380|+|dn_exon	977	485	626	1309
mouse|mouse|Dpyd|ENSMUSG00000033308|3|118702088|118702380|+|exon	298	120	38	57
mouse|mouse|Dpyd|ENSMUSG00000033308|3|118702088|118702380|+|up_3intron	200	1374	2951	301
mouse|mouse|Dpyd|ENSMUSG00000033308|3|118702088|118702380|+|up_5intron	418	136	186	222
mouse|mouse|Dpyd|ENSMUSG00000033308|3|118702088|118702380|+|up_exon	309	58	10	65
mouse|mouse|Dtnb|ENSMUSG00000071454|12|3643917|3644103|+|deep_dn	1597	1365	7636	7442
mouse|mouse|Dtnb|ENSMUSG00000071454|12|3643917|3644103|+|deep_up	227	45	40	113
mouse|mouse|Dtnb|ENSMUSG00000071454|12|3643917|3644103|+|dn_3intron	421	333	129	406
mouse|mouse|Dtnb|ENSMUSG00000071454|12|3643917|3644103|+|dn_5intron	388	69	244	410
mouse|mouse|Dtnb|ENSMUSG00000071454|12|3643917|3644103|+|dn_exon	333	73	26	74
mouse|mouse|Dtnb|ENSMUSG00000071454|12|3643917|3644103|+|exon	708	287	85	42
mouse|mouse|Dtnb|ENSMUSG00000071454|12|3643917|3644103|+|up_3intron	211	96	157	483
mouse|mouse|Dtnb|ENSMUSG00000071454|12|3643917|3644103|+|up_5intron	259	167	187	63
mouse|mouse|Dus3l|ENSMUSG00000007603|17|56907896|56908051|+|dn_3intron	814	939	995	882
mouse|mouse|Dus3l|ENSMUSG00000007603|17|56907896|56908051|+|dn_exon	411	168	17	19
mouse|mouse|Dus3l|ENSMUSG00000007603|17|56907896|56908051|+|exon	559	351	685	224
mouse|mouse|Dus3l|ENSMUSG00000007603|17|56907896|56908051|+|up_3intron	739	190	28	10
mouse|mouse|Dus3l|ENSMUSG00000007603|17|56907896|56908051|+|up_5intron	765	1364	1194	1085
mouse|mouse|Dvl3|ENSMUSG00000003233|16|20525689|20525851|+|dn_5intron	236	171	17	15
mouse|mouse|Dvl3|ENSMUSG00000003233|16|20525689|20525851|+|dn_exon	116	148	157	100
mouse|mouse|Dvl3|ENSMUSG00000003233|16|20525689|20525851|+|exon	377	144	75	68
mouse|mouse|Dvl3|ENSMUSG00000003233|16|20525689|20525851|+|up_3intron	299	366	855	1008
mouse|mouse|Dvl3|ENSMUSG00000003233|16|20525689|20525851|+|up_5intron	267	128	252	194
mouse|mouse|Dvl3|ENSMUSG00000003233|16|20525689|20525851|+|up_exon	702	382	122	177
mouse|mouse|Eif2s1|ENSMUSG00000021116|12|79967513|79967754|+|deep_dn	80	21	94	30
mouse|mouse|Eif2s1|ENSMUSG00000021116|12|79967513|79967754|+|deep_up	101	26	50	48
mouse|mouse|Eif2s1|ENSMUSG00000021116|12|79967513|79967754|+|dn_3intron	500	65	10	50
mouse|mouse|Eif2s1|ENSMUSG00000021116|12|79967513|79967754|+|dn_exon	238	20	3	19
mouse|mouse|Eif2s1|ENSMUSG00000021116|12|79967513|79967754|+|exon	238	1732	1836	1601
mouse|mouse|Eif2s1|ENSMUSG00000021116|12|79967513|79967754|+|up_3intron	390	62	68	188
mouse|mouse|Eif2s1|ENSMUSG00000021116|12|79967513|79967754|+|up_5intron	496	630	413	24
mouse|mouse|Eif2s1|ENSMUSG00000021116|12|79967513|79967754|+|up_exon	336	154	49	29
mouse|mouse|Eif2s1|ENSMUSG00000021116|12|79980938|79981044|+|dn_3intron	442	128	104	128
mouse|mouse|Eif2s1|ENSMUSG00000021116|12|79980938|79981044|+|dn_5intron	488	112	90	682
mouse|mouse|Eif2s1|ENSMUSG00000021116|12|79980938|79981044|+|dn_exon	47	266	1850	665
mouse|mouse|Eif2s1|ENSMUSG00000021116|12|79980938|79981044|+|exon	439	48	130	192
mouse|mouse|Eif2s1|ENSMUSG00000021116|12|79980938|79981044|+|up_3intron	305	76	694	1051
mouse|mouse|Eif2s1|ENSMUSG00000021116|12|79980938|79981044|+|up_5intron	495	101	150	338
mouse|mouse|Eif2s1|ENSMUSG00000021116|12|79980938|79981044|+|up_exon	440	126	48	75
mouse|mouse|Eif3a|ENSMUSG00000024991|19|60845769|60845922|-|dn_3intron	41	18	34	31
mouse|mouse|Eif3a|ENSMUSG00000024991|19|60845769|60845922|-|dn_5intron	701	142	145	124
mouse|mouse|Eif3a|ENSMUSG00000024991|19|60845769|60845922|-|up_3intron	281	67	92	298
mouse|mouse|Eif3a|ENSMUSG00000024991|19|60845769|60845922|-|up_5intron	396	113	403	657
mouse|mouse|Eif3a|ENSMUSG00000024991|19|60845769|60845922|-|up_exon	412	369	248	536
mouse|mouse|Eif3a|ENSMUSG00000024991|19|60845769|60845922|-|utr	486	122	28	78
mouse|mouse|Elp2|ENSMUSG00000024271|18|24772530|24772981|+|dn_3intron	331	271	228	61
mouse|mouse|Elp2|ENSMUSG00000024271|18|24772530|24772981|+|dn_5intron	940	769	535	728
mouse|mouse|Elp2|ENSMUSG00000024271|18|24772530|24772981|+|dn_exon	326	107	20	64
mouse|mouse|Elp2|ENSMUSG00000024271|18|24772530|24772981|+|exon	646	235	442	624
mouse|mouse|Elp2|ENSMUSG00000024271|18|24772530|24772981|+|up_3intron	216	348	373	1118
mouse|mouse|Elp2|ENSMUSG00000024271|18|24772530|24772981|+|up_5intron	280	86	47	178
mouse|mouse|Elp2|ENSMUSG00000024271|18|24772530|24772981|+|up_exon	470	310	130	565
mouse|mouse|Ept1|ENSMUSG00000075703|5|30588537|30589665|+|dn_3intron	699	256	348	1968
mouse|mouse|Ept1|ENSMUSG00000075703|5|30588537|30589665|+|dn_5intron	310	62	121	138
mouse|mouse|Ept1|ENSMUSG00000075703|5|30588537|30589665|+|dn_exon	641	163	87	344
mouse|mouse|Ept1|ENSMUSG00000075703|5|30588537|30589665|+|exon	201	216	208	156
mouse|mouse|Ept1|ENSMUSG00000075703|5|30588537|30589665|+|up_5intron	159	22	24	273
mouse|mouse|Ermp1|ENSMUSG00000046324|19|29714347|29714474|-|dn_3intron	103	113	102	2
mouse|mouse|Ermp1|ENSMUSG00000046324|19|29714347|29714474|-|dn_5intron	175	28	86	186
mouse|mouse|Ermp1|ENSMUSG00000046324|19|29714347|29714474|-|dn_exon	36	86	107	87
mouse|mouse|Ezh1|ENSMUSG00000006920|11|101055782|101056186|-|dn_3intron	201	102	8	20
mouse|mouse|Ezh1|ENSMUSG00000006920|11|101055782|101056186|-|dn_5intron	441	386	149	163
mouse|mouse|Ezh1|ENSMUSG00000006920|11|101055782|101056186|-|dn_exon	340	153	310	724
mouse|mouse|Ezh1|ENSMUSG00000006920|11|101055782|101056186|-|exon	2133	335	290	470
mouse|mouse|Ezh1|ENSMUSG00000006920|11|101055782|101056186|-|up_5intron	439	165	20	51
mouse|mouse|Ezh1|ENSMUSG00000006920|11|101055782|101056186|-|up_exon	896	342	297	171
mouse|mouse|Ezh2|ENSMUSG00000029687|6|47481740|47481824|-|dn_3intron	604	516	941	786
mouse|mouse|Ezh2|ENSMUSG00000029687|6|47481740|47481824|-|dn_5intron	541	160	158	130
mouse|mouse|Ezh2|ENSMUSG00000029687|6|47481740|47481824|-|dn_exon	140	60	172	292
mouse|mouse|Ezh2|ENSMUSG00000029687|6|47481740|47481824|-|exon	336	94	48	159
mouse|mouse|Ezh2|ENSMUSG00000029687|6|47481740|47481824|-|up_3intron	408	228	44	86
mouse|mouse|Ezh2|ENSMUSG00000029687|6|47481740|47481824|-|up_exon	350	60	116	236
mouse|mouse|Fam171a1|ENSMUSG00000050530|2|3103695|3103787|+|deep_dn	511	196	281	343
mouse|mouse|Fam171a1|ENSMUSG00000050530|2|3103695|3103787|+|deep_up	364	104	67	39
mouse|mouse|Fam171a1|ENSMUSG00000050530|2|3103695|3103787|+|dn_3intron	225	550	1344	148
mouse|mouse|Fam171a1|ENSMUSG00000050530|2|3103695|3103787|+|dn_5intron	511	86	35	52
mouse|mouse|Fam171a1|ENSMUSG00000050530|2|3103695|3103787|+|exon	857	309	100	111
mouse|mouse|Fam171a1|ENSMUSG00000050530|2|3103695|3103787|+|up_3intron	372	131	150	135
mouse|mouse|Fam171a1|ENSMUSG00000050530|2|3103695|3103787|+|up_5intron	621	326	302	501
mouse|mouse|Fam171a1|ENSMUSG00000050530|2|3103695|3103787|+|up_exon	1175	258	251	752
mouse|mouse|Fam49b|ENSMUSG00000022378|15|63802481|63802523|-|deep_dn	1478	269	93	271
mouse|mouse|Fam49b|ENSMUSG00000022378|15|63802481|63802523|-|deep_up	874	375	788	2973
mouse|mouse|Fam49b|ENSMUSG00000022378|15|63802481|63802523|-|up_3intron	855	231	191	892
mouse|mouse|Fam49b|ENSMUSG00000022378|15|63802481|63802523|-|up_exon	1021	497	311	130
mouse|mouse|Fam73b|ENSMUSG00000026858|2|30233491|30233563|+|dn_5intron	1157	439	207	326
mouse|mouse|Fam73b|ENSMUSG00000026858|2|30233491|30233563|+|dn_exon	357	117	107	141
mouse|mouse|Fam73b|ENSMUSG00000026858|2|30233491|30233563|+|exon	277	173	100	113
mouse|mouse|Fam73b|ENSMUSG00000026858|2|30233491|30233563|+|up_3intron	660	169	19	10
mouse|mouse|Fam73b|ENSMUSG00000026858|2|30233491|30233563|+|up_5intron	80	75	234	37
mouse|mouse|Fam73b|ENSMUSG00000026858|2|30233491|30233563|+|up_exon	447	201	8	26
mouse|mouse|Fam73b|ENSMUSG00000026858|2|30233491|30233563|+|utr	733	207	559	1149
mouse|mouse|Fbn1|ENSMUSG00000027204|2|125134206|125134325|-|dn_3intron	496	153	142	239
mouse|mouse|Fbn1|ENSMUSG00000027204|2|125134206|125134325|-|dn_5intron	290	140	94	208
mouse|mouse|Fbn1|ENSMUSG00000027204|2|125134206|125134325|-|dn_exon	250	205	95	82
mouse|mouse|Fbn1|ENSMUSG00000027204|2|125134206|125134325|-|exon	515	149	29	108
mouse|mouse|Fbn1|ENSMUSG00000027204|2|125134206|125134325|-|up_3intron	1506	411	704	794
mouse|mouse|Fbn1|ENSMUSG00000027204|2|125134206|125134325|-|up_5intron	276	122	46	92
mouse|mouse|Fbn1|ENSMUSG00000027204|2|125134206|125134325|-|up_exon	730	145	87	138
mouse|mouse|Fbxo21|ENSMUSG00000032898|5|118438774|118438933|+|dn_5intron	148	107	70	31
mouse|mouse|Fbxo21|ENSMUSG00000032898|5|118438774|118438933|+|dn_exon	532	158	213	441
mouse|mouse|Fbxo21|ENSMUSG00000032898|5|118438774|118438933|+|exon	153	186	139	89
mouse|mouse|Fbxo21|ENSMUSG00000032898|5|118438774|118438933|+|up_3intron	611	214	64	40
mouse|mouse|Fbxo21|ENSMUSG00000032898|5|118438774|118438933|+|up_5intron	706	268	26	21
mouse|mouse|Fbxo9|ENSMUSG00000001366|9|77933714|77933807|-|dn_3intron	756	112	112	295
mouse|mouse|Fbxo9|ENSMUSG00000001366|9|77933714|77933807|-|dn_5intron	302	106	69	90
mouse|mouse|Fbxo9|ENSMUSG00000001366|9|77933714|77933807|-|dn_exon	786	149	13	39
mouse|mouse|Fbxo9|ENSMUSG00000001366|9|77934082|77934236|-|up_5intron	340	129	98	781
mouse|mouse|Fbxo9|ENSMUSG00000001366|9|77934082|77934236|-|up_exon	239	32	96	106
mouse|mouse|Fermt1|ENSMUSG00000027356|2|132750693|132750824|-|dn_3intron	273	126	44	16
mouse|mouse|Fermt1|ENSMUSG00000027356|2|132750693|132750824|-|dn_5intron	287	39	54	124
mouse|mouse|Fermt1|ENSMUSG00000027356|2|132750693|132750824|-|dn_exon	2926	780	538	608
mouse|mouse|Fermt1|ENSMUSG00000027356|2|132750693|132750824|-|exon	517	70	34	24
mouse|mouse|Fermt1|ENSMUSG00000027356|2|132750693|132750824|-|up_3intron	101	30	17	18
mouse|mouse|Fermt1|ENSMUSG00000027356|2|132750693|132750824|-|up_5intron	123	76	298	531
mouse|mouse|Fermt1|ENSMUSG00000027356|2|132750693|132750824|-|up_exon	459	129	138	106
mouse|mouse|Fgfr3|ENSMUSG00000054252|5|34077202|34077272|+|dn_3intron	775	263	108	92
mouse|mouse|Fgfr3|ENSMUSG00000054252|5|34077202|34077272|+|dn_5intron	100	189	114	156
mouse|mouse|Fgfr3|ENSMUSG00000054252|5|34077202|34077272|+|dn_exon	514	2013	1072	204
mouse|mouse|Fgfr3|ENSMUSG00000054252|5|34077202|34077272|+|exon	742	418	289	89
mouse|mouse|Fndc3a|ENSMUSG00000033487|14|72982764|72982822|-|dn_3intron	1170	1232	4404	1431
mouse|mouse|Fndc3a|ENSMUSG00000033487|14|72982764|72982822|-|dn_5intron	611	128	176	1417
mouse|mouse|Fndc3a|ENSMUSG00000033487|14|72982764|72982822|-|dn_exon	454	144	69	98
mouse|mouse|Fndc3a|ENSMUSG00000033487|14|72982764|72982822|-|exon	129	11	25	153
mouse|mouse|Fndc3a|ENSMUSG00000033487|14|72982764|72982822|-|up_3intron	214	90	262	168
mouse|mouse|Fndc3a|ENSMUSG00000033487|14|72982764|72982822|-|up_5intron	643	206	280	1357
mouse|mouse|Fndc3a|ENSMUSG00000033487|14|72982764|72982822|-|up_exon	160	105	44	22
mouse|mouse|Fuca2|ENSMUSG00000019810|10|13226512|13226722|+|dn_3intron	381	75	122	145
mouse|mouse|Fuca2|ENSMUSG00000019810|10|13226512|13226722|+|dn_5intron	318	61	39	55
mouse|mouse|Fuca2|ENSMUSG00000019810|10|13226512|13226722|+|dn_exon	280	53	158	211
mouse|mouse|Fuca2|ENSMUSG00000019810|10|13226512|13226722|+|exon	158	2032	1253	917
mouse|mouse|Fuca2|ENSMUSG00000019810|10|13226512|13226722|+|up_3intron	564	119	177	167
mouse|mouse|Fuca2|ENSMUSG00000019810|10|13226512|13226722|+|up_5intron	314	148	53	277
mouse|mouse|Fuca2|ENSMUSG00000019810|10|13226512|13226722|+|up_exon	655	207	102	260
mouse|mouse|G3bp1|ENSMUSG00000018583|11|55300595|55301062|+|dn_3intron	355	132	131	253
mouse|mouse|G3bp1|ENSMUSG00000018583|11|55300595|55301062|+|dn_5intron	667	228	101	163
mouse|mouse|G3bp1|ENSMUSG00000018583|11|55300595|55301062|+|dn_exon	190	85	148	158
mouse|mouse|G3bp1|ENSMUSG00000018583|11|55300595|55301062|+|exon	91	316	322	606
mouse|mouse|G3bp1|ENSMUSG00000018583|11|55300595|55301062|+|up_3intron	272	114	181	342
mouse|mouse|G3bp1|ENSMUSG00000018583|11|55300595|55301062|+|up_5intron	117	68	33	90
mouse|mouse|G3bp1|ENSMUSG00000018583|11|55300595|55301062|+|up_exon	116	134	75	91
mouse|mouse|Galk1|ENSMUSG00000020766|11|115871555|115871690|-|dn_5intron	437	201	152	26
mouse|mouse|Galk1|ENSMUSG00000020766|11|115871555|115871690|-|dn_exon	960	345	267	338
mouse|mouse|Galk1|ENSMUSG00000020766|11|115871555|115871690|-|exon	237	113	71	449
mouse|mouse|Galk1|ENSMUSG00000020766|11|115871555|115871690|-|up_3intron	67	27	3	1
mouse|mouse|Galk1|ENSMUSG00000020766|11|115871555|115871690|-|up_exon	494	240	58	30
mouse|mouse|Gbf1|ENSMUSG00000025224|19|46346197|46346320|+|dn_3intron	617	154	90	511
mouse|mouse|Gbf1|ENSMUSG00000025224|19|46346197|46346320|+|dn_exon	157	26	4	16
mouse|mouse|Gbf1|ENSMUSG00000025224|19|46346197|46346320|+|exon	159	106	34	32
mouse|mouse|Gbf1|ENSMUSG00000025224|19|46346197|46346320|+|up_5intron	402	165	224	369
mouse|mouse|Gcn1l1|ENSMUSG00000041638|5|116064870|116064983|+|dn_3intron	297	147	38	59
mouse|mouse|Gcn1l1|ENSMUSG00000041638|5|116064870|116064983|+|dn_5intron	791	348	201	158
mouse|mouse|Gcn1l1|ENSMUSG00000041638|5|116064870|116064983|+|dn_exon	465	215	304	117
mouse|mouse|Gcn1l1|ENSMUSG00000041638|5|116064870|116064983|+|exon	485	1904	2012	251
mouse|mouse|Gcn1l1|ENSMUSG00000041638|5|116064870|116064983|+|up_5intron	970	906	1590	572
mouse|mouse|Gcn1l1|ENSMUSG00000041638|5|116064870|116064983|+|up_exon	311	143	66	44
mouse|mouse|Gga3|ENSMUSG00000020740|11|115449626|115449859|-|dn_3intron	848	218	279	324
mouse|mouse|Gga3|ENSMUSG00000020740|11|115449626|115449859|-|dn_5intron	256	160	150	84
mouse|mouse|Gga3|ENSMUSG00000020740|11|115449626|115449859|-|dn_exon	514	179	46	60
mouse|mouse|Gga3|ENSMUSG00000020740|11|115450170|115450286|-|up_5intron	355	136	18	32
mouse|mouse|Gga3|ENSMUSG00000020740|11|115450170|115450286|-|up_exon	312	3298	3806	489
mouse|mouse|Gga3|ENSMUSG00000020740|11|115452201|115452281|-|dn_3intron	2251	664	1032	918
mouse|mouse|Gga3|ENSMUSG00000020740|11|115452201|115452281|-|dn_5intron	1022	245	32	17
mouse|mouse|Gga3|ENSMUSG00000020740|11|115452201|115452281|-|dn_exon	157	86	8	8
mouse|mouse|Gga3|ENSMUSG00000020740|11|115452201|115452281|-|exon	470	134	33	23
mouse|mouse|Gga3|ENSMUSG00000020740|11|115452201|115452281|-|up_3intron	1557	3244	927	229
mouse|mouse|Gga3|ENSMUSG00000020740|11|115452201|115452281|-|up_5intron	527	273	648	414
mouse|mouse|Gga3|ENSMUSG00000020740|11|115452201|115452281|-|up_exon	184	52	46	27
mouse|mouse|Glg1|ENSMUSG00000003316|8|113704835|113704936|-|dn_3intron	363	32	40	78
mouse|mouse|Glg1|ENSMUSG00000003316|8|113704835|113704936|-|dn_5intron	309	344	336	524
mouse|mouse|Glg1|ENSMUSG00000003316|8|113704835|113704936|-|dn_exon	318	78	20	50
mouse|mouse|Glg1|ENSMUSG00000003316|8|113704835|113704936|-|exon	363	99	203	634
mouse|mouse|Glg1|ENSMUSG00000003316|8|113704835|113704936|-|up_3intron	245	252	365	400
mouse|mouse|Glg1|ENSMUSG00000003316|8|113704835|113704936|-|up_5intron	958	176	145	261
mouse|mouse|Glg1|ENSMUSG00000003316|8|113704835|113704936|-|up_exon	213	99	106	186
mouse|mouse|Glg1|ENSMUSG00000003316|8|113715090|113715161|-|dn_3intron	270	213	410	653
mouse|mouse|Glg1|ENSMUSG00000003316|8|113715090|113715161|-|dn_5intron	225	222	125	347
mouse|mouse|Glg1|ENSMUSG00000003316|8|113715090|113715161|-|dn_exon	469	104	103	274
mouse|mouse|Glg1|ENSMUSG00000003316|8|113715090|113715161|-|exon	120	33	21	51
mouse|mouse|Glg1|ENSMUSG00000003316|8|113715090|113715161|-|up_3intron	370	131	149	665
mouse|mouse|Glg1|ENSMUSG00000003316|8|113715090|113715161|-|up_5intron	296	33	41	169
mouse|mouse|Glg1|ENSMUSG00000003316|8|113715090|113715161|-|up_exon	202	132	43	22
mouse|mouse|Glg1|ENSMUSG00000003316|8|113715090|113715161|-|utr	859	261	213	126
mouse|mouse|Gna11|ENSMUSG00000034781|10|80995997|80996151|-|dn_3intron	712	908	575	74
mouse|mouse|Gna11|ENSMUSG00000034781|10|80995997|80996151|-|dn_5intron	545	503	479	325
mouse|mouse|Gna11|ENSMUSG00000034781|10|80995997|80996151|-|dn_exon	605	124	42	70
mouse|mouse|Gna11|ENSMUSG00000034781|10|80995997|80996151|-|exon	344	109	218	266
mouse|mouse|Gna11|ENSMUSG00000034781|10|80995997|80996151|-|up_3intron	1372	1112	582	106
mouse|mouse|Gna11|ENSMUSG00000034781|10|80995997|80996151|-|up_exon	586	80	86	65
mouse|mouse|Gne|ENSMUSG00000028479|4|44072441|44073099|-|deep_dn	197	41	5	20
mouse|mouse|Gne|ENSMUSG00000028479|4|44072441|44073099|-|deep_up	441	2164	2342	670
mouse|mouse|Gne|ENSMUSG00000028479|4|44072441|44073099|-|dn_3intron	222	102	58	54
mouse|mouse|Gne|ENSMUSG00000028479|4|44072441|44073099|-|dn_5intron	1221	427	866	1514
mouse|mouse|Gne|ENSMUSG00000028479|4|44072441|44073099|-|dn_exon	464	185	239	360
mouse|mouse|Gne|ENSMUSG00000028479|4|44072441|44073099|-|exon	657	224	116	109
mouse|mouse|Gne|ENSMUSG00000028479|4|44072441|44073099|-|up_3intron	270	96	302	508
mouse|mouse|Gne|ENSMUSG00000028479|4|44072441|44073099|-|up_5intron	751	130	243	227
mouse|mouse|Gne|ENSMUSG00000028479|4|44072441|44073099|-|up_exon	939	217	239	280
mouse|mouse|Golga7|ENSMUSG00000015341|8|24355203|24355265|-|dn_3intron	753	203	331	201
mouse|mouse|Golga7|ENSMUSG00000015341|8|24355203|24355265|-|dn_5intron	594	153	373	1131
mouse|mouse|Golga7|ENSMUSG00000015341|8|24355203|24355265|-|dn_exon	259	179	516	812
mouse|mouse|Golga7|ENSMUSG00000015341|8|24355203|24355265|-|exon	294	133	79	104
mouse|mouse|Golga7|ENSMUSG00000015341|8|24355203|24355265|-|up_3intron	437	162	147	479
mouse|mouse|Golga7|ENSMUSG00000015341|8|24355203|24355265|-|up_5intron	678	142	85	56
mouse|mouse|Golga7|ENSMUSG00000015341|8|24355203|24355265|-|up_exon	360	36	66	160
mouse|mouse|Gpn3|ENSMUSG00000029464|5|122832057|122832185|+|dn_5intron	542	909	2293	1027
mouse|mouse|Gpn3|ENSMUSG00000029464|5|122832057|122832185|+|dn_exon	831	135	48	30
mouse|mouse|Gtf3c5|ENSMUSG00000026816|2|28424809|28425353|-|dn_3intron	694	160	153	290
mouse|mouse|Gtf3c5|ENSMUSG00000026816|2|28424809|28425353|-|dn_5intron	191	137	12	14
mouse|mouse|Gtf3c5|ENSMUSG00000026816|2|28424809|28425353|-|dn_exon	133	2	28	5
mouse|mouse|Gtf3c5|ENSMUSG00000026816|2|28424809|28425353|-|exon	397	134	62	56
mouse|mouse|Gtf3c5|ENSMUSG00000026816|2|28424809|28425353|-|up_3intron	373	129	63	96
mouse|mouse|Gtf3c5|ENSMUSG00000026816|2|28424809|28425353|-|up_5intron	601	247	264	276
mouse|mouse|Gtf3c5|ENSMUSG00000026816|2|28424809|28425353|-|up_exon	366	214	215	140
mouse|mouse|Guf1|ENSMUSG00000029208|5|69958367|69958500|+|dn_5intron	163	37	33	83
mouse|mouse|Guf1|ENSMUSG00000029208|5|69958367|69958500|+|dn_exon	422	249	85	200
mouse|mouse|Guf1|ENSMUSG00000029208|5|69958367|69958500|+|exon	100	17	15	86
mouse|mouse|Guf1|ENSMUSG00000029208|5|69958367|69958500|+|up_3intron	490	95	45	78
mouse|mouse|Guf1|ENSMUSG00000029208|5|69958367|69958500|+|up_5intron	374	49	49	77
mouse|mouse|Guf1|ENSMUSG00000029208|5|69958367|69958500|+|up_exon	250	29	38	56
mouse|mouse|Haao|ENSMUSG00000000673|17|84234015|84234264|-|dn_exon	292	73	26	37
mouse|mouse|Haao|ENSMUSG00000000673|17|84234015|84234264|-|exon	435	113	80	58
mouse|mouse|Haao|ENSMUSG00000000673|17|84234015|84234264|-|up_3intron	911	461	929	283
mouse|mouse|Haao|ENSMUSG00000000673|17|84234015|84234264|-|up_5intron	590	295	71	16
mouse|mouse|Haao|ENSMUSG00000000673|17|84234015|84234264|-|up_exon	1541	785	377	572
mouse|mouse|Hexa|ENSMUSG00000025232|9|59403146|59403217|+|dn_3intron	461	210	438	172
mouse|mouse|Hexa|ENSMUSG00000025232|9|59403146|59403217|+|dn_5intron	466	187	421	488
mouse|mouse|Hexa|ENSMUSG00000025232|9|59403146|59403217|+|dn_exon	424	175	65	127
mouse|mouse|Hexa|ENSMUSG00000025232|9|59403146|59403217|+|exon	622	55	27	29
mouse|mouse|Hexa|ENSMUSG00000025232|9|59403146|59403217|+|up_3intron	601	303	472	1446
mouse|mouse|Hmgcr|ENSMUSG00000021670|13|97428826|97429073|-|dn_5intron	1341	385	671	237
mouse|mouse|Hmgcr|ENSMUSG00000021670|13|97428826|97429073|-|dn_exon	401	83	18	50
mouse|mouse|Hmgcr|ENSMUSG00000021670|13|97428826|97429073|-|exon	462	75	27	37
mouse|mouse|Hmgcr|ENSMUSG00000021670|13|97428826|97429073|-|up_5intron	534	622	774	1325
mouse|mouse|Hmgcr|ENSMUSG00000021670|13|97428826|97429073|-|up_exon	396	82	54	77
mouse|mouse|Hmgcr|ENSMUSG00000021670|13|97434717|97434801|-|dn_3intron	285	135	126	982
mouse|mouse|Hmgcr|ENSMUSG00000021670|13|97434717|97434801|-|dn_5intron	1095	211	766	1654
mouse|mouse|Hmgcr|ENSMUSG00000021670|13|97434717|97434801|-|dn_exon	627	210	1102	405
mouse|mouse|Hmgcr|ENSMUSG00000021670|13|97435765|97435852|-|utr	1447	251	843	1689
mouse|mouse|Hmgcr|ENSMUSG00000021670|13|97436068|97436179|-|up_5intron	1172	409	1131	1290
mouse|mouse|Hmgcr|ENSMUSG00000021670|13|97436068|97436179|-|up_exon	690	123	90	134
mouse|mouse|Hmha1|ENSMUSG00000035697|10|79484065|79484200|+|dn_5intron	60	86	204	11
mouse|mouse|Hmha1|ENSMUSG00000035697|10|79484065|79484200|+|exon	46	59	58	16
mouse|mouse|Hmha1|ENSMUSG00000035697|10|79484065|79484200|+|up_5intron	875	188	40	50
mouse|mouse|Hmha1|ENSMUSG00000035697|10|79484065|79484200|+|up_exon	459	175	19	15
mouse|mouse|Hmha1|ENSMUSG00000035697|10|79484488|79484604|+|dn_3intron	258	256	50	27
mouse|mouse|Hmha1|ENSMUSG00000035697|10|79484488|79484604|+|dn_5intron	259	55	14	19
mouse|mouse|Hmha1|ENSMUSG00000035697|10|79484488|79484604|+|dn_exon	201	180	102	90
mouse|mouse|Hmha1|ENSMUSG00000035697|10|79484488|79484604|+|exon	313	82	23	37
mouse|mouse|Hmha1|ENSMUSG00000035697|10|79484488|79484604|+|up_3intron	185	104	95	48
mouse|mouse|Hmha1|ENSMUSG00000035697|10|79489568|79489672|+|dn_5intron	45	221	50	7
mouse|mouse|Hmha1|ENSMUSG00000035697|10|79489568|79489672|+|dn_exon	735	232	22	86
mouse|mouse|Hmha1|ENSMUSG00000035697|10|79489568|79489672|+|exon	465	99	61	74
mouse|mouse|Ift81|ENSMUSG00000029469|5|123060087|123060190|-|dn_3intron	1963	390	82	218
mouse|mouse|Ift81|ENSMUSG00000029469|5|123060087|123060190|-|dn_5intron	867	226	42	75
mouse|mouse|Ift81|ENSMUSG00000029469|5|123060087|123060190|-|dn_exon	182	16	8	40
mouse|mouse|Ift81|ENSMUSG00000029469|5|123060087|123060190|-|exon	363	107	172	226
mouse|mouse|Ift81|ENSMUSG00000029469|5|123060087|123060190|-|up_3intron	299	25	25	52
mouse|mouse|Ift81|ENSMUSG00000029469|5|123060087|123060190|-|up_5intron	399	87	51	81
mouse|mouse|Ift81|ENSMUSG00000029469|5|123060087|123060190|-|up_exon	280	82	39	36
mouse|mouse|Ikbkb|ENSMUSG00000031537|8|23780079|23780202|-|dn_3intron	116	137	185	53
mouse|mouse|Ikbkb|ENSMUSG00000031537|8|23780079|23780202|-|dn_5intron	173	342	216	86
mouse|mouse|Ikbkb|ENSMUSG00000031537|8|23780079|23780202|-|dn_exon	772	289	150	193
mouse|mouse|Ikbkb|ENSMUSG00000031537|8|23780079|23780202|-|exon	219	46	26	14
mouse|mouse|Ikbkb|ENSMUSG00000031537|8|23780079|23780202|-|up_3intron	425	240	360	486
mouse|mouse|Ikbkb|ENSMUSG00000031537|8|23780079|23780202|-|up_5intron	536	416	1937	1156
mouse|mouse|Ikbkb|ENSMUSG00000031537|8|23780079|23780202|-|up_exon	604	168	110	118
mouse|mouse|Ik|ENSMUSG00000024474|18|36908857|36908938|+|dn_5intron	407	89	79	101
mouse|mouse|Ik|ENSMUSG00000024474|18|36908857|36908938|+|dn_exon	161	115	139	259
mouse|mouse|Ik|ENSMUSG00000024474|18|36908857|36908938|+|up_3intron	820	269	199	291
mouse|mouse|Ik|ENSMUSG00000024474|18|36908857|36908938|+|up_5intron	445	132	61	83
mouse|mouse|Ik|ENSMUSG00000024474|18|36908857|36908938|+|up_exon	258	87	452	320
mouse|mouse|Ilk|ENSMUSG00000030890|7|112889285|112889381|+|dn_5intron	259	213	299	171
mouse|mouse|Ilk|ENSMUSG00000030890|7|112889285|112889381|+|dn_exon	4	75	22	3
mouse|mouse|Ilk|ENSMUSG00000030890|7|112889285|112889381|+|up_3intron	1398	560	2641	7094
mouse|mouse|Ilk|ENSMUSG00000030890|7|112889285|112889381|+|up_exon	615	549	700	852
mouse|mouse|Inpp5b|ENSMUSG00000028894|4|124469890|124470653|+|dn_3intron	744	518	386	308
mouse|mouse|Inpp5b|ENSMUSG00000028894|4|124469890|124470653|+|dn_exon	857	258	117	177
mouse|mouse|Ipo7|ENSMUSG00000066232|7|117193110|117193207|+|dn_3intron	367	100	135	406
mouse|mouse|Ipo7|ENSMUSG00000066232|7|117193110|117193207|+|dn_5intron	176	33	21	48
mouse|mouse|Ipo7|ENSMUSG00000066232|7|117193110|117193207|+|dn_exon	231	164	97	70
mouse|mouse|Ipo7|ENSMUSG00000066232|7|117193110|117193207|+|exon	364	81	19	34
mouse|mouse|Ipo7|ENSMUSG00000066232|7|117193110|117193207|+|up_3intron	297	42	63	113
mouse|mouse|Ipo7|ENSMUSG00000066232|7|117193110|117193207|+|up_5intron	640	146	157	530
mouse|mouse|Ipo7|ENSMUSG00000066232|7|117193110|117193207|+|up_exon	1720	311	187	689
mouse|mouse|Iqce|ENSMUSG00000036555|5|141163463|141163809|-|dn_3intron	874	440	56	48
mouse|mouse|Iqce|ENSMUSG00000036555|5|141163463|141163809|-|dn_5intron	310	131	20	14
mouse|mouse|Iqce|ENSMUSG00000036555|5|141163463|141163809|-|dn_exon	317	88	70	71
mouse|mouse|Iqce|ENSMUSG00000036555|5|141163463|141163809|-|exon	1041	730	584	954
mouse|mouse|Iqce|ENSMUSG00000036555|5|141163463|141163809|-|up_3intron	92	50	121	79
mouse|mouse|Iqce|ENSMUSG00000036555|5|141163463|141163809|-|up_5intron	230	87	84	308
mouse|mouse|Iqce|ENSMUSG00000036555|5|141163463|141163809|-|up_exon	361	95	21	6
mouse|mouse|Iqce|ENSMUSG00000036555|5|141163463|141163809|-|utr	427	383	126	134
mouse|mouse|Isy1|ENSMUSG00000030056|6|87785722|87785744|-|dn_3intron	289	4024	5694	2541
mouse|mouse|Isy1|ENSMUSG00000030056|6|87785722|87785744|-|dn_5intron	124	24	46	31
mouse|mouse|Isy1|ENSMUSG00000030056|6|87785722|87785744|-|dn_exon	214	125	74	79
mouse|mouse|Isy1|ENSMUSG00000030056|6|87785722|87785744|-|exon	444	132	68	29
mouse|mouse|Isy1|ENSMUSG00000030056|6|87785722|87785744|-|up_3intron	385	139	160	56
mouse|mouse|Isy1|ENSMUSG00000030056|6|87785722|87785744|-|up_exon	50	5	2	20
mouse|mouse|Itpr1|ENSMUSG00000030102|6|108473221|108473445|+|deep_dn	197	136	20	79
mouse|mouse|Itpr1|ENSMUSG00000030102|6|108473221|108473445|+|deep_up	442	90	162	156
mouse|mouse|Itpr1|ENSMUSG00000030102|6|108473221|108473445|+|dn_3intron	215	31	19	27
mouse|mouse|Itpr1|ENSMUSG00000030102|6|108473221|108473445|+|dn_5intron	100	55	6	3
mouse|mouse|Itpr1|ENSMUSG00000030102|6|108473221|108473445|+|dn_exon	303	135	52	132
mouse|mouse|Itpr1|ENSMUSG00000030102|6|108473221|108473445|+|exon	882	95	33	69
mouse|mouse|Itpr1|ENSMUSG00000030102|6|108473221|108473445|+|up_3intron	268	81	188	52
mouse|mouse|Itpr1|ENSMUSG00000030102|6|108473221|108473445|+|up_5intron	567	1011	1050	453
mouse|mouse|Itpr1|ENSMUSG00000030102|6|108473221|108473445|+|up_exon	425	164	29	73
mouse|mouse|Ivd|ENSMUSG00000027332|2|118698596|118698714|+|dn_3intron	58	89	56	55
mouse|mouse|Ivd|ENSMUSG00000027332|2|118698596|118698714|+|dn_exon	329	240	304	248
mouse|mouse|Ivd|ENSMUSG00000027332|2|118698596|118698714|+|exon	223	47	17	43
mouse|mouse|Ivd|ENSMUSG00000027332|2|118698596|118698714|+|up_5intron	757	174	65	42
mouse|mouse|Ivd|ENSMUSG00000027332|2|118698596|118698714|+|up_exon	55	40	59	15
mouse|mouse|Ivd|ENSMUSG00000027332|2|118702052|118702145|+|dn_3intron	122	229	297	312
mouse|mouse|Ivd|ENSMUSG00000027332|2|118702052|118702145|+|dn_exon	445	237	90	62
mouse|mouse|Ivd|ENSMUSG00000027332|2|118702052|118702145|+|exon	284	226	190	112
mouse|mouse|Ivd|ENSMUSG00000027332|2|118702052|118702145|+|up_3intron	600	231	104	172
mouse|mouse|Ivd|ENSMUSG00000027332|2|118702052|118702145|+|up_5intron	237	109	37	16
mouse|mouse|Ivd|ENSMUSG00000027332|2|118702052|118702145|+|up_exon	373	193	113	138
mouse|mouse|Kif1b|ENSMUSG00000063077|4|148555587|148555711|-|dn_3intron	586	129	107	57
mouse|mouse|Kif1b|ENSMUSG00000063077|4|148555587|148555711|-|dn_5intron	998	323	301	980
mouse|mouse|Kif1b|ENSMUSG00000063077|4|148555587|148555711|-|exon	947	249	301	1032
mouse|mouse|Kif1b|ENSMUSG00000063077|4|148555587|148555711|-|up_3intron	617	342	1458	1858
mouse|mouse|Kif1b|ENSMUSG00000063077|4|148555587|148555711|-|up_exon	491	229	27	86
mouse|mouse|Kif1b|ENSMUSG00000063077|4|148563832|148563893|-|dn_3intron	190	94	472	249
mouse|mouse|Kif1b|ENSMUSG00000063077|4|148563832|148563893|-|dn_5intron	320	123	111	118
mouse|mouse|Kif1b|ENSMUSG00000063077|4|148563832|148563893|-|dn_exon	164	106	60	47
mouse|mouse|Kif1b|ENSMUSG00000063077|4|148563832|148563893|-|exon	1069	321	115	272
mouse|mouse|Kif1b|ENSMUSG00000063077|4|148563832|148563893|-|up_3intron	333	42	81	97
mouse|mouse|Kif1b|ENSMUSG00000063077|4|148563832|148563893|-|up_5intron	182	9	8	11
mouse|mouse|Kif1b|ENSMUSG00000063077|4|148563832|148563893|-|up_exon	171	70	40	137
mouse|mouse|Kif23|ENSMUSG00000032254|9|61772777|61773017|-|dn_3intron	260	73	77	333
mouse|mouse|Kif23|ENSMUSG00000032254|9|61772777|61773017|-|dn_exon	100	25	51	10
mouse|mouse|Kif23|ENSMUSG00000032254|9|61772777|61773017|-|exon	95	7	4	5
mouse|mouse|Kif23|ENSMUSG00000032254|9|61772777|61773017|-|up_3intron	60	102	408	166
mouse|mouse|Kif23|ENSMUSG00000032254|9|61772777|61773017|-|up_5intron	1986	319	98	266
mouse|mouse|Kif23|ENSMUSG00000032254|9|61772777|61773017|-|up_exon	133	30	41	29
mouse|mouse|Kif3b|ENSMUSG00000027475|2|153148548|153148661|+|dn_3intron	278	188	55	21
mouse|mouse|Kif3b|ENSMUSG00000027475|2|153148548|153148661|+|dn_5intron	400	111	429	150
mouse|mouse|Kif3b|ENSMUSG00000027475|2|153148548|153148661|+|dn_exon	485	144	134	57
mouse|mouse|Kif3b|ENSMUSG00000027475|2|153148548|153148661|+|exon	394	73	29	51
mouse|mouse|Kif3b|ENSMUSG00000027475|2|153148548|153148661|+|up_3intron	933	258	205	376
mouse|mouse|Kif3b|ENSMUSG00000027475|2|153148548|153148661|+|up_5intron	416	369	137	345
mouse|mouse|Kif3b|ENSMUSG00000027475|2|153148548|153148661|+|up_exon	193	37	12	8
mouse|mouse|Laptm4a|ENSMUSG00000020585|12|8943503|8943601|+|dn_3intron	291	35	79	64
mouse|mouse|Laptm4a|ENSMUSG00000020585|12|8943503|8943601|+|dn_5intron	758	263	81	171
mouse|mouse|Laptm4a|ENSMUSG00000020585|12|8943503|8943601|+|dn_exon	260	242	1427	825
mouse|mouse|Laptm4a|ENSMUSG00000020585|12|8943503|8943601|+|exon	531	137	223	303
mouse|mouse|Laptm4a|ENSMUSG00000020585|12|8943503|8943601|+|up_3intron	433	221	59	44
mouse|mouse|Laptm4a|ENSMUSG00000020585|12|8943503|8943601|+|up_5intron	544	171	323	430
mouse|mouse|Laptm4a|ENSMUSG00000020585|12|8943503|8943601|+|up_exon	715	246	71	119
mouse|mouse|Lass4|ENSMUSG00000008206|8|4518600|4518660|+|dn_3intron	152	59	175	123
mouse|mouse|Lass4|ENSMUSG00000008206|8|4518600|4518660|+|dn_5intron	362	132	68	58
mouse|mouse|Lass4|ENSMUSG00000008206|8|4518600|4518660|+|dn_exon	793	1069	3458	928
mouse|mouse|Lass4|ENSMUSG00000008206|8|4518600|4518660|+|exon	692	336	105	109
mouse|mouse|Lass4|ENSMUSG00000008206|8|4518600|4518660|+|up_3intron	1254	279	367	801
mouse|mouse|Lass4|ENSMUSG00000008206|8|4518600|4518660|+|up_5intron	251	247	56	8
mouse|mouse|Lass5|ENSMUSG00000023021|15|99572040|99575097|-|dn_3intron	103	167	30	6
mouse|mouse|Lass5|ENSMUSG00000023021|15|99572040|99575097|-|dn_5intron	305	95	23	52
mouse|mouse|Lass5|ENSMUSG00000023021|15|99572040|99575097|-|dn_exon	551	89	50	70
mouse|mouse|Lass5|ENSMUSG00000023021|15|99572040|99575097|-|exon	418	96	89	125
mouse|mouse|Lass5|ENSMUSG00000023021|15|99572040|99575097|-|up_5intron	1188	351	402	3934
mouse|mouse|Lass5|ENSMUSG00000023021|15|99572040|99575097|-|up_exon	872	161	110	265
mouse|mouse|Lbr|ENSMUSG00000004880|1|183758682|183759039|-|deep_dn	253	53	19	25
mouse|mouse|Lbr|ENSMUSG00000004880|1|183758682|183759039|-|deep_up	237	82	192	85
mouse|mouse|Lbr|ENSMUSG00000004880|1|183758682|183759039|-|dn_3intron	38	8	6	16
mouse|mouse|Lbr|ENSMUSG00000004880|1|183758682|183759039|-|dn_5intron	194	289	694	1890
mouse|mouse|Lbr|ENSMUSG00000004880|1|183758682|183759039|-|dn_exon	1123	461	306	848
mouse|mouse|Lbr|ENSMUSG00000004880|1|183758682|183759039|-|exon	1128	591	1855	1378
mouse|mouse|Lbr|ENSMUSG00000004880|1|183758682|183759039|-|up_3intron	85	21	8	12
mouse|mouse|Lbr|ENSMUSG00000004880|1|183758682|183759039|-|up_5intron	332	811	590	93
mouse|mouse|Lbr|ENSMUSG00000004880|1|183758682|183759039|-|up_exon	225	150	200	99
mouse|mouse|Lgr4|ENSMUSG00000050199|2|109829862|109829933|+|dn_3intron	525	279	302	473
mouse|mouse|Lgr4|ENSMUSG00000050199|2|109829862|109829933|+|dn_5intron	235	67	36	265
mouse|mouse|Lgr4|ENSMUSG00000050199|2|109829862|109829933|+|dn_exon	275	85	38	61
mouse|mouse|Lgr4|ENSMUSG00000050199|2|109829862|109829933|+|exon	425	176	313	504
mouse|mouse|Lgr4|ENSMUSG00000050199|2|109829862|109829933|+|up_3intron	745	307	787	1752
mouse|mouse|Lgr4|ENSMUSG00000050199|2|109829862|109829933|+|up_5intron	611	180	126	351
mouse|mouse|Lgr4|ENSMUSG00000050199|2|109829862|109829933|+|up_exon	605	103	138	64
mouse|mouse|Lims2|ENSMUSG00000024395|18|32116892|32116970|+|dn_3intron	590	100	105	85
mouse|mouse|Lims2|ENSMUSG00000024395|18|32116892|32116970|+|dn_5intron	225	902	652	322
mouse|mouse|Lims2|ENSMUSG00000024395|18|32116892|32116970|+|dn_exon	390	431	285	147
mouse|mouse|Lims2|ENSMUSG00000024395|18|32116892|32116970|+|exon	1472	484	244	446
mouse|mouse|Lims2|ENSMUSG00000024395|18|32116892|32116970|+|up_5intron	472	120	71	13
mouse|mouse|Lims2|ENSMUSG00000024395|18|32116892|32116970|+|up_exon	52	600	185	31
mouse|mouse|Lnp|ENSMUSG00000009207|2|74406896|74407185|-|dn_3intron	534	159	458	1408
mouse|mouse|Lnp|ENSMUSG00000009207|2|74406896|74407185|-|dn_5intron	270	58	31	81
mouse|mouse|Lnp|ENSMUSG00000009207|2|74406896|74407185|-|dn_exon	489	136	95	273
mouse|mouse|Lnp|ENSMUSG00000009207|2|74406896|74407185|-|exon	264	85	191	784
mouse|mouse|Lnp|ENSMUSG00000009207|2|74406896|74407185|-|up_3intron	101	42	45	260
mouse|mouse|Lnp|ENSMUSG00000009207|2|74406896|74407185|-|up_5intron	565	42	26	13
mouse|mouse|Lnp|ENSMUSG00000009207|2|74406896|74407185|-|up_exon	105	22	15	39
mouse|mouse|Lnx1|ENSMUSG00000029228|5|75019507|75019709|-|deep_dn	373	74	27	27
mouse|mouse|Lnx1|ENSMUSG00000029228|5|75019507|75019709|-|deep_up	205	24	40	22
mouse|mouse|Lnx1|ENSMUSG00000029228|5|75019507|75019709|-|dn_3intron	861	213	205	353
mouse|mouse|Lnx1|ENSMUSG00000029228|5|75019507|75019709|-|dn_5intron	676	177	467	311
mouse|mouse|Lnx1|ENSMUSG00000029228|5|75019507|75019709|-|dn_exon	43	18	7	2
mouse|mouse|Lnx1|ENSMUSG00000029228|5|75023373|75023525|-|up_3intron	780	198	70	135
mouse|mouse|Lnx1|ENSMUSG00000029228|5|75023373|75023525|-|up_5intron	182	109	245	73
mouse|mouse|Lnx1|ENSMUSG00000029228|5|75023373|75023525|-|up_exon	615	230	48	155
mouse|mouse|Lrrc49|ENSMUSG00000047766|9|60519102|60519168|-|deep_dn	335	102	187	726
mouse|mouse|Lrrc49|ENSMUSG00000047766|9|60519102|60519168|-|deep_up	813	773	1954	2847
mouse|mouse|Lrrc49|ENSMUSG00000047766|9|60519102|60519168|-|dn_3intron	1337	194	404	2093
mouse|mouse|Lrrc49|ENSMUSG00000047766|9|60519102|60519168|-|dn_5intron	256	161	117	28
mouse|mouse|Lrrc49|ENSMUSG00000047766|9|60519102|60519168|-|dn_exon	742	135	23	68
mouse|mouse|Lrrc49|ENSMUSG00000047766|9|60519102|60519168|-|exon	526	83	49	79
mouse|mouse|Lrrc49|ENSMUSG00000047766|9|60519102|60519168|-|up_3intron	1057	271	489	964
mouse|mouse|Lrrc49|ENSMUSG00000047766|9|60519102|60519168|-|up_5intron	1021	3142	5054	1312
mouse|mouse|Lrrc49|ENSMUSG00000047766|9|60519102|60519168|-|utr	378	200	72	229
mouse|mouse|Lsm14b|ENSMUSG00000039108|2|179764910|179766397|+|dn_5intron	138	181	171	87
mouse|mouse|Lsm14b|ENSMUSG00000039108|2|179764910|179766397|+|dn_exon	365	151	269	191
mouse|mouse|Lyplal1|ENSMUSG00000039246|1|187924072|187924241|-|deep_dn	494	72	33	39
mouse|mouse|Lyplal1|ENSMUSG00000039246|1|187924072|187924241|-|deep_up	11	2	6	1
mouse|mouse|Lyplal1|ENSMUSG00000039246|1|187924072|187924241|-|dn_3intron	437	218	92	133
mouse|mouse|Lyplal1|ENSMUSG00000039246|1|187924072|187924241|-|dn_5intron	477	415	430	1198
mouse|mouse|Lyplal1|ENSMUSG00000039246|1|187924072|187924241|-|dn_exon	463	55	24	32
mouse|mouse|Lyplal1|ENSMUSG00000039246|1|187924072|187924241|-|exon	216	53	81	272
mouse|mouse|Lyplal1|ENSMUSG00000039246|1|187924072|187924241|-|up_3intron	25	3	10	5
mouse|mouse|Lyplal1|ENSMUSG00000039246|1|187924072|187924241|-|up_5intron	309	45	12	15
mouse|mouse|Lyplal1|ENSMUSG00000039246|1|187924072|187924241|-|up_exon	333	89	28	18
mouse|mouse|Magt1|ENSMUSG00000031232|X|103179047|103179112|-|dn_3intron	224	131	165	584
mouse|mouse|Magt1|ENSMUSG00000031232|X|103179047|103179112|-|dn_5intron	756	582	3595	5226
mouse|mouse|Magt1|ENSMUSG00000031232|X|103179047|103179112|-|dn_exon	324	190	398	474
mouse|mouse|Magt1|ENSMUSG00000031232|X|103179047|103179112|-|exon	180	277	827	156
mouse|mouse|Magt1|ENSMUSG00000031232|X|103179047|103179112|-|up_3intron	273	24	43	51
mouse|mouse|Magt1|ENSMUSG00000031232|X|103179047|103179112|-|up_5intron	163	55	65	56
mouse|mouse|Magt1|ENSMUSG00000031232|X|103179047|103179112|-|up_exon	242	62	87	80
mouse|mouse|Man1c1|ENSMUSG00000037306|4|134139859|134140309|-|deep_dn	268	110	242	67
mouse|mouse|Man1c1|ENSMUSG00000037306|4|134139859|134140309|-|deep_up	256	68	18	22
mouse|mouse|Man1c1|ENSMUSG00000037306|4|134139859|134140309|-|dn_3intron	221	69	23	16
mouse|mouse|Man1c1|ENSMUSG00000037306|4|134139859|134140309|-|dn_5intron	678	1993	1975	510
mouse|mouse|Man1c1|ENSMUSG00000037306|4|134139859|134140309|-|dn_exon	249	100	58	47
mouse|mouse|Man1c1|ENSMUSG00000037306|4|134139859|134140309|-|exon	254	124	142	114
mouse|mouse|Man1c1|ENSMUSG00000037306|4|134139859|134140309|-|up_3intron	555	278	101	9
mouse|mouse|Man1c1|ENSMUSG00000037306|4|134139859|134140309|-|up_5intron	366	114	31	24
mouse|mouse|Man1c1|ENSMUSG00000037306|4|134139859|134140309|-|up_exon	547	188	203	186
mouse|mouse|Man2b2|ENSMUSG00000029119|5|37209701|37209891|-|dn_3intron	763	203	196	246
mouse|mouse|Man2b2|ENSMUSG00000029119|5|37209701|37209891|-|dn_5intron	639	217	236	292
mouse|mouse|Man2b2|ENSMUSG00000029119|5|37209701|37209891|-|dn_exon	509	217	61	39
mouse|mouse|Man2b2|ENSMUSG00000029119|5|37209701|37209891|-|exon	207	220	50	54
mouse|mouse|Man2b2|ENSMUSG00000029119|5|37209701|37209891|-|up_3intron	35	170	23	5
mouse|mouse|Man2b2|ENSMUSG00000029119|5|37209701|37209891|-|up_5intron	691	196	50	80
mouse|mouse|Man2b2|ENSMUSG00000029119|5|37209701|37209891|-|up_exon	523	214	319	383
mouse|mouse|Map3k7|ENSMUSG00000028284|4|32102914|32102975|+|dn_3intron	510	73	96	63
mouse|mouse|Map3k7|ENSMUSG00000028284|4|32102914|32102975|+|dn_5intron	452	148	83	166
mouse|mouse|Map3k7|ENSMUSG00000028284|4|32102914|32102975|+|dn_exon	187	71	20	35
mouse|mouse|Map3k7|ENSMUSG00000028284|4|32102914|32102975|+|exon	626	185	49	150
mouse|mouse|Map3k7|ENSMUSG00000028284|4|32102914|32102975|+|up_5intron	117	7	16	13
mouse|mouse|Map3k7|ENSMUSG00000028284|4|32102914|32102975|+|up_exon	258	84	66	51
mouse|mouse|Matk|ENSMUSG00000004933|10|80722834|80722927|+|dn_3intron	125	38	42	39
mouse|mouse|Matk|ENSMUSG00000004933|10|80722834|80722927|+|dn_5intron	460	226	83	239
mouse|mouse|Matk|ENSMUSG00000004933|10|80722834|80722927|+|dn_exon	71	41	50	31
mouse|mouse|Matk|ENSMUSG00000004933|10|80722834|80722927|+|exon	102	36	31	47
mouse|mouse|Matk|ENSMUSG00000004933|10|80722834|80722927|+|up_3intron	579	185	213	78
mouse|mouse|Matk|ENSMUSG00000004933|10|80722834|80722927|+|up_5intron	276	223	306	127
mouse|mouse|Matk|ENSMUSG00000004933|10|80722834|80722927|+|up_exon	958	351	84	14
mouse|mouse|Mbip|ENSMUSG00000021028|12|57438240|57438553|-|dn_3intron	102	174	455	327
mouse|mouse|Mbip|ENSMUSG00000021028|12|57438240|57438553|-|dn_5intron	95	22	10	15
mouse|mouse|Mbip|ENSMUSG00000021028|12|57438240|57438553|-|dn_exon	543	217	82	593
mouse|mouse|Mbip|ENSMUSG00000021028|12|57438240|57438553|-|exon	257	1182	548	270
mouse|mouse|Mbip|ENSMUSG00000021028|12|57438240|57438553|-|up_3intron	655	477	2703	4040
mouse|mouse|Mbip|ENSMUSG00000021028|12|57438240|57438553|-|up_exon	165	226	346	1046
mouse|mouse|Mccc2|ENSMUSG00000021646|13|100737596|100737781|-|dn_3intron	711	182	318	808
mouse|mouse|Mccc2|ENSMUSG00000021646|13|100737596|100737781|-|dn_5intron	136	63	50	63
mouse|mouse|Mccc2|ENSMUSG00000021646|13|100737596|100737781|-|dn_exon	180	131	51	96
mouse|mouse|Mccc2|ENSMUSG00000021646|13|100737596|100737781|-|exon	479	165	26	73
mouse|mouse|Mccc2|ENSMUSG00000021646|13|100737596|100737781|-|up_3intron	177	82	23	28
mouse|mouse|Mccc2|ENSMUSG00000021646|13|100737596|100737781|-|up_exon	453	108	134	106
mouse|mouse|Mfn1|ENSMUSG00000027668|3|32462297|32462415|+|dn_3intron	432	151	359	1280
mouse|mouse|Mfn1|ENSMUSG00000027668|3|32462297|32462415|+|up_3intron	1112	132	1026	1929
mouse|mouse|Mfn1|ENSMUSG00000027668|3|32462297|32462415|+|up_5intron	632	347	88	152
mouse|mouse|Mfn1|ENSMUSG00000027668|3|32462297|32462415|+|up_exon	197	49	214	397
mouse|mouse|Mier2|ENSMUSG00000042570|10|79007722|79008359|-|dn_3intron	113	57	51	47
mouse|mouse|Mier2|ENSMUSG00000042570|10|79007722|79008359|-|dn_5intron	811	227	62	87
mouse|mouse|Mier2|ENSMUSG00000042570|10|79007722|79008359|-|dn_exon	463	158	82	54
mouse|mouse|Mier2|ENSMUSG00000042570|10|79007722|79008359|-|exon	611	241	342	156
mouse|mouse|Mier2|ENSMUSG00000042570|10|79007722|79008359|-|up_3intron	810	439	152	513
mouse|mouse|Mier2|ENSMUSG00000042570|10|79007722|79008359|-|up_5intron	818	630	636	1092
mouse|mouse|Mier2|ENSMUSG00000042570|10|79007722|79008359|-|up_exon	364	177	53	24
mouse|mouse|Mier2|ENSMUSG00000042570|10|79007722|79008359|-|utr	942	353	235	113
mouse|mouse|Mkl1|ENSMUSG00000042292|15|80848381|80848549|-|dn_3intron	198	84	44	28
mouse|mouse|Mkl1|ENSMUSG00000042292|15|80848381|80848549|-|dn_5intron	132	41	77	32
mouse|mouse|Mkl1|ENSMUSG00000042292|15|80848381|80848549|-|dn_exon	170	64	143	55
mouse|mouse|Mkl1|ENSMUSG00000042292|15|80848381|80848549|-|exon	188	145	81	45
mouse|mouse|Mkl1|ENSMUSG00000042292|15|80848381|80848549|-|up_5intron	430	136	82	151
mouse|mouse|Mkl1|ENSMUSG00000042292|15|80848381|80848549|-|up_exon	390	113	21	16
mouse|mouse|Mll1|ENSMUSG00000002028|9|44624901|44625878|-|dn_3intron	870	258	432	1986
mouse|mouse|Mll1|ENSMUSG00000002028|9|44624901|44625878|-|dn_exon	316	85	69	99
mouse|mouse|Mll1|ENSMUSG00000002028|9|44624901|44625878|-|exon	628	238	321	401
mouse|mouse|Mll1|ENSMUSG00000002028|9|44624901|44625878|-|up_3intron	1065	320	108	337
mouse|mouse|Mll1|ENSMUSG00000002028|9|44624901|44625878|-|up_5intron	807	244	78	138
mouse|mouse|Mll1|ENSMUSG00000002028|9|44624901|44625878|-|up_exon	430	118	139	459
mouse|mouse|Mlxip|ENSMUSG00000038342|5|123902420|123902676|+|dn_3intron	663	3014	7364	1006
mouse|mouse|Mlxip|ENSMUSG00000038342|5|123902420|123902676|+|dn_5intron	730	160	15	20
mouse|mouse|Mlxip|ENSMUSG00000038342|5|123902420|123902676|+|dn_exon	569	321	245	569
mouse|mouse|Mlxip|ENSMUSG00000038342|5|123902420|123902676|+|exon	225	376	203	103
mouse|mouse|Mlxip|ENSMUSG00000038342|5|123902420|123902676|+|up_3intron	408	193	64	47
mouse|mouse|Mlxip|ENSMUSG00000038342|5|123902420|123902676|+|up_5intron	551	274	235	392
mouse|mouse|Mlxip|ENSMUSG00000038342|5|123902420|123902676|+|up_exon	560	248	170	527
mouse|mouse|Mre11a|ENSMUSG00000031928|9|14614248|14614768|+|dn_3intron	279	54	39	71
mouse|mouse|Mre11a|ENSMUSG00000031928|9|14614248|14614768|+|dn_5intron	848	356	135	169
mouse|mouse|Mre11a|ENSMUSG00000031928|9|14614248|14614768|+|dn_exon	741	159	47	194
mouse|mouse|Mre11a|ENSMUSG00000031928|9|14614248|14614768|+|exon	1494	1298	1998	4038
mouse|mouse|Mre11a|ENSMUSG00000031928|9|14614248|14614768|+|up_3intron	294	64	64	60
mouse|mouse|Mre11a|ENSMUSG00000031928|9|14614248|14614768|+|up_5intron	611	216	181	296
mouse|mouse|Mre11a|ENSMUSG00000031928|9|14614248|14614768|+|up_exon	437	200	108	120
mouse|mouse|Mrpl21|ENSMUSG00000024829|19|3285310|3285395|+|dn_3intron	636	242	705	219
mouse|mouse|Mrpl21|ENSMUSG00000024829|19|3285310|3285395|+|dn_5intron	156	78	124	45
mouse|mouse|Mrpl21|ENSMUSG00000024829|19|3285310|3285395|+|dn_exon	141	158	469	48
mouse|mouse|Mrpl21|ENSMUSG00000024829|19|3285310|3285395|+|exon	268	74	38	148
mouse|mouse|Mrpl21|ENSMUSG00000024829|19|3285310|3285395|+|up_3intron	1512	812	2106	653
mouse|mouse|Mrpl21|ENSMUSG00000024829|19|3285310|3285395|+|up_5intron	268	84	48	86
mouse|mouse|Mrpl21|ENSMUSG00000024829|19|3285310|3285395|+|up_exon	507	182	106	127
mouse|mouse|Mrpl22|ENSMUSG00000020514|11|57990719|57990788|+|dn_3intron	111	242	371	649
mouse|mouse|Mrpl22|ENSMUSG00000020514|11|57990719|57990788|+|dn_5intron	1252	274	200	378
mouse|mouse|Mrpl22|ENSMUSG00000020514|11|57990719|57990788|+|dn_exon	438	190	59	100
mouse|mouse|Mrpl22|ENSMUSG00000020514|11|57990719|57990788|+|exon	584	90	50	34
mouse|mouse|Mrpl22|ENSMUSG00000020514|11|57990719|57990788|+|up_3intron	209	63	141	158
mouse|mouse|Mrpl22|ENSMUSG00000020514|11|57990719|57990788|+|up_5intron	538	143	99	73
mouse|mouse|Mrpl22|ENSMUSG00000020514|11|57990719|57990788|+|up_exon	431	115	261	112
mouse|mouse|Mrpl38|ENSMUSG00000020775|11|115995747|115995819|-|dn_3intron	1302	272	143	63
mouse|mouse|Mrpl38|ENSMUSG00000020775|11|115995747|115995819|-|dn_exon	407	183	47	72
mouse|mouse|Mrpl38|ENSMUSG00000020775|11|115995747|115995819|-|up_3intron	161	162	28	5
mouse|mouse|Mrpl38|ENSMUSG00000020775|11|115995747|115995819|-|up_exon	1007	175	174	378
mouse|mouse|Mrps10|ENSMUSG00000034729|17|47509522|47511808|+|dn_5intron	304	80	85	319
mouse|mouse|Mrps10|ENSMUSG00000034729|17|47509522|47511808|+|dn_exon	532	117	44	55
mouse|mouse|Mrps10|ENSMUSG00000034729|17|47509522|47511808|+|exon	725	184	115	192
mouse|mouse|Mrps10|ENSMUSG00000034729|17|47509522|47511808|+|up_5intron	541	120	158	469
mouse|mouse|Mrps10|ENSMUSG00000034729|17|47509522|47511808|+|up_exon	640	288	234	855
mouse|mouse|Mta1|ENSMUSG00000021144|12|114368744|114368803|+|dn_5intron	166	42	64	57
mouse|mouse|Mta1|ENSMUSG00000021144|12|114368744|114368803|+|dn_exon	167	71	59	116
mouse|mouse|Mta1|ENSMUSG00000021144|12|114368744|114368803|+|exon	527	190	213	206
mouse|mouse|Mta1|ENSMUSG00000021144|12|114368744|114368803|+|up_3intron	401	213	390	68
mouse|mouse|Mta1|ENSMUSG00000021144|12|114368744|114368803|+|up_5intron	29	176	41	52
mouse|mouse|Mta1|ENSMUSG00000021144|12|114368744|114368803|+|up_exon	537	183	108	164
mouse|mouse|Mtg1|ENSMUSG00000039018|7|147335633|147335885|+|dn_3intron	252	301	208	49
mouse|mouse|Mtg1|ENSMUSG00000039018|7|147335633|147335885|+|dn_exon	607	250	129	57
mouse|mouse|Mtg1|ENSMUSG00000039018|7|147335633|147335885|+|exon	606	243	823	375
mouse|mouse|Mtg1|ENSMUSG00000039018|7|147335633|147335885|+|up_3intron	483	166	513	433
mouse|mouse|Mtg1|ENSMUSG00000039018|7|147335633|147335885|+|up_5intron	1047	1099	6465	1649
mouse|mouse|Mtg1|ENSMUSG00000039018|7|147335633|147335885|+|up_exon	335	86	97	50
mouse|mouse|Mybbp1a|ENSMUSG00000040463|11|72259108|72259235|+|dn_3intron	612	101	306	122
mouse|mouse|Mybbp1a|ENSMUSG00000040463|11|72259108|72259235|+|exon	580	294	205	228
mouse|mouse|Mybbp1a|ENSMUSG00000040463|11|72259108|72259235|+|up_3intron	213	151	156	97
mouse|mouse|Mybbp1a|ENSMUSG00000040463|11|72259108|72259235|+|up_5intron	993	233	420	579
mouse|mouse|Mybbp1a|ENSMUSG00000040463|11|72259108|72259235|+|up_exon	566	153	108	111
mouse|mouse|Mybbp1a|ENSMUSG00000040463|11|72259660|72259759|+|dn_3intron	688	233	193	758
mouse|mouse|Mybbp1a|ENSMUSG00000040463|11|72259660|72259759|+|dn_5intron	33	82	46	44
mouse|mouse|Mybbp1a|ENSMUSG00000040463|11|72259660|72259759|+|dn_exon	490	415	241	480
mouse|mouse|Mybbp1a|ENSMUSG00000040463|11|72259660|72259759|+|exon	776	185	14	14
mouse|mouse|Mybbp1a|ENSMUSG00000040463|11|72259660|72259759|+|up_5intron	126	90	214	21
mouse|mouse|Mybbp1a|ENSMUSG00000040463|11|72261458|72261628|+|dn_5intron	549	378	288	1019
mouse|mouse|Mybbp1a|ENSMUSG00000040463|11|72261458|72261628|+|dn_exon	152	1070	419	272
mouse|mouse|Mybbp1a|ENSMUSG00000040463|11|72261458|72261628|+|exon	64	56	99	72
mouse|mouse|Mybbp1a|ENSMUSG00000040463|11|72261458|72261628|+|up_3intron	181	109	56	39
mouse|mouse|Mybbp1a|ENSMUSG00000040463|11|72261458|72261628|+|up_5intron	133	77	93	26
mouse|mouse|Mybbp1a|ENSMUSG00000040463|11|72261458|72261628|+|up_exon	159	39	40	87
mouse|mouse|Myd88|ENSMUSG00000032508|9|119247124|119247304|-|dn_3intron	521	11053	5071	1171
mouse|mouse|Myd88|ENSMUSG00000032508|9|119247124|119247304|-|dn_exon	415	134	129	506
mouse|mouse|Myd88|ENSMUSG00000032508|9|119247124|119247304|-|exon	281	158	66	67
mouse|mouse|Myd88|ENSMUSG00000032508|9|119247124|119247304|-|up_3intron	161	194	123	88
mouse|mouse|Myd88|ENSMUSG00000032508|9|119247124|119247304|-|up_5intron	587	202	215	63
mouse|mouse|Myd88|ENSMUSG00000032508|9|119247124|119247304|-|up_exon	219	69	52	25
mouse|mouse|Mypn|ENSMUSG00000020067|10|62597681|62597819|-|dn_3intron	652	261	374	237
mouse|mouse|Mypn|ENSMUSG00000020067|10|62597681|62597819|-|dn_5intron	244	106	105	79
mouse|mouse|Mypn|ENSMUSG00000020067|10|62597681|62597819|-|dn_exon	274	155	237	221
mouse|mouse|Mypn|ENSMUSG00000020067|10|62597681|62597819|-|exon	257	31	47	17
mouse|mouse|Mypn|ENSMUSG00000020067|10|62597681|62597819|-|up_3intron	117	71	10	5
mouse|mouse|Mypn|ENSMUSG00000020067|10|62597681|62597819|-|up_5intron	159	43	89	171
mouse|mouse|Mypn|ENSMUSG00000020067|10|62597681|62597819|-|up_exon	235	99	7	12
mouse|mouse|Naa16|ENSMUSG00000022020|14|79759263|79759335|-|deep_dn	233	162	167	61
mouse|mouse|Naa16|ENSMUSG00000022020|14|79759263|79759335|-|deep_up	312	121	381	592
mouse|mouse|Naa16|ENSMUSG00000022020|14|79759263|79759335|-|dn_3intron	710	168	176	556
mouse|mouse|Naa16|ENSMUSG00000022020|14|79759263|79759335|-|dn_exon	803	111	33	46
mouse|mouse|Naa16|ENSMUSG00000022020|14|79759263|79759335|-|exon	518	123	80	41
mouse|mouse|Naa16|ENSMUSG00000022020|14|79759263|79759335|-|up_3intron	301	111	196	95
mouse|mouse|Naa16|ENSMUSG00000022020|14|79759263|79759335|-|up_5intron	60	7	7	112
mouse|mouse|Naa16|ENSMUSG00000022020|14|79759263|79759335|-|up_exon	150	185	88	43
mouse|mouse|Nadk|ENSMUSG00000029063|4|154961794|154961893|+|dn_3intron	229	99	12	29
mouse|mouse|Nadk|ENSMUSG00000029063|4|154961794|154961893|+|dn_5intron	332	179	154	62
mouse|mouse|Nadk|ENSMUSG00000029063|4|154961794|154961893|+|dn_exon	178	98	4	7
mouse|mouse|Nadk|ENSMUSG00000029063|4|154961794|154961893|+|up_5intron	425	119	38	62
mouse|mouse|Nadk|ENSMUSG00000029063|4|154961794|154961893|+|up_exon	106	38	16	23
mouse|mouse|Nadk|ENSMUSG00000029063|4|154961794|154961893|+|utr	460	35	20	108
mouse|mouse|Narfl|ENSMUSG00000002280|17|25918138|25918323|+|dn_3intron	575	274	412	460
mouse|mouse|Narfl|ENSMUSG00000002280|17|25918138|25918323|+|dn_5intron	113	96	146	17
mouse|mouse|Narfl|ENSMUSG00000002280|17|25918138|25918323|+|dn_exon	759	211	155	232
mouse|mouse|Narfl|ENSMUSG00000002280|17|25918138|25918323|+|exon	128	180	169	116
mouse|mouse|Narfl|ENSMUSG00000002280|17|25918138|25918323|+|up_3intron	416	121	41	41
mouse|mouse|Narfl|ENSMUSG00000002280|17|25918138|25918323|+|up_5intron	457	174	157	99
mouse|mouse|Narfl|ENSMUSG00000002280|17|25918138|25918323|+|up_exon	504	130	196	171
mouse|mouse|Nbr1|ENSMUSG00000017119|11|101433776|101433886|+|dn_3intron	592	245	48	82
mouse|mouse|Nbr1|ENSMUSG00000017119|11|101433776|101433886|+|dn_5intron	499	686	758	1945
mouse|mouse|Nbr1|ENSMUSG00000017119|11|101433776|101433886|+|dn_exon	415	298	354	508
mouse|mouse|Nbr1|ENSMUSG00000017119|11|101433776|101433886|+|exon	257	197	224	139
mouse|mouse|Nbr1|ENSMUSG00000017119|11|101433776|101433886|+|up_3intron	478	98	458	747
mouse|mouse|Nbr1|ENSMUSG00000017119|11|101433776|101433886|+|up_5intron	1513	279	85	206
mouse|mouse|Nbr1|ENSMUSG00000017119|11|101433776|101433886|+|up_exon	918	113	77	101
mouse|mouse|Ncf2|ENSMUSG00000026480|1|154681183|154681310|+|dn_3intron	976	120	78	140
mouse|mouse|Ncf2|ENSMUSG00000026480|1|154681183|154681310|+|dn_5intron	424	314	402	276
mouse|mouse|Ncf2|ENSMUSG00000026480|1|154681183|154681310|+|dn_exon	380	125	126	67
mouse|mouse|Ncf2|ENSMUSG00000026480|1|154681183|154681310|+|exon	282	1442	2230	796
mouse|mouse|Ncf2|ENSMUSG00000026480|1|154681183|154681310|+|up_5intron	463	284	2683	831
mouse|mouse|Ncf2|ENSMUSG00000026480|1|154681183|154681310|+|up_exon	140	110	20	18
mouse|mouse|Ncf4|ENSMUSG00000071715|15|78082412|78083797|+|dn_3intron	1037	217	350	1474
mouse|mouse|Ncf4|ENSMUSG00000071715|15|78082412|78083797|+|dn_5intron	263	80	55	39
mouse|mouse|Ncf4|ENSMUSG00000071715|15|78082412|78083797|+|dn_exon	196	352	139	183
mouse|mouse|Ncf4|ENSMUSG00000071715|15|78082412|78083797|+|exon	1006	5230	1942	1554
mouse|mouse|Ncf4|ENSMUSG00000071715|15|78082412|78083797|+|up_3intron	571	242	151	94
mouse|mouse|Ncf4|ENSMUSG00000071715|15|78082412|78083797|+|up_5intron	458	348	396	973
mouse|mouse|Ncf4|ENSMUSG00000071715|15|78082412|78083797|+|up_exon	113	124	72	31
mouse|mouse|Ndor1|ENSMUSG00000006471|2|25103480|25103574|-|dn_5intron	415	119	215	101
mouse|mouse|Ndor1|ENSMUSG00000006471|2|25103480|25103574|-|dn_exon	224	120	16	19
mouse|mouse|Ndor1|ENSMUSG00000006471|2|25103480|25103574|-|exon	550	161	126	110
mouse|mouse|Ndor1|ENSMUSG00000006471|2|25103480|25103574|-|up_3intron	547	88	240	146
mouse|mouse|Nek1|ENSMUSG00000031644|8|63522947|63523130|+|dn_3intron	456	63	14	19
mouse|mouse|Nek1|ENSMUSG00000031644|8|63522947|63523130|+|dn_5intron	556	724	2555	2268
mouse|mouse|Nek1|ENSMUSG00000031644|8|63522947|63523130|+|dn_exon	458	141	148	43
mouse|mouse|Nek1|ENSMUSG00000031644|8|63522947|63523130|+|exon	385	114	304	338
mouse|mouse|Nek1|ENSMUSG00000031644|8|63522947|63523130|+|up_5intron	623	96	161	880
mouse|mouse|Nek1|ENSMUSG00000031644|8|63522947|63523130|+|up_exon	227	118	85	105
mouse|mouse|Nek1|ENSMUSG00000031644|8|63522947|63523130|+|utr	586	140	36	39
mouse|mouse|Nelf|ENSMUSG00000006476|2|24915659|24915783|+|dn_3intron	557	183	203	200
mouse|mouse|Nelf|ENSMUSG00000006476|2|24915659|24915783|+|dn_5intron	440	264	62	44
mouse|mouse|Nelf|ENSMUSG00000006476|2|24915659|24915783|+|dn_exon	220	193	123	36
mouse|mouse|Nelf|ENSMUSG00000006476|2|24915659|24915783|+|exon	326	128	115	80
mouse|mouse|Nelf|ENSMUSG00000006476|2|24915659|24915783|+|up_3intron	303	327	49	25
mouse|mouse|Nelf|ENSMUSG00000006476|2|24915659|24915783|+|up_5intron	804	406	142	61
mouse|mouse|Nelf|ENSMUSG00000006476|2|24915659|24915783|+|up_exon	818	475	229	268
mouse|mouse|Nelf|ENSMUSG00000006476|2|24916334|24916404|+|utr	674	183	131	57
mouse|mouse|Nelf|ENSMUSG00000006476|2|24916565|24916658|+|dn_5intron	1188	348	110	117
mouse|mouse|Nelf|ENSMUSG00000006476|2|24916565|24916658|+|dn_exon	374	68	13	19
mouse|mouse|Nf2|ENSMUSG00000009073|11|4684439|4685995|-|dn_3intron	1749	503	447	409
mouse|mouse|Nf2|ENSMUSG00000009073|11|4684439|4685995|-|dn_5intron	946	622	1080	1148
mouse|mouse|Nf2|ENSMUSG00000009073|11|4684439|4685995|-|dn_exon	220	82	49	20
mouse|mouse|Nf2|ENSMUSG00000009073|11|4684439|4685995|-|exon	33	45	59	33
mouse|mouse|Nf2|ENSMUSG00000009073|11|4684439|4685995|-|up_3intron	663	285	1768	3213
mouse|mouse|Nf2|ENSMUSG00000009073|11|4684439|4685995|-|up_exon	129	57	148	50
mouse|mouse|Nfkb1|ENSMUSG00000028163|3|135253741|135253823|-|dn_3intron	882	247	133	52
mouse|mouse|Nfkb1|ENSMUSG00000028163|3|135253741|135253823|-|dn_5intron	228	64	24	60
mouse|mouse|Nfkb1|ENSMUSG00000028163|3|135253741|135253823|-|dn_exon	874	179	63	25
mouse|mouse|Nfkb1|ENSMUSG00000028163|3|135253741|135253823|-|exon	51	233	114	82
mouse|mouse|Nfkb1|ENSMUSG00000028163|3|135253741|135253823|-|up_5intron	272	98	55	119
mouse|mouse|Nrbp2|ENSMUSG00000075590|15|75920674|75920733|-|dn_5intron	543	2067	7485	3162
mouse|mouse|Nrbp2|ENSMUSG00000075590|15|75920674|75920733|-|dn_exon	446	257	135	196
mouse|mouse|Nrbp2|ENSMUSG00000075590|15|75920674|75920733|-|up_3intron	98	22	45	14
mouse|mouse|Nrbp2|ENSMUSG00000075590|15|75920674|75920733|-|up_exon	266	106	8	22
mouse|mouse|Nub1|ENSMUSG00000028954|5|24204483|24204593|+|dn_3intron	505	89	65	21
mouse|mouse|Nub1|ENSMUSG00000028954|5|24204483|24204593|+|dn_5intron	410	232	126	154
mouse|mouse|Nub1|ENSMUSG00000028954|5|24204483|24204593|+|dn_exon	102	13	42	11
mouse|mouse|Nub1|ENSMUSG00000028954|5|24204483|24204593|+|exon	492	85	58	41
mouse|mouse|Nub1|ENSMUSG00000028954|5|24204483|24204593|+|up_3intron	549	676	4116	4245
mouse|mouse|Nub1|ENSMUSG00000028954|5|24204483|24204593|+|up_5intron	126	47	317	87
mouse|mouse|Nub1|ENSMUSG00000028954|5|24204483|24204593|+|up_exon	431	86	81	33
mouse|mouse|Nub1|ENSMUSG00000028954|5|24213584|24213683|+|dn_3intron	474	310	457	207
mouse|mouse|Nub1|ENSMUSG00000028954|5|24213584|24213683|+|dn_5intron	46	24	41	6
mouse|mouse|Nub1|ENSMUSG00000028954|5|24213584|24213683|+|dn_exon	719	152	76	70
mouse|mouse|Nub1|ENSMUSG00000028954|5|24213584|24213683|+|exon	360	90	81	75
mouse|mouse|Nub1|ENSMUSG00000028954|5|24213584|24213683|+|up_3intron	859	855	1874	2284
mouse|mouse|Nub1|ENSMUSG00000028954|5|24213584|24213683|+|up_5intron	904	187	29	13
mouse|mouse|Nub1|ENSMUSG00000028954|5|24213584|24213683|+|up_exon	143	56	72	41
mouse|mouse|Nudcd2|ENSMUSG00000020328|11|40549520|40549568|+|dn_3intron	90	44	135	149
mouse|mouse|Nudcd2|ENSMUSG00000020328|11|40549520|40549568|+|dn_5intron	554	172	651	373
mouse|mouse|Nudcd2|ENSMUSG00000020328|11|40549520|40549568|+|dn_exon	179	32	42	65
mouse|mouse|Nudcd2|ENSMUSG00000020328|11|40549520|40549568|+|exon	217	48	63	276
mouse|mouse|Nudcd2|ENSMUSG00000020328|11|40549520|40549568|+|up_3intron	237	71	203	64
mouse|mouse|Nudcd2|ENSMUSG00000020328|11|40549520|40549568|+|up_5intron	112	112	67	51
mouse|mouse|Nudcd2|ENSMUSG00000020328|11|40549520|40549568|+|up_exon	710	275	103	30
mouse|mouse|Nup214|ENSMUSG00000001855|2|31833284|31833435|+|dn_3intron	126	42	50	114
mouse|mouse|Nup214|ENSMUSG00000001855|2|31833284|31833435|+|dn_5intron	256	82	58	81
mouse|mouse|Nup214|ENSMUSG00000001855|2|31833284|31833435|+|dn_exon	912	485	413	324
mouse|mouse|Nup214|ENSMUSG00000001855|2|31833284|31833435|+|exon	456	418	1163	1869
mouse|mouse|Nup214|ENSMUSG00000001855|2|31833284|31833435|+|up_3intron	995	231	984	1150
mouse|mouse|Nup214|ENSMUSG00000001855|2|31833284|31833435|+|up_5intron	268	40	58	112
mouse|mouse|Nup214|ENSMUSG00000001855|2|31833284|31833435|+|up_exon	489	138	209	283
mouse|mouse|Nup214|ENSMUSG00000001855|2|31838643|31838746|+|up_3intron	1229	1764	15769	5158
mouse|mouse|Nup214|ENSMUSG00000001855|2|31838643|31838746|+|up_5intron	353	186	114	131
mouse|mouse|Nup214|ENSMUSG00000001855|2|31838643|31838746|+|up_exon	549	97	165	646
mouse|mouse|Nup214|ENSMUSG00000001855|2|31845755|31845881|+|dn_3intron	713	71	88	77
mouse|mouse|Nup214|ENSMUSG00000001855|2|31845755|31845881|+|dn_5intron	279	140	118	303
mouse|mouse|Nup214|ENSMUSG00000001855|2|31845755|31845881|+|dn_exon	623	147	44	43
mouse|mouse|Nup85|ENSMUSG00000020739|11|115440077|115440210|+|dn_5intron	261	81	65	17
mouse|mouse|Nup85|ENSMUSG00000020739|11|115440077|115440210|+|dn_exon	1157	660	164	487
mouse|mouse|Nup85|ENSMUSG00000020739|11|115440077|115440210|+|exon	1695	640	197	197
mouse|mouse|Nup85|ENSMUSG00000020739|11|115440077|115440210|+|up_3intron	277	185	330	333
mouse|mouse|Nup85|ENSMUSG00000020739|11|115440077|115440210|+|up_exon	771	411	33	69
mouse|mouse|Ogdh|ENSMUSG00000020456|11|6238552|6238715|+|dn_3intron	371	132	153	104
mouse|mouse|Ogdh|ENSMUSG00000020456|11|6238552|6238715|+|dn_5intron	232	74	23	30
mouse|mouse|Ogdh|ENSMUSG00000020456|11|6238552|6238715|+|dn_exon	580	214	282	152
mouse|mouse|Ogdh|ENSMUSG00000020456|11|6238552|6238715|+|exon	227	78	43	119
mouse|mouse|Ogdh|ENSMUSG00000020456|11|6238552|6238715|+|up_3intron	186	57	15	17
mouse|mouse|Ogdh|ENSMUSG00000020456|11|6238552|6238715|+|up_5intron	284	148	1712	1066
mouse|mouse|Ogdh|ENSMUSG00000020456|11|6247832|6247934|+|dn_3intron	781	253	149	495
mouse|mouse|Ogdh|ENSMUSG00000020456|11|6247832|6247934|+|dn_5intron	584	121	27	32
mouse|mouse|Ogdh|ENSMUSG00000020456|11|6247832|6247934|+|dn_exon	462	124	115	114
mouse|mouse|Ogdh|ENSMUSG00000020456|11|6247832|6247934|+|exon	365	264	374	699
mouse|mouse|Ogdh|ENSMUSG00000020456|11|6247832|6247934|+|up_3intron	150	108	442	57
mouse|mouse|Ogdh|ENSMUSG00000020456|11|6247832|6247934|+|up_5intron	235	109	117	106
mouse|mouse|Ogdh|ENSMUSG00000020456|11|6247832|6247934|+|up_exon	447	142	73	119
mouse|mouse|Ogfod1|ENSMUSG00000033009|8|96579433|96579564|+|dn_3intron	230	82	88	187
mouse|mouse|Ogfod1|ENSMUSG00000033009|8|96579433|96579564|+|dn_5intron	739	111	188	957
mouse|mouse|Ogfod1|ENSMUSG00000033009|8|96579433|96579564|+|dn_exon	235	25	20	18
mouse|mouse|Ogfod1|ENSMUSG00000033009|8|96579433|96579564|+|exon	716	271	190	128
mouse|mouse|Ogfod1|ENSMUSG00000033009|8|96579433|96579564|+|up_3intron	883	495	163	343
mouse|mouse|Ogfod1|ENSMUSG00000033009|8|96579433|96579564|+|up_exon	300	55	19	32
mouse|mouse|Ola1|ENSMUSG00000027108|2|73050917|73051017|-|dn_3intron	55	39	221	139
mouse|mouse|Ola1|ENSMUSG00000027108|2|73050917|73051017|-|dn_5intron	237	56	255	237
mouse|mouse|Ola1|ENSMUSG00000027108|2|73050917|73051017|-|dn_exon	318	147	119	328
mouse|mouse|Ola1|ENSMUSG00000027108|2|73050917|73051017|-|exon	328	28	24	7
mouse|mouse|Ola1|ENSMUSG00000027108|2|73050917|73051017|-|up_3intron	722	122	219	388
mouse|mouse|Ola1|ENSMUSG00000027108|2|73050917|73051017|-|up_exon	516	603	185	2
mouse|mouse|Ophn1|ENSMUSG00000031214|X|95959044|95959115|-|deep_dn	370	40	68	74
mouse|mouse|Ophn1|ENSMUSG00000031214|X|95959044|95959115|-|deep_up	66	9	46	29
mouse|mouse|Ophn1|ENSMUSG00000031214|X|95959044|95959115|-|dn_3intron	617	236	777	1220
mouse|mouse|Ophn1|ENSMUSG00000031214|X|95959044|95959115|-|dn_5intron	180	50	28	87
mouse|mouse|Ophn1|ENSMUSG00000031214|X|95959044|95959115|-|dn_exon	397	74	24	30
mouse|mouse|Ophn1|ENSMUSG00000031214|X|95959044|95959115|-|exon	110	22	71	407
mouse|mouse|Ophn1|ENSMUSG00000031214|X|95959044|95959115|-|up_3intron	836	113	218	504
mouse|mouse|Ophn1|ENSMUSG00000031214|X|95959044|95959115|-|up_5intron	615	551	2414	654
mouse|mouse|Ophn1|ENSMUSG00000031214|X|95959044|95959115|-|up_exon	902	135	89	267
mouse|mouse|Orc3|ENSMUSG00000040044|4|34554380|34554477|-|dn_3intron	79	36	48	70
mouse|mouse|Orc3|ENSMUSG00000040044|4|34554380|34554477|-|dn_5intron	284	76	39	74
mouse|mouse|Orc3|ENSMUSG00000040044|4|34554380|34554477|-|dn_exon	103	24	9	16
mouse|mouse|Orc3|ENSMUSG00000040044|4|34558271|34558325|-|deep_dn	575	113	105	995
mouse|mouse|Orc3|ENSMUSG00000040044|4|34558271|34558325|-|deep_up	413	70	7	37
mouse|mouse|Orc3|ENSMUSG00000040044|4|34558271|34558325|-|up_3intron	737	401	641	2811
mouse|mouse|Orc3|ENSMUSG00000040044|4|34558271|34558325|-|up_5intron	90	78	42	19
mouse|mouse|Orc3|ENSMUSG00000040044|4|34558271|34558325|-|up_exon	536	226	99	26
mouse|mouse|Oscp1|ENSMUSG00000042616|4|125764900|125765015|+|dn_3intron	174	157	231	609
mouse|mouse|Oscp1|ENSMUSG00000042616|4|125764900|125765015|+|dn_5intron	310	214	130	252
mouse|mouse|Oscp1|ENSMUSG00000042616|4|125764900|125765015|+|exon	577	182	38	41
mouse|mouse|Oscp1|ENSMUSG00000042616|4|125764900|125765015|+|up_3intron	60	14	55	18
mouse|mouse|Oscp1|ENSMUSG00000042616|4|125764900|125765015|+|up_5intron	516	433	1323	934
mouse|mouse|Oscp1|ENSMUSG00000042616|4|125764900|125765015|+|up_exon	529	160	19	18
mouse|mouse|Pam|ENSMUSG00000026335|1|99793785|99793852|-|dn_3intron	365	68	117	128
mouse|mouse|Pam|ENSMUSG00000026335|1|99793785|99793852|-|dn_5intron	276	59	51	41
mouse|mouse|Pam|ENSMUSG00000026335|1|99793785|99793852|-|dn_exon	502	2410	4192	1077
mouse|mouse|Pam|ENSMUSG00000026335|1|99794918|99794966|-|up_3intron	723	151	197	874
mouse|mouse|Pam|ENSMUSG00000026335|1|99794918|99794966|-|up_5intron	161	41	48	66
mouse|mouse|Pam|ENSMUSG00000026335|1|99794918|99794966|-|up_exon	298	103	172	310
mouse|mouse|Pank4|ENSMUSG00000029056|4|154353833|154353920|+|dn_5intron	682	366	285	231
mouse|mouse|Pank4|ENSMUSG00000029056|4|154353833|154353920|+|dn_exon	175	133	209	52
mouse|mouse|Pank4|ENSMUSG00000029056|4|154353833|154353920|+|exon	714	354	112	580
mouse|mouse|Pank4|ENSMUSG00000029056|4|154353833|154353920|+|up_5intron	138	75	22	15
mouse|mouse|Pank4|ENSMUSG00000029056|4|154353833|154353920|+|up_exon	922	204	65	45
mouse|mouse|Papola|ENSMUSG00000021111|12|107038892|107038960|+|dn_3intron	1212	211	192	409
mouse|mouse|Papola|ENSMUSG00000021111|12|107038892|107038960|+|dn_5intron	3388	3833	24677	17441
mouse|mouse|Papola|ENSMUSG00000021111|12|107038892|107038960|+|dn_exon	146	67	16	47
mouse|mouse|Papola|ENSMUSG00000021111|12|107038892|107038960|+|exon	371	56	138	100
mouse|mouse|Papola|ENSMUSG00000021111|12|107038892|107038960|+|up_3intron	152	44	85	200
mouse|mouse|Papola|ENSMUSG00000021111|12|107038892|107038960|+|up_5intron	425	135	92	181
mouse|mouse|Papola|ENSMUSG00000021111|12|107038892|107038960|+|up_exon	177	86	33	39
mouse|mouse|Papss2|ENSMUSG00000024899|19|32738909|32739140|+|dn_3intron	155	152	206	119
mouse|mouse|Papss2|ENSMUSG00000024899|19|32738909|32739140|+|dn_5intron	89	96	40	11
mouse|mouse|Papss2|ENSMUSG00000024899|19|32738909|32739140|+|exon	163	92	125	56
mouse|mouse|Papss2|ENSMUSG00000024899|19|32738909|32739140|+|up_3intron	349	71	30	113
mouse|mouse|Papss2|ENSMUSG00000024899|19|32738909|32739140|+|up_5intron	115	97	30	15
mouse|mouse|Papss2|ENSMUSG00000024899|19|32738909|32739140|+|up_exon	961	310	155	766
mouse|mouse|Parn|ENSMUSG00000022685|16|13652738|13652803|-|dn_3intron	641	234	260	318
mouse|mouse|Parn|ENSMUSG00000022685|16|13652738|13652803|-|dn_5intron	743	7390	41797	5289
mouse|mouse|Parn|ENSMUSG00000022685|16|13652738|13652803|-|dn_exon	118	57	56	214
mouse|mouse|Parn|ENSMUSG00000022685|16|13652738|13652803|-|exon	219	100	222	258
mouse|mouse|Parn|ENSMUSG00000022685|16|13652738|13652803|-|up_3intron	407	124	41	96
mouse|mouse|Parn|ENSMUSG00000022685|16|13652738|13652803|-|up_5intron	624	131	341	445
mouse|mouse|Parn|ENSMUSG00000022685|16|13652738|13652803|-|up_exon	82	28	21	17
mouse|mouse|Parp1|ENSMUSG00000026496|1|182518780|182518913|+|dn_3intron	307	142	69	247
mouse|mouse|Parp1|ENSMUSG00000026496|1|182518780|182518913|+|dn_5intron	532	152	110	90
mouse|mouse|Parp1|ENSMUSG00000026496|1|182518780|182518913|+|dn_exon	473	124	10	20
mouse|mouse|Parp1|ENSMUSG00000026496|1|182518780|182518913|+|exon	265	150	103	93
mouse|mouse|Parp1|ENSMUSG00000026496|1|182518780|182518913|+|up_3intron	276	6410	2766	133
mouse|mouse|Parp1|ENSMUSG00000026496|1|182518780|182518913|+|up_5intron	245	174	338	76
mouse|mouse|Parp1|ENSMUSG00000026496|1|182518780|182518913|+|up_exon	109	98	41	19
mouse|mouse|Pccb|ENSMUSG00000032527|9|100913124|100913234|-|deep_dn	124	57	2	13
mouse|mouse|Pccb|ENSMUSG00000032527|9|100913124|100913234|-|deep_up	1901	381	726	1049
mouse|mouse|Pccb|ENSMUSG00000032527|9|100913124|100913234|-|dn_3intron	190	51	75	110
mouse|mouse|Pccb|ENSMUSG00000032527|9|100913124|100913234|-|dn_5intron	190	295	550	571
mouse|mouse|Pccb|ENSMUSG00000032527|9|100913124|100913234|-|dn_exon	36	95	84	19
mouse|mouse|Pccb|ENSMUSG00000032527|9|100913124|100913234|-|exon	521	162	48	49
mouse|mouse|Pccb|ENSMUSG00000032527|9|100913124|100913234|-|up_3intron	709	179	80	80
mouse|mouse|Pccb|ENSMUSG00000032527|9|100913124|100913234|-|up_5intron	705	222	147	242
mouse|mouse|Pccb|ENSMUSG00000032527|9|100913124|100913234|-|up_exon	143	45	50	40
mouse|mouse|Pcna|ENSMUSG00000027342|2|132077427|132077494|-|dn_3intron	744	439	920	982
mouse|mouse|Pcna|ENSMUSG00000027342|2|132077427|132077494|-|dn_5intron	311	210	526	1150
mouse|mouse|Pcna|ENSMUSG00000027342|2|132077427|132077494|-|dn_exon	710	74	69	111
mouse|mouse|Pcna|ENSMUSG00000027342|2|132077427|132077494|-|exon	466	172	491	605
mouse|mouse|Pcna|ENSMUSG00000027342|2|132077427|132077494|-|up_exon	537	240	295	463
mouse|mouse|Pcnx|ENSMUSG00000021140|12|83060981|83061091|+|dn_3intron	338	151	74	95
mouse|mouse|Pcnx|ENSMUSG00000021140|12|83060981|83061091|+|dn_5intron	538	184	65	156
mouse|mouse|Pcnx|ENSMUSG00000021140|12|83060981|83061091|+|dn_exon	342	109	76	177
mouse|mouse|Pcnx|ENSMUSG00000021140|12|83060981|83061091|+|exon	893	253	170	706
mouse|mouse|Pcnx|ENSMUSG00000021140|12|83060981|83061091|+|up_3intron	416	87	120	236
mouse|mouse|Pcnx|ENSMUSG00000021140|12|83060981|83061091|+|up_5intron	192	240	686	770
mouse|mouse|Pcnx|ENSMUSG00000021140|12|83060981|83061091|+|up_exon	863	242	276	722
mouse|mouse|Pcyt2|ENSMUSG00000025137|11|120472942|120473019|-|dn_3intron	141	252	93	12
mouse|mouse|Pcyt2|ENSMUSG00000025137|11|120472942|120473019|-|dn_exon	345	99	37	76
mouse|mouse|Pcyt2|ENSMUSG00000025137|11|120472942|120473019|-|exon	96	59	69	22
mouse|mouse|Pcyt2|ENSMUSG00000025137|11|120472942|120473019|-|up_3intron	81	134	25	13
mouse|mouse|Pcyt2|ENSMUSG00000025137|11|120472942|120473019|-|up_5intron	445	219	448	186
mouse|mouse|Pcyt2|ENSMUSG00000025137|11|120472942|120473019|-|up_exon	386	253	50	65
mouse|mouse|Pdhb|ENSMUSG00000021748|14|9001859|9001950|-|dn_3intron	679	236	91	220
mouse|mouse|Pdhb|ENSMUSG00000021748|14|9001859|9001950|-|dn_5intron	348	81	15	36
mouse|mouse|Pdhb|ENSMUSG00000021748|14|9001859|9001950|-|dn_exon	515	148	127	107
mouse|mouse|Pdhb|ENSMUSG00000021748|14|9001859|9001950|-|exon	636	237	451	458
mouse|mouse|Pdhb|ENSMUSG00000021748|14|9001859|9001950|-|up_3intron	426	142	26	133
mouse|mouse|Pdhb|ENSMUSG00000021748|14|9001859|9001950|-|up_5intron	821	95	39	62
mouse|mouse|Pdhb|ENSMUSG00000021748|14|9001859|9001950|-|up_exon	379	52	109	126
mouse|mouse|Pdhb|ENSMUSG00000021748|14|9001859|9001950|-|utr	694	299	368	455
mouse|mouse|Pdzd2|ENSMUSG00000022197|15|12318299|12318333|-|dn_3intron	89	3	22	7
mouse|mouse|Pdzd2|ENSMUSG00000022197|15|12318299|12318333|-|dn_5intron	337	139	165	346
mouse|mouse|Pdzd2|ENSMUSG00000022197|15|12318299|12318333|-|dn_exon	627	289	255	530
mouse|mouse|Pdzd2|ENSMUSG00000022197|15|12318299|12318333|-|exon	352	140	116	138
mouse|mouse|Pdzd2|ENSMUSG00000022197|15|12318299|12318333|-|up_3intron	843	347	1050	1486
mouse|mouse|Pdzd2|ENSMUSG00000022197|15|12318299|12318333|-|up_5intron	323	220	52	251
mouse|mouse|Pdzd2|ENSMUSG00000022197|15|12328934|12329066|-|deep_dn	367	83	71	98
mouse|mouse|Pdzd2|ENSMUSG00000022197|15|12328934|12329066|-|deep_up	88	135	50	94
mouse|mouse|Pdzd2|ENSMUSG00000022197|15|12328934|12329066|-|dn_3intron	224	57	10	18
mouse|mouse|Pdzd2|ENSMUSG00000022197|15|12328934|12329066|-|dn_5intron	649	214	51	59
mouse|mouse|Pdzd2|ENSMUSG00000022197|15|12328934|12329066|-|dn_exon	321	317	769	300
mouse|mouse|Pdzd2|ENSMUSG00000022197|15|12328934|12329066|-|exon	251	226	144	51
mouse|mouse|Pdzd2|ENSMUSG00000022197|15|12328934|12329066|-|up_3intron	460	88	47	46
mouse|mouse|Pdzd2|ENSMUSG00000022197|15|12328934|12329066|-|up_5intron	317	118	220	277
mouse|mouse|Pdzd2|ENSMUSG00000022197|15|12328934|12329066|-|up_exon	477	319	197	316
mouse|mouse|Pfkfb2|ENSMUSG00000026409|1|132598692|132599015|-|dn_5intron	394	101	49	56
mouse|mouse|Pfkfb2|ENSMUSG00000026409|1|132598692|132599015|-|dn_exon	755	245	748	1899
mouse|mouse|Pfkfb2|ENSMUSG00000026409|1|132598692|132599015|-|exon	1122	350	160	66
mouse|mouse|Pfkfb2|ENSMUSG00000026409|1|132598692|132599015|-|up_3intron	23	63	10	6
mouse|mouse|Pfkfb2|ENSMUSG00000026409|1|132598692|132599015|-|up_5intron	431	63	37	43
mouse|mouse|Pfkfb2|ENSMUSG00000026409|1|132598692|132599015|-|up_exon	112	106	81	142
mouse|mouse|Phf5a|ENSMUSG00000061360|15|81700762|81700928|-|dn_3intron	321	95	97	65
mouse|mouse|Phf5a|ENSMUSG00000061360|15|81700762|81700928|-|dn_5intron	1515	365	133	149
mouse|mouse|Phf5a|ENSMUSG00000061360|15|81700762|81700928|-|dn_exon	349	68	13	62
mouse|mouse|Phf5a|ENSMUSG00000061360|15|81700762|81700928|-|exon	695	191	62	113
mouse|mouse|Phf5a|ENSMUSG00000061360|15|81700762|81700928|-|up_3intron	530	133	144	133
mouse|mouse|Phf5a|ENSMUSG00000061360|15|81700762|81700928|-|up_5intron	443	128	43	60
mouse|mouse|Phf5a|ENSMUSG00000061360|15|81700762|81700928|-|up_exon	149	241	331	141
mouse|mouse|Phf6|ENSMUSG00000025626|X|50270343|50270444|+|dn_3intron	201	19	167	464
mouse|mouse|Phf6|ENSMUSG00000025626|X|50270343|50270444|+|dn_5intron	237	45	55	20
mouse|mouse|Phf6|ENSMUSG00000025626|X|50270343|50270444|+|exon	604	101	79	117
mouse|mouse|Phf6|ENSMUSG00000025626|X|50270343|50270444|+|up_3intron	467	124	285	1703
mouse|mouse|Phf6|ENSMUSG00000025626|X|50270343|50270444|+|up_5intron	96	32	424	118
mouse|mouse|Phf6|ENSMUSG00000025626|X|50270343|50270444|+|up_exon	326	22	40	26
mouse|mouse|Phf6|ENSMUSG00000025626|X|50285158|50285201|+|dn_3intron	402	112	206	243
mouse|mouse|Phf6|ENSMUSG00000025626|X|50285158|50285201|+|dn_5intron	135	63	34	77
mouse|mouse|Phf6|ENSMUSG00000025626|X|50285158|50285201|+|dn_exon	269	72	39	34
mouse|mouse|Phf6|ENSMUSG00000025626|X|50285158|50285201|+|exon	510	157	152	405
mouse|mouse|Phf6|ENSMUSG00000025626|X|50285158|50285201|+|up_3intron	313	80	81	446
mouse|mouse|Phf6|ENSMUSG00000025626|X|50285158|50285201|+|up_5intron	748	195	203	610
mouse|mouse|Phpt1|ENSMUSG00000036504|2|25429708|25429969|-|dn_3intron	112	30	2	5
mouse|mouse|Phpt1|ENSMUSG00000036504|2|25429708|25429969|-|dn_exon	1633	715	1236	782
mouse|mouse|Phpt1|ENSMUSG00000036504|2|25429708|25429969|-|exon	365	137	160	661
mouse|mouse|Phpt1|ENSMUSG00000036504|2|25429708|25429969|-|up_3intron	754	157	226	356
mouse|mouse|Phpt1|ENSMUSG00000036504|2|25429708|25429969|-|up_5intron	307	118	118	25
mouse|mouse|Phpt1|ENSMUSG00000036504|2|25429708|25429969|-|up_exon	455	159	93	115
mouse|mouse|Pias1|ENSMUSG00000032405|9|62730687|62732619|-|dn_3intron	481	153	275	495
mouse|mouse|Pias1|ENSMUSG00000032405|9|62730687|62732619|-|dn_5intron	113	90	4	14
mouse|mouse|Pias1|ENSMUSG00000032405|9|62730687|62732619|-|dn_exon	1725	844	2913	5233
mouse|mouse|Pias1|ENSMUSG00000032405|9|62730687|62732619|-|exon	325	32	82	389
mouse|mouse|Pias1|ENSMUSG00000032405|9|62730687|62732619|-|up_3intron	581	257	1516	393
mouse|mouse|Pias1|ENSMUSG00000032405|9|62730687|62732619|-|up_5intron	307	138	106	118
mouse|mouse|Pias1|ENSMUSG00000032405|9|62730687|62732619|-|up_exon	119	216	44	118
mouse|mouse|Pigs|ENSMUSG00000041958|11|78148929|78149361|+|dn_3intron	1503	700	99	38
mouse|mouse|Pigs|ENSMUSG00000041958|11|78148929|78149361|+|dn_5intron	430	168	174	198
mouse|mouse|Pigs|ENSMUSG00000041958|11|78148929|78149361|+|dn_exon	1338	357	27	53
mouse|mouse|Pigs|ENSMUSG00000041958|11|78148929|78149361|+|exon	121	199	190	89
mouse|mouse|Pigs|ENSMUSG00000041958|11|78148929|78149361|+|up_3intron	162	6	190	68
mouse|mouse|Pigs|ENSMUSG00000041958|11|78148929|78149361|+|up_5intron	217	365	166	580
mouse|mouse|Pigs|ENSMUSG00000041958|11|78148929|78149361|+|up_exon	1607	592	748	855
mouse|mouse|Pigs|ENSMUSG00000041958|11|78148929|78149361|+|utr	500	119	120	199
mouse|mouse|Pigu|ENSMUSG00000038383|2|155118426|155118568|-|deep_dn	195	64	62	142
mouse|mouse|Pigu|ENSMUSG00000038383|2|155118426|155118568|-|deep_up	458	117	104	369
mouse|mouse|Pigu|ENSMUSG00000038383|2|155118426|155118568|-|dn_5intron	510	216	252	206
mouse|mouse|Pigu|ENSMUSG00000038383|2|155118426|155118568|-|dn_exon	710	554	800	794
mouse|mouse|Pigu|ENSMUSG00000038383|2|155118426|155118568|-|exon	874	309	370	2126
mouse|mouse|Pigu|ENSMUSG00000038383|2|155118426|155118568|-|up_3intron	905	127	129	181
mouse|mouse|Pigu|ENSMUSG00000038383|2|155118426|155118568|-|up_5intron	160	56	80	102
mouse|mouse|Pigu|ENSMUSG00000038383|2|155118426|155118568|-|up_exon	267	71	219	389
mouse|mouse|Plcd1|ENSMUSG00000010660|9|118981363|118981500|-|dn_3intron	893	174	415	482
mouse|mouse|Plcd1|ENSMUSG00000010660|9|118981363|118981500|-|dn_5intron	1309	352	740	860
mouse|mouse|Plcd1|ENSMUSG00000010660|9|118981363|118981500|-|dn_exon	427	146	119	482
mouse|mouse|Plcd1|ENSMUSG00000010660|9|118981363|118981500|-|up_5intron	1095	414	341	1504
mouse|mouse|Plcd1|ENSMUSG00000010660|9|118981363|118981500|-|up_exon	775	213	139	76
mouse|mouse|Plekhm2|ENSMUSG00000028917|4|141184996|141185061|-|dn_3intron	422	584	423	270
mouse|mouse|Plekhm2|ENSMUSG00000028917|4|141184996|141185061|-|dn_5intron	414	228	25	55
mouse|mouse|Plekhm2|ENSMUSG00000028917|4|141184996|141185061|-|dn_exon	581	255	73	158
mouse|mouse|Plekhm2|ENSMUSG00000028917|4|141184996|141185061|-|exon	461	104	59	64
mouse|mouse|Plekhm2|ENSMUSG00000028917|4|141184996|141185061|-|up_exon	412	194	329	75
mouse|mouse|Plk2|ENSMUSG00000021701|13|111186799|111186928|+|dn_exon	914	110	119	192
mouse|mouse|Plk2|ENSMUSG00000021701|13|111186799|111186928|+|up_3intron	363	142	31	50
mouse|mouse|Plk2|ENSMUSG00000021701|13|111186799|111186928|+|up_exon	454	819	1280	790
mouse|mouse|Plk3|ENSMUSG00000028680|4|116803936|116804201|-|dn_3intron	319	529	637	436
mouse|mouse|Plk3|ENSMUSG00000028680|4|116803936|116804201|-|dn_exon	467	90	102	81
mouse|mouse|Plk3|ENSMUSG00000028680|4|116803936|116804201|-|exon	249	305	106	152
mouse|mouse|Plk3|ENSMUSG00000028680|4|116803936|116804201|-|up_3intron	727	575	480	977
mouse|mouse|Plk3|ENSMUSG00000028680|4|116803936|116804201|-|up_5intron	382	172	24	15
mouse|mouse|Plk3|ENSMUSG00000028680|4|116805794|116805910|-|dn_3intron	128	83	79	20
mouse|mouse|Plk3|ENSMUSG00000028680|4|116805794|116805910|-|dn_exon	391	99	8	9
mouse|mouse|Plk3|ENSMUSG00000028680|4|116805794|116805910|-|exon	164	263	238	654
mouse|mouse|Plk3|ENSMUSG00000028680|4|116805794|116805910|-|up_5intron	191	89	184	86
mouse|mouse|Pnpla2|ENSMUSG00000025509|7|148644491|148644658|+|dn_5intron	140	103	25	9
mouse|mouse|Pnpla2|ENSMUSG00000025509|7|148644491|148644658|+|dn_exon	452	129	11	8
mouse|mouse|Pnpla2|ENSMUSG00000025509|7|148644491|148644658|+|exon	48	28	41	11
mouse|mouse|Pofut1|ENSMUSG00000046020|2|153069048|153069495|+|dn_3intron	273	66	44	269
mouse|mouse|Pofut1|ENSMUSG00000046020|2|153069048|153069495|+|dn_5intron	892	445	554	915
mouse|mouse|Pofut1|ENSMUSG00000046020|2|153069048|153069495|+|exon	804	657	1044	3023
mouse|mouse|Pofut1|ENSMUSG00000046020|2|153069048|153069495|+|up_3intron	142	57	86	40
mouse|mouse|Pofut1|ENSMUSG00000046020|2|153069048|153069495|+|up_5intron	117	62	32	7
mouse|mouse|Pofut1|ENSMUSG00000046020|2|153069048|153069495|+|up_exon	477	662	200	2
mouse|mouse|Pofut1|ENSMUSG00000046020|2|153074185|153074367|+|dn_3intron	508	202	22	44
mouse|mouse|Pofut1|ENSMUSG00000046020|2|153074185|153074367|+|dn_5intron	478	191	297	279
mouse|mouse|Pofut1|ENSMUSG00000046020|2|153074185|153074367|+|dn_exon	330	112	22	39
mouse|mouse|Pofut1|ENSMUSG00000046020|2|153074185|153074367|+|exon	986	173	132	75
mouse|mouse|Pofut1|ENSMUSG00000046020|2|153074185|153074367|+|up_5intron	36	129	53	15
mouse|mouse|Pola1|ENSMUSG00000006678|X|90738888|90739053|-|dn_3intron	496	107	76	191
mouse|mouse|Pola1|ENSMUSG00000006678|X|90738888|90739053|-|dn_5intron	494	36	37	26
mouse|mouse|Pola1|ENSMUSG00000006678|X|90738888|90739053|-|dn_exon	255	47	131	183
mouse|mouse|Polr3e|ENSMUSG00000030880|7|128082653|128082843|+|dn_3intron	145	117	96	62
mouse|mouse|Polr3e|ENSMUSG00000030880|7|128082653|128082843|+|dn_5intron	146	27	13	3
mouse|mouse|Polr3e|ENSMUSG00000030880|7|128082653|128082843|+|dn_exon	305	139	69	9
mouse|mouse|Polr3e|ENSMUSG00000030880|7|128082653|128082843|+|exon	595	177	67	85
mouse|mouse|Polr3e|ENSMUSG00000030880|7|128082653|128082843|+|up_5intron	1168	294	76	61
mouse|mouse|Polr3e|ENSMUSG00000030880|7|128082653|128082843|+|up_exon	668	153	91	156
mouse|mouse|Prkcd|ENSMUSG00000021948|14|31412796|31413395|-|dn_5intron	478	296	112	33
mouse|mouse|Prkcd|ENSMUSG00000021948|14|31412796|31413395|-|dn_exon	346	188	29	55
mouse|mouse|Prkcd|ENSMUSG00000021948|14|31412796|31413395|-|exon	446	115	69	67
mouse|mouse|Prkcd|ENSMUSG00000021948|14|31412796|31413395|-|up_3intron	167	20	54	13
mouse|mouse|Prkcd|ENSMUSG00000021948|14|31412796|31413395|-|up_5intron	551	227	71	84
mouse|mouse|Prkcd|ENSMUSG00000021948|14|31412796|31413395|-|up_exon	124	24	45	69
mouse|mouse|Prosc|ENSMUSG00000031485|8|28155870|28155905|+|dn_3intron	325	130	200	206
mouse|mouse|Prosc|ENSMUSG00000031485|8|28155870|28155905|+|dn_5intron	415	96	72	76
mouse|mouse|Prosc|ENSMUSG00000031485|8|28155870|28155905|+|dn_exon	573	121	56	15
mouse|mouse|Prosc|ENSMUSG00000031485|8|28155870|28155905|+|exon	817	216	143	456
mouse|mouse|Prosc|ENSMUSG00000031485|8|28155870|28155905|+|up_3intron	27	11	30	10
mouse|mouse|Prosc|ENSMUSG00000031485|8|28155870|28155905|+|up_exon	242	247	272	81
mouse|mouse|Psma2|ENSMUSG00000015671|13|14717470|14717527|+|dn_5intron	382	64	172	83
mouse|mouse|Psma2|ENSMUSG00000015671|13|14717470|14717527|+|dn_exon	275	94	14	35
mouse|mouse|Psma2|ENSMUSG00000015671|13|14717470|14717527|+|up_3intron	682	89	79	46
mouse|mouse|Psma2|ENSMUSG00000015671|13|14717470|14717527|+|up_5intron	427	118	72	289
mouse|mouse|Psma2|ENSMUSG00000015671|13|14717470|14717527|+|up_exon	318	118	224	141
mouse|mouse|Psma4|ENSMUSG00000032301|9|54802072|54802547|+|dn_5intron	460	359	1578	1756
mouse|mouse|Psma4|ENSMUSG00000032301|9|54802072|54802547|+|dn_exon	175	56	21	55
mouse|mouse|Psma4|ENSMUSG00000032301|9|54802072|54802547|+|exon	628	75	35	229
mouse|mouse|Psma4|ENSMUSG00000032301|9|54802072|54802547|+|up_3intron	555	497	420	1104
mouse|mouse|Psma4|ENSMUSG00000032301|9|54802072|54802547|+|up_5intron	532	389	211	289
mouse|mouse|Psma4|ENSMUSG00000032301|9|54802072|54802547|+|up_exon	609	162	267	988
mouse|mouse|Ptdss2|ENSMUSG00000025495|7|148340456|148340601|+|dn_5intron	152	102	31	11
mouse|mouse|Ptdss2|ENSMUSG00000025495|7|148340456|148340601|+|dn_exon	742	315	39	88
mouse|mouse|Ptdss2|ENSMUSG00000025495|7|148340456|148340601|+|exon	2614	1543	1227	1936
mouse|mouse|Ptdss2|ENSMUSG00000025495|7|148340456|148340601|+|up_5intron	175	136	14	10
mouse|mouse|Ptpn4|ENSMUSG00000026384|1|121622610|121622702|-|deep_dn	197	56	182	505
mouse|mouse|Ptpn4|ENSMUSG00000026384|1|121622610|121622702|-|deep_up	110	28	35	46
mouse|mouse|Ptpn4|ENSMUSG00000026384|1|121622610|121622702|-|dn_3intron	364	119	17	38
mouse|mouse|Ptpn4|ENSMUSG00000026384|1|121622610|121622702|-|dn_5intron	242	30	55	67
mouse|mouse|Ptpn4|ENSMUSG00000026384|1|121622610|121622702|-|dn_exon	252	382	688	349
mouse|mouse|Ptpn4|ENSMUSG00000026384|1|121622610|121622702|-|exon	452	89	60	192
mouse|mouse|Ptpn4|ENSMUSG00000026384|1|121622610|121622702|-|up_3intron	140	17	7	12
mouse|mouse|Ptpn4|ENSMUSG00000026384|1|121622610|121622702|-|up_5intron	745	186	160	764
mouse|mouse|Ptpn4|ENSMUSG00000026384|1|121622610|121622702|-|up_exon	279	108	79	183
mouse|mouse|Rab3gap1|ENSMUSG00000036104|1|129834774|129834878|+|dn_3intron	246	93	53	52
mouse|mouse|Rab3gap1|ENSMUSG00000036104|1|129834774|129834878|+|dn_5intron	733	236	828	4231
mouse|mouse|Rab3gap1|ENSMUSG00000036104|1|129834774|129834878|+|dn_exon	224	91	131	71
mouse|mouse|Rab3gap1|ENSMUSG00000036104|1|129834774|129834878|+|exon	141	48	12	11
mouse|mouse|Rab3gap1|ENSMUSG00000036104|1|129834774|129834878|+|up_3intron	407	138	218	561
mouse|mouse|Rab3gap1|ENSMUSG00000036104|1|129834774|129834878|+|up_exon	1288	267	145	48
mouse|mouse|Rapgef3|ENSMUSG00000022469|15|97589593|97589671|-|dn_3intron	705	308	115	40
mouse|mouse|Rapgef3|ENSMUSG00000022469|15|97589593|97589671|-|dn_exon	790	97	67	48
mouse|mouse|Rapgef3|ENSMUSG00000022469|15|97589593|97589671|-|exon	400	83	30	57
mouse|mouse|Rapgef3|ENSMUSG00000022469|15|97590396|97590480|-|dn_3intron	1107	273	86	314
mouse|mouse|Rapgef3|ENSMUSG00000022469|15|97590396|97590480|-|dn_5intron	268	145	348	84
mouse|mouse|Rapgef3|ENSMUSG00000022469|15|97590396|97590480|-|exon	342	132	34	44
mouse|mouse|Rapgef3|ENSMUSG00000022469|15|97590396|97590480|-|up_3intron	208	317	235	109
mouse|mouse|Rapgef3|ENSMUSG00000022469|15|97590396|97590480|-|up_5intron	619	376	107	203
mouse|mouse|Rapgef3|ENSMUSG00000022469|15|97590396|97590480|-|up_exon	39	60	13	5
mouse|mouse|Rbm27|ENSMUSG00000024491|18|42485559|42485678|+|dn_3intron	112	27	54	89
mouse|mouse|Rbm27|ENSMUSG00000024491|18|42485559|42485678|+|dn_5intron	374	82	148	588
mouse|mouse|Rbm27|ENSMUSG00000024491|18|42485559|42485678|+|dn_exon	79	52	61	54
mouse|mouse|Rbm27|ENSMUSG00000024491|18|42485559|42485678|+|exon	268	58	5	22
mouse|mouse|Rbm27|ENSMUSG00000024491|18|42485559|42485678|+|up_3intron	864	294	4640	4616
mouse|mouse|Rbm27|ENSMUSG00000024491|18|42485559|42485678|+|up_5intron	226	35	21	43
mouse|mouse|Rbm27|ENSMUSG00000024491|18|42485559|42485678|+|up_exon	391	79	44	55
mouse|mouse|Rbm6|ENSMUSG00000032582|9|107753246|107753337|-|dn_3intron	391	58	156	471
mouse|mouse|Rbm6|ENSMUSG00000032582|9|107753246|107753337|-|dn_5intron	270	192	338	171
mouse|mouse|Rbm6|ENSMUSG00000032582|9|107753246|107753337|-|dn_exon	1451	252	126	935
mouse|mouse|Rbm6|ENSMUSG00000032582|9|107753246|107753337|-|exon	360	68	67	84
mouse|mouse|Rbm6|ENSMUSG00000032582|9|107753246|107753337|-|up_3intron	206	47	24	171
mouse|mouse|Rbm6|ENSMUSG00000032582|9|107753246|107753337|-|up_5intron	506	74	32	28
mouse|mouse|Rbm6|ENSMUSG00000032582|9|107753246|107753337|-|up_exon	151	51	66	58
mouse|mouse|Rft1|ENSMUSG00000052395|14|31474457|31474646|+|dn_3intron	1405	489	1343	3187
mouse|mouse|Rft1|ENSMUSG00000052395|14|31474457|31474646|+|dn_5intron	574	386	1723	1985
mouse|mouse|Rft1|ENSMUSG00000052395|14|31474457|31474646|+|dn_exon	1357	389	270	563
mouse|mouse|Rft1|ENSMUSG00000052395|14|31474457|31474646|+|exon	377	145	198	378
mouse|mouse|Rft1|ENSMUSG00000052395|14|31474457|31474646|+|up_3intron	201	25	8	33
mouse|mouse|Rft1|ENSMUSG00000052395|14|31474457|31474646|+|up_5intron	1785	524	510	1058
mouse|mouse|Rft1|ENSMUSG00000052395|14|31474457|31474646|+|up_exon	875	233	114	89
mouse|mouse|Rgs11|ENSMUSG00000024186|17|26344937|26345024|+|dn_3intron	604	555	862	225
mouse|mouse|Rgs11|ENSMUSG00000024186|17|26344937|26345024|+|dn_5intron	112	30	30	29
mouse|mouse|Rgs11|ENSMUSG00000024186|17|26344937|26345024|+|dn_exon	271	175	17	32
mouse|mouse|Rgs11|ENSMUSG00000024186|17|26344937|26345024|+|up_5intron	1344	346	247	74
mouse|mouse|Rgs11|ENSMUSG00000024186|17|26344937|26345024|+|up_exon	1107	231	78	26
mouse|mouse|Rltpr|ENSMUSG00000050357|8|108211453|108211577|+|up_5intron	740	280	125	341
mouse|mouse|Rnf10|ENSMUSG00000041740|5|115698591|115698725|-|dn_3intron	3	18	20	7
mouse|mouse|Rnf10|ENSMUSG00000041740|5|115698591|115698725|-|dn_5intron	1194	349	964	432
mouse|mouse|Rnf10|ENSMUSG00000041740|5|115698591|115698725|-|dn_exon	659	644	1480	1024
mouse|mouse|Rnf10|ENSMUSG00000041740|5|115698591|115698725|-|exon	559	236	116	218
mouse|mouse|Rnf10|ENSMUSG00000041740|5|115698591|115698725|-|up_3intron	264	190	108	61
mouse|mouse|Rnf10|ENSMUSG00000041740|5|115698591|115698725|-|up_exon	71	40	95	42
mouse|mouse|Rnf220|ENSMUSG00000028677|4|116949976|116950058|-|dn_3intron	425	92	31	71
mouse|mouse|Rnf220|ENSMUSG00000028677|4|116949976|116950058|-|dn_5intron	78	121	26	2
mouse|mouse|Rnf220|ENSMUSG00000028677|4|116949976|116950058|-|dn_exon	1226	296	91	92
mouse|mouse|Rnf220|ENSMUSG00000028677|4|116949976|116950058|-|exon	405	146	182	311
mouse|mouse|Rnf220|ENSMUSG00000028677|4|116949976|116950058|-|up_5intron	79	222	104	51
mouse|mouse|Rnf220|ENSMUSG00000028677|4|116949976|116950058|-|up_exon	625	386	198	220
mouse|mouse|Rpap1|ENSMUSG00000034032|2|119596932|119597135|-|dn_5intron	596	283	35	44
mouse|mouse|Rpap1|ENSMUSG00000034032|2|119596932|119597135|-|dn_exon	162	139	10	7
mouse|mouse|Rpap1|ENSMUSG00000034032|2|119596932|119597135|-|exon	432	313	96	82
mouse|mouse|Rpap1|ENSMUSG00000034032|2|119596932|119597135|-|up_3intron	533	290	47	54
mouse|mouse|Rpap1|ENSMUSG00000034032|2|119596932|119597135|-|up_5intron	105	130	121	34
mouse|mouse|Rpap1|ENSMUSG00000034032|2|119596932|119597135|-|up_exon	444	147	71	72
mouse|mouse|Rps6kc1|ENSMUSG00000089872|1|192632762|192632894|-|dn_3intron	283	144	54	207
mouse|mouse|Rps6kc1|ENSMUSG00000089872|1|192632762|192632894|-|dn_5intron	2935	488	300	1691
mouse|mouse|Rps6kc1|ENSMUSG00000089872|1|192632762|192632894|-|dn_exon	328	115	77	47
mouse|mouse|Rps6kc1|ENSMUSG00000089872|1|192632762|192632894|-|exon	822	240	24	73
mouse|mouse|Rps6kc1|ENSMUSG00000089872|1|192632762|192632894|-|up_3intron	620	135	110	42
mouse|mouse|Rps6kc1|ENSMUSG00000089872|1|192632762|192632894|-|up_5intron	816	74	59	212
mouse|mouse|Rtcd1|ENSMUSG00000000339|3|116210669|116210769|-|dn_3intron	527	110	116	296
mouse|mouse|Rtcd1|ENSMUSG00000000339|3|116210669|116210769|-|dn_exon	66	61	58	17
mouse|mouse|Rtcd1|ENSMUSG00000000339|3|116210669|116210769|-|exon	498	169	54	1
mouse|mouse|Rtcd1|ENSMUSG00000000339|3|116210669|116210769|-|up_5intron	5	9	1	2
mouse|mouse|Rtcd1|ENSMUSG00000000339|3|116210669|116210769|-|up_exon	175	256	34	13
mouse|mouse|Sash3|ENSMUSG00000031101|X|45512581|45512731|+|dn_3intron	392	129	57	117
mouse|mouse|Sash3|ENSMUSG00000031101|X|45512581|45512731|+|dn_5intron	439	111	106	27
mouse|mouse|Sash3|ENSMUSG00000031101|X|45512581|45512731|+|exon	229	77	14	21
mouse|mouse|Sash3|ENSMUSG00000031101|X|45512581|45512731|+|up_3intron	123	80	156	146
mouse|mouse|Sbf1|ENSMUSG00000036529|15|89132613|89132808|-|dn_3intron	905	388	518	620
mouse|mouse|Sbf1|ENSMUSG00000036529|15|89132613|89132808|-|dn_5intron	876	331	319	498
mouse|mouse|Sbf1|ENSMUSG00000036529|15|89132613|89132808|-|dn_exon	727	438	110	222
mouse|mouse|Sbf1|ENSMUSG00000036529|15|89132883|89132956|-|up_exon	234	115	82	94
mouse|mouse|Scnn1a|ENSMUSG00000030340|6|125293240|125293315|+|dn_3intron	434	168	80	50
mouse|mouse|Scnn1a|ENSMUSG00000030340|6|125293240|125293315|+|dn_5intron	393	156	158	131
mouse|mouse|Scnn1a|ENSMUSG00000030340|6|125293240|125293315|+|dn_exon	256	125	25	4
mouse|mouse|Scnn1a|ENSMUSG00000030340|6|125293240|125293315|+|exon	627	283	136	140
mouse|mouse|Scnn1a|ENSMUSG00000030340|6|125293240|125293315|+|up_3intron	252	87	245	43
mouse|mouse|Scnn1a|ENSMUSG00000030340|6|125293240|125293315|+|up_exon	82	65	42	12
mouse|mouse|Scrib|ENSMUSG00000022568|15|75887807|75888005|-|dn_3intron	331	162	281	249
mouse|mouse|Scrib|ENSMUSG00000022568|15|75887807|75888005|-|dn_5intron	893	265	335	405
mouse|mouse|Scrib|ENSMUSG00000022568|15|75887807|75888005|-|dn_exon	288	134	151	285
mouse|mouse|Scrib|ENSMUSG00000022568|15|75887807|75888005|-|exon	908	259	188	304
mouse|mouse|Scrib|ENSMUSG00000022568|15|75887807|75888005|-|up_3intron	388	133	173	52
mouse|mouse|Scrib|ENSMUSG00000022568|15|75887807|75888005|-|up_5intron	219	145	72	162
mouse|mouse|Scrib|ENSMUSG00000022568|15|75887807|75888005|-|up_exon	232	108	28	32
mouse|mouse|Sec23b|ENSMUSG00000027429|2|144405033|144407011|+|dn_3intron	555	221	508	1402
mouse|mouse|Sec23b|ENSMUSG00000027429|2|144405033|144407011|+|dn_5intron	266	28	19	53
mouse|mouse|Sec23b|ENSMUSG00000027429|2|144405033|144407011|+|exon	1116	530	840	1321
mouse|mouse|Sec23b|ENSMUSG00000027429|2|144405033|144407011|+|up_3intron	548	219	223	338
mouse|mouse|Sec23b|ENSMUSG00000027429|2|144405033|144407011|+|up_5intron	1490	298	250	709
mouse|mouse|Sec23b|ENSMUSG00000027429|2|144405033|144407011|+|up_exon	709	149	96	204
mouse|mouse|Sec23b|ENSMUSG00000027429|2|144409387|144409504|+|dn_3intron	8	9	17	4
mouse|mouse|Sec23b|ENSMUSG00000027429|2|144409387|144409504|+|dn_5intron	137	33	21	18
mouse|mouse|Sec23b|ENSMUSG00000027429|2|144409387|144409504|+|dn_exon	349	335	420	627
mouse|mouse|Sec23b|ENSMUSG00000027429|2|144409387|144409504|+|exon	472	147	12	51
mouse|mouse|Sec23b|ENSMUSG00000027429|2|144409387|144409504|+|up_3intron	302	108	89	76
mouse|mouse|Sec23b|ENSMUSG00000027429|2|144409387|144409504|+|up_5intron	69	213	28	48
mouse|mouse|Senp7|ENSMUSG00000052917|16|56184796|56185110|+|dn_3intron	275	157	39	79
mouse|mouse|Senp7|ENSMUSG00000052917|16|56184796|56185110|+|dn_5intron	502	133	28	88
mouse|mouse|Senp7|ENSMUSG00000052917|16|56184796|56185110|+|dn_exon	1407	264	238	639
mouse|mouse|Senp7|ENSMUSG00000052917|16|56184796|56185110|+|exon	557	256	2014	1076
mouse|mouse|Senp7|ENSMUSG00000052917|16|56184796|56185110|+|up_3intron	564	125	125	229
mouse|mouse|Senp7|ENSMUSG00000052917|16|56184796|56185110|+|up_5intron	281	53	58	147
mouse|mouse|Senp7|ENSMUSG00000052917|16|56184796|56185110|+|up_exon	245	108	120	243
mouse|mouse|Serpine2|ENSMUSG00000026249|1|79813303|79813530|-|deep_dn	345	56	16	32
mouse|mouse|Serpine2|ENSMUSG00000026249|1|79813303|79813530|-|deep_up	461	119	259	409
mouse|mouse|Serpine2|ENSMUSG00000026249|1|79813303|79813530|-|dn_3intron	916	199	184	210
mouse|mouse|Serpine2|ENSMUSG00000026249|1|79813303|79813530|-|dn_5intron	466	179	62	106
mouse|mouse|Serpine2|ENSMUSG00000026249|1|79813303|79813530|-|dn_exon	356	92	153	95
mouse|mouse|Serpine2|ENSMUSG00000026249|1|79813303|79813530|-|exon	531	75	479	793
mouse|mouse|Serpine2|ENSMUSG00000026249|1|79813303|79813530|-|up_3intron	300	116	57	228
mouse|mouse|Serpine2|ENSMUSG00000026249|1|79813303|79813530|-|up_5intron	161	90	9	31
mouse|mouse|Serpine2|ENSMUSG00000026249|1|79813303|79813530|-|up_exon	485	154	20	16
mouse|mouse|Setdb2|ENSMUSG00000071350|14|60045326|60045392|-|deep_dn	815	253	66	394
mouse|mouse|Setdb2|ENSMUSG00000071350|14|60045326|60045392|-|deep_up	684	113	146	643
mouse|mouse|Setdb2|ENSMUSG00000071350|14|60045326|60045392|-|dn_5intron	424	139	25	131
mouse|mouse|Setdb2|ENSMUSG00000071350|14|60045326|60045392|-|dn_exon	1072	191	146	627
mouse|mouse|Setdb2|ENSMUSG00000071350|14|60045326|60045392|-|exon	353	127	90	132
mouse|mouse|Setdb2|ENSMUSG00000071350|14|60045326|60045392|-|up_5intron	678	169	300	142
mouse|mouse|Setdb2|ENSMUSG00000071350|14|60045326|60045392|-|up_exon	269	97	14	24
mouse|mouse|Sgcb|ENSMUSG00000029156|5|74031028|74031219|-|dn_3intron	837	365	286	246
mouse|mouse|Sgcb|ENSMUSG00000029156|5|74031028|74031219|-|dn_5intron	2	145	22	8
mouse|mouse|Sgcb|ENSMUSG00000029156|5|74031028|74031219|-|dn_exon	733	99	101	155
mouse|mouse|Sgcb|ENSMUSG00000029156|5|74031028|74031219|-|exon	665	249	209	245
mouse|mouse|Sgcb|ENSMUSG00000029156|5|74031028|74031219|-|up_3intron	1445	407	182	371
mouse|mouse|Sgcb|ENSMUSG00000029156|5|74031028|74031219|-|up_5intron	82	37	323	69
mouse|mouse|Sgcb|ENSMUSG00000029156|5|74031028|74031219|-|up_exon	136	57	104	93
mouse|mouse|Sgk3|ENSMUSG00000025915|1|9875932|9876223|+|dn_3intron	425	161	75	272
mouse|mouse|Sgk3|ENSMUSG00000025915|1|9875932|9876223|+|dn_5intron	539	125	213	732
mouse|mouse|Sgk3|ENSMUSG00000025915|1|9875932|9876223|+|dn_exon	342	146	248	1199
mouse|mouse|Sgk3|ENSMUSG00000025915|1|9875932|9876223|+|exon	294	322	328	1864
mouse|mouse|Sgk3|ENSMUSG00000025915|1|9875932|9876223|+|up_3intron	26	51	7	10
mouse|mouse|Sgk3|ENSMUSG00000025915|1|9875932|9876223|+|up_5intron	167	44	32	77
mouse|mouse|Sh3bp2|ENSMUSG00000054520|5|34899943|34900012|+|dn_3intron	2945	750	342	405
mouse|mouse|Sh3bp2|ENSMUSG00000054520|5|34899943|34900012|+|dn_5intron	889	163	71	84
mouse|mouse|Sh3bp2|ENSMUSG00000054520|5|34899943|34900012|+|dn_exon	263	156	58	145
mouse|mouse|Sh3bp2|ENSMUSG00000054520|5|34899943|34900012|+|exon	591	8070	5842	314
mouse|mouse|Sh3bp2|ENSMUSG00000054520|5|34899943|34900012|+|up_3intron	696	426	850	311
mouse|mouse|Sh3bp2|ENSMUSG00000054520|5|34899943|34900012|+|up_5intron	968	428	635	2273
mouse|mouse|Sh3bp2|ENSMUSG00000054520|5|34899943|34900012|+|up_exon	466	132	70	97
mouse|mouse|Sh3bp2|ENSMUSG00000054520|5|34903675|34903773|+|up_3intron	217	63	71	4
mouse|mouse|Sh3bp2|ENSMUSG00000054520|5|34903675|34903773|+|up_5intron	685	190	62	13
mouse|mouse|Sh3bp2|ENSMUSG00000054520|5|34903675|34903773|+|up_exon	3825	963	442	1964
mouse|mouse|Sh3bp2|ENSMUSG00000054520|5|34904252|34904312|+|dn_3intron	7	69	55	17
mouse|mouse|Sh3bp2|ENSMUSG00000054520|5|34904252|34904312|+|dn_5intron	826	142	57	17
mouse|mouse|Sh3yl1|ENSMUSG00000020669|12|31609629|31609742|+|dn_3intron	117	16	36	13
mouse|mouse|Sh3yl1|ENSMUSG00000020669|12|31609629|31609742|+|dn_5intron	735	15097	10760	3501
mouse|mouse|Sh3yl1|ENSMUSG00000020669|12|31609629|31609742|+|dn_exon	388	653	2639	1672
mouse|mouse|Sh3yl1|ENSMUSG00000020669|12|31609629|31609742|+|exon	616	254	238	97
mouse|mouse|Sh3yl1|ENSMUSG00000020669|12|31609629|31609742|+|up_3intron	565	48	64	140
mouse|mouse|Sh3yl1|ENSMUSG00000020669|12|31609629|31609742|+|up_5intron	535	209	124	891
mouse|mouse|Sh3yl1|ENSMUSG00000020669|12|31609629|31609742|+|up_exon	266	50	34	141
mouse|mouse|Sh3yl1|ENSMUSG00000020669|12|31609629|31609742|+|utr	1066	202	108	168
mouse|mouse|Sharpin|ENSMUSG00000022552|15|76178094|76178247|-|dn_3intron	761	137	84	29
mouse|mouse|Sharpin|ENSMUSG00000022552|15|76178094|76178247|-|dn_exon	159	127	54	33
mouse|mouse|Sharpin|ENSMUSG00000022552|15|76178094|76178247|-|up_5intron	167	276	99	122
mouse|mouse|Sirt1|ENSMUSG00000020063|10|62799728|62799844|-|dn_3intron	188	16	70	104
mouse|mouse|Sirt1|ENSMUSG00000020063|10|62799728|62799844|-|dn_5intron	633	2268	10504	1851
mouse|mouse|Sirt1|ENSMUSG00000020063|10|62799728|62799844|-|dn_exon	210	44	21	41
mouse|mouse|Sirt1|ENSMUSG00000020063|10|62799728|62799844|-|exon	1712	456	55	45
mouse|mouse|Sirt1|ENSMUSG00000020063|10|62799728|62799844|-|up_3intron	456	130	99	93
mouse|mouse|Slc12a5|ENSMUSG00000017740|2|164817415|164818006|+|dn_3intron	276	128	231	193
mouse|mouse|Slc12a5|ENSMUSG00000017740|2|164817415|164818006|+|dn_5intron	70	66	229	43
mouse|mouse|Slc12a5|ENSMUSG00000017740|2|164817415|164818006|+|dn_exon	165	105	23	37
mouse|mouse|Slc12a5|ENSMUSG00000017740|2|164817415|164818006|+|exon	80	33	48	16
mouse|mouse|Slc12a5|ENSMUSG00000017740|2|164817415|164818006|+|up_3intron	523	136	177	150
mouse|mouse|Slc12a5|ENSMUSG00000017740|2|164817415|164818006|+|up_exon	960	267	70	77
mouse|mouse|Slc25a22|ENSMUSG00000019082|7|148617401|148617555|-|dn_exon	773	238	296	125
mouse|mouse|Slc25a22|ENSMUSG00000019082|7|148617401|148617555|-|exon	88	180	222	100
mouse|mouse|Slc25a22|ENSMUSG00000019082|7|148617401|148617555|-|up_5intron	161	249	105	111
mouse|mouse|Slc25a22|ENSMUSG00000019082|7|148617401|148617555|-|up_exon	328	181	11	8
mouse|mouse|Slc2a9|ENSMUSG00000005107|5|38831889|38832068|-|deep_dn	221	43	76	42
mouse|mouse|Slc2a9|ENSMUSG00000005107|5|38831889|38832068|-|deep_up	465	447	285	386
mouse|mouse|Slc2a9|ENSMUSG00000005107|5|38831889|38832068|-|dn_3intron	787	150	102	30
mouse|mouse|Slc2a9|ENSMUSG00000005107|5|38831889|38832068|-|dn_5intron	127	54	74	39
mouse|mouse|Slc2a9|ENSMUSG00000005107|5|38831889|38832068|-|dn_exon	495	179	108	168
mouse|mouse|Slc2a9|ENSMUSG00000005107|5|38831889|38832068|-|exon	951	198	119	116
mouse|mouse|Slc2a9|ENSMUSG00000005107|5|38831889|38832068|-|up_3intron	271	149	65	95
mouse|mouse|Slc2a9|ENSMUSG00000005107|5|38831889|38832068|-|up_5intron	235	212	182	276
mouse|mouse|Slc2a9|ENSMUSG00000005107|5|38831889|38832068|-|up_exon	751	399	698	1057
mouse|mouse|Slc35b1|ENSMUSG00000020873|11|95247800|95248274|+|up_3intron	1527	448	513	2660
mouse|mouse|Slc35b1|ENSMUSG00000020873|11|95247800|95248274|+|up_5intron	594	173	40	92
mouse|mouse|Slc35b1|ENSMUSG00000020873|11|95247800|95248274|+|up_exon	718	144	97	317
mouse|mouse|Slc39a9|ENSMUSG00000048833|12|81778084|81780215|+|dn_3intron	600	112	68	55
mouse|mouse|Slc39a9|ENSMUSG00000048833|12|81778084|81780215|+|dn_5intron	438	47	71	141
mouse|mouse|Slc39a9|ENSMUSG00000048833|12|81778084|81780215|+|dn_exon	939	928	2067	2708
mouse|mouse|Slc39a9|ENSMUSG00000048833|12|81778084|81780215|+|exon	758	170	51	105
mouse|mouse|Slc39a9|ENSMUSG00000048833|12|81778084|81780215|+|up_3intron	392	78	72	74
mouse|mouse|Slc39a9|ENSMUSG00000048833|12|81778084|81780215|+|up_5intron	314	137	298	1187
mouse|mouse|Slc39a9|ENSMUSG00000048833|12|81778084|81780215|+|up_exon	556	141	73	132
mouse|mouse|Smad1|ENSMUSG00000031681|8|81873489|81873711|-|deep_dn	207	562	590	216
mouse|mouse|Smad1|ENSMUSG00000031681|8|81873489|81873711|-|deep_up	268	140	75	274
mouse|mouse|Smad1|ENSMUSG00000031681|8|81873489|81873711|-|dn_3intron	95	18	27	10
mouse|mouse|Smad1|ENSMUSG00000031681|8|81873489|81873711|-|dn_5intron	625	209	144	698
mouse|mouse|Smad1|ENSMUSG00000031681|8|81873489|81873711|-|dn_exon	164	108	21	106
mouse|mouse|Smad1|ENSMUSG00000031681|8|81873489|81873711|-|exon	1382	398	77	435
mouse|mouse|Smad1|ENSMUSG00000031681|8|81873489|81873711|-|up_3intron	105	678	1054	1128
mouse|mouse|Smad1|ENSMUSG00000031681|8|81873489|81873711|-|up_5intron	204	71	11	20
mouse|mouse|Smad1|ENSMUSG00000031681|8|81873489|81873711|-|up_exon	471	210	132	40
mouse|mouse|Smad1|ENSMUSG00000031681|8|81873489|81873711|-|utr	374	89	104	458
mouse|mouse|Smurf1|ENSMUSG00000038780|5|145641444|145641579|-|dn_3intron	160	320	70	58
mouse|mouse|Smurf1|ENSMUSG00000038780|5|145641444|145641579|-|dn_5intron	1008	281	191	148
mouse|mouse|Smurf1|ENSMUSG00000038780|5|145641444|145641579|-|dn_exon	140	33	42	84
mouse|mouse|Smurf1|ENSMUSG00000038780|5|145641444|145641579|-|exon	165	94	33	6
mouse|mouse|Smurf1|ENSMUSG00000038780|5|145641444|145641579|-|up_3intron	358	223	202	500
mouse|mouse|Smurf1|ENSMUSG00000038780|5|145641444|145641579|-|up_5intron	166	61	69	42
mouse|mouse|Smurf1|ENSMUSG00000038780|5|145641444|145641579|-|up_exon	258	110	48	11
mouse|mouse|Spnb1|ENSMUSG00000021061|12|77709478|77709684|-|dn_3intron	1089	560	1017	1096
mouse|mouse|Spnb1|ENSMUSG00000021061|12|77709478|77709684|-|dn_5intron	489	138	60	38
mouse|mouse|Spnb1|ENSMUSG00000021061|12|77709478|77709684|-|dn_exon	278	85	23	24
mouse|mouse|Spnb1|ENSMUSG00000021061|12|77709478|77709684|-|exon	194	37	79	69
mouse|mouse|Spnb1|ENSMUSG00000021061|12|77709478|77709684|-|up_3intron	100	8	35	16
mouse|mouse|Spnb1|ENSMUSG00000021061|12|77709478|77709684|-|up_5intron	168	191	23	75
mouse|mouse|Spnb1|ENSMUSG00000021061|12|77709478|77709684|-|up_exon	129	126	19	23
mouse|mouse|Spnb1|ENSMUSG00000021061|12|77712983|77713214|-|dn_5intron	318	124	39	24
mouse|mouse|Spnb1|ENSMUSG00000021061|12|77712983|77713214|-|dn_exon	131	94	43	12
mouse|mouse|Spnb1|ENSMUSG00000021061|12|77712983|77713214|-|exon	160	64	26	24
mouse|mouse|Spnb1|ENSMUSG00000021061|12|77712983|77713214|-|up_3intron	768	273	120	185
mouse|mouse|Spnb1|ENSMUSG00000021061|12|77712983|77713214|-|up_5intron	625	264	118	260
mouse|mouse|Spnb1|ENSMUSG00000021061|12|77712983|77713214|-|up_exon	337	204	184	131
mouse|mouse|Spnb1|ENSMUSG00000021061|12|77727935|77728122|-|dn_3intron	1043	243	1243	1311
mouse|mouse|Spnb1|ENSMUSG00000021061|12|77727935|77728122|-|dn_5intron	117	116	48	35
mouse|mouse|Spnb1|ENSMUSG00000021061|12|77727935|77728122|-|dn_exon	368	95	98	45
mouse|mouse|Spnb1|ENSMUSG00000021061|12|77727935|77728122|-|exon	140	154	20	56
mouse|mouse|Spnb1|ENSMUSG00000021061|12|77727935|77728122|-|up_3intron	449	67	19	29
mouse|mouse|Spnb1|ENSMUSG00000021061|12|77727935|77728122|-|up_5intron	402	272	83	155
mouse|mouse|Spnb1|ENSMUSG00000021061|12|77727935|77728122|-|up_exon	276	128	28	26
mouse|mouse|Spon1|ENSMUSG00000038156|7|121173729|121173869|+|dn_3intron	18	7	7	3
mouse|mouse|Spon1|ENSMUSG00000038156|7|121173729|121173869|+|dn_5intron	174	1098	1795	153
mouse|mouse|Spon1|ENSMUSG00000038156|7|121173729|121173869|+|dn_exon	565	169	128	89
mouse|mouse|Spon1|ENSMUSG00000038156|7|121173729|121173869|+|exon	508	158	13	14
mouse|mouse|Spon1|ENSMUSG00000038156|7|121173729|121173869|+|up_3intron	2	10	6	1
mouse|mouse|Spon1|ENSMUSG00000038156|7|121173729|121173869|+|up_5intron	662	169	280	565
mouse|mouse|Srcin1|ENSMUSG00000038453|11|97397622|97397820|-|dn_3intron	741	181	249	321
mouse|mouse|Srcin1|ENSMUSG00000038453|11|97397622|97397820|-|dn_5intron	774	528	307	500
mouse|mouse|Srcin1|ENSMUSG00000038453|11|97397622|97397820|-|dn_exon	750	209	118	204
mouse|mouse|Srcin1|ENSMUSG00000038453|11|97397622|97397820|-|exon	1890	284	124	198
mouse|mouse|Srcin1|ENSMUSG00000038453|11|97397622|97397820|-|up_3intron	421	141	57	27
mouse|mouse|Srcin1|ENSMUSG00000038453|11|97397622|97397820|-|up_5intron	512	659	729	132
mouse|mouse|Srcin1|ENSMUSG00000038453|11|97397622|97397820|-|up_exon	133	157	237	172
mouse|mouse|Srp68|ENSMUSG00000020780|11|116110045|116110139|-|dn_3intron	1594	309	343	505
mouse|mouse|Srp68|ENSMUSG00000020780|11|116110045|116110139|-|dn_5intron	624	243	46	30
mouse|mouse|Srp68|ENSMUSG00000020780|11|116110045|116110139|-|dn_exon	567	133	163	180
mouse|mouse|Srp68|ENSMUSG00000020780|11|116110045|116110139|-|exon	443	61	61	44
mouse|mouse|Srp68|ENSMUSG00000020780|11|116110045|116110139|-|up_3intron	799	100	92	42
mouse|mouse|Srp68|ENSMUSG00000020780|11|116110045|116110139|-|up_5intron	288	465	70	34
mouse|mouse|Srp68|ENSMUSG00000020780|11|116110045|116110139|-|up_exon	629	417	274	336
mouse|mouse|Srpr|ENSMUSG00000032042|9|35023048|35023215|+|dn_5intron	263	140	87	57
mouse|mouse|Srpr|ENSMUSG00000032042|9|35023048|35023215|+|dn_exon	288	54	3	11
mouse|mouse|Srpr|ENSMUSG00000032042|9|35023048|35023215|+|exon	698	1201	852	346
mouse|mouse|Srpr|ENSMUSG00000032042|9|35023048|35023215|+|up_3intron	703	11805	4538	414
mouse|mouse|Srpr|ENSMUSG00000032042|9|35023048|35023215|+|up_5intron	655	168	465	274
mouse|mouse|Srpr|ENSMUSG00000032042|9|35023048|35023215|+|up_exon	897	716	1123	549
mouse|mouse|Srsf11|ENSMUSG00000055436|3|157675744|157675860|-|dn_3intron	389	58	110	465
mouse|mouse|Srsf11|ENSMUSG00000055436|3|157675744|157675860|-|dn_5intron	761	142	489	532
mouse|mouse|Srsf11|ENSMUSG00000055436|3|157675744|157675860|-|dn_exon	240	32	34	55
mouse|mouse|Srsf11|ENSMUSG00000055436|3|157675744|157675860|-|exon	379	117	78	39
mouse|mouse|Srsf11|ENSMUSG00000055436|3|157675744|157675860|-|up_3intron	228	86	15	33
mouse|mouse|Srsf11|ENSMUSG00000055436|3|157675744|157675860|-|up_5intron	232	52	75	71
mouse|mouse|Srsf11|ENSMUSG00000055436|3|157675744|157675860|-|up_exon	16	40	61	24
mouse|mouse|Srsf15|ENSMUSG00000022983|16|90243117|90243203|-|dn_3intron	413	819	1588	293
mouse|mouse|Srsf15|ENSMUSG00000022983|16|90243117|90243203|-|dn_exon	370	251	414	368
mouse|mouse|Srsf15|ENSMUSG00000022983|16|90243117|90243203|-|exon	590	3220	3331	505
mouse|mouse|Srsf15|ENSMUSG00000022983|16|90243117|90243203|-|up_5intron	835	280	285	285
mouse|mouse|Srsf15|ENSMUSG00000022983|16|90243117|90243203|-|up_exon	893	734	217	37
mouse|mouse|Ssb|ENSMUSG00000068882|2|69705509|69705609|+|dn_3intron	506	135	129	1020
mouse|mouse|Ssb|ENSMUSG00000068882|2|69705509|69705609|+|dn_5intron	652	196	139	258
mouse|mouse|Ssb|ENSMUSG00000068882|2|69705509|69705609|+|dn_exon	198	76	40	49
mouse|mouse|Ssb|ENSMUSG00000068882|2|69705509|69705609|+|exon	352	75	120	300
mouse|mouse|Ssb|ENSMUSG00000068882|2|69705509|69705609|+|up_3intron	495	121	128	173
mouse|mouse|Stag1|ENSMUSG00000037286|9|100697123|100697274|+|deep_dn	321	79	172	158
mouse|mouse|Stag1|ENSMUSG00000037286|9|100697123|100697274|+|deep_up	663	826	4238	3088
mouse|mouse|Stag1|ENSMUSG00000037286|9|100697123|100697274|+|dn_3intron	168	30	79	128
mouse|mouse|Stag1|ENSMUSG00000037286|9|100697123|100697274|+|dn_5intron	604	166	296	1214
mouse|mouse|Stag1|ENSMUSG00000037286|9|100697123|100697274|+|dn_exon	382	61	24	33
mouse|mouse|Stag1|ENSMUSG00000037286|9|100697123|100697274|+|exon	311	67	174	299
mouse|mouse|Stag1|ENSMUSG00000037286|9|100697123|100697274|+|up_3intron	695	111	180	788
mouse|mouse|Stag1|ENSMUSG00000037286|9|100697123|100697274|+|up_5intron	66	18	38	170
mouse|mouse|Stag1|ENSMUSG00000037286|9|100697123|100697274|+|up_exon	944	162	146	475
mouse|mouse|Stag1|ENSMUSG00000037286|9|100787799|100787902|+|dn_3intron	607	183	228	802
mouse|mouse|Stag1|ENSMUSG00000037286|9|100787799|100787902|+|dn_5intron	203	49	59	53
mouse|mouse|Stag1|ENSMUSG00000037286|9|100787799|100787902|+|dn_exon	742	89	131	323
mouse|mouse|Stag1|ENSMUSG00000037286|9|100787799|100787902|+|exon	693	101	149	225
mouse|mouse|Stag1|ENSMUSG00000037286|9|100787799|100787902|+|up_3intron	281	171	370	587
mouse|mouse|Stag1|ENSMUSG00000037286|9|100787799|100787902|+|up_5intron	253	46	38	186
mouse|mouse|Stag1|ENSMUSG00000037286|9|100787799|100787902|+|up_exon	227	84	116	237
mouse|mouse|Stag1|ENSMUSG00000037286|9|100791468|100791555|+|dn_3intron	578	132	153	598
mouse|mouse|Stag1|ENSMUSG00000037286|9|100791468|100791555|+|dn_5intron	617	105	55	100
mouse|mouse|Stag1|ENSMUSG00000037286|9|100791468|100791555|+|exon	588	213	439	612
mouse|mouse|Stag1|ENSMUSG00000037286|9|100791468|100791555|+|up_3intron	410	138	48	117
mouse|mouse|Stag1|ENSMUSG00000037286|9|100791468|100791555|+|up_5intron	513	74	17	30
mouse|mouse|Stag1|ENSMUSG00000037286|9|100791468|100791555|+|up_exon	403	76	67	392
mouse|mouse|Stag2|ENSMUSG00000025862|X|39589304|39589583|+|dn_3intron	98	23	32	60
mouse|mouse|Stag2|ENSMUSG00000025862|X|39589304|39589583|+|dn_5intron	727	275	439	3262
mouse|mouse|Stag2|ENSMUSG00000025862|X|39589304|39589583|+|dn_exon	179	67	93	133
mouse|mouse|Stag2|ENSMUSG00000025862|X|39589304|39589583|+|exon	1244	1229	3420	2026
mouse|mouse|Stag2|ENSMUSG00000025862|X|39589304|39589583|+|up_3intron	280	41	39	38
mouse|mouse|Stag2|ENSMUSG00000025862|X|39589304|39589583|+|up_5intron	378	60	122	173
mouse|mouse|Stag2|ENSMUSG00000025862|X|39589304|39589583|+|up_exon	59	74	147	11
mouse|mouse|Stag2|ENSMUSG00000025862|X|39600353|39600445|+|dn_3intron	698	202	54	176
mouse|mouse|Stag2|ENSMUSG00000025862|X|39600353|39600445|+|dn_5intron	434	46	80	393
mouse|mouse|Stag2|ENSMUSG00000025862|X|39600353|39600445|+|dn_exon	415	1054	2098	839
mouse|mouse|Stag2|ENSMUSG00000025862|X|39600353|39600445|+|exon	548	113	132	72
mouse|mouse|Stag2|ENSMUSG00000025862|X|39600353|39600445|+|up_5intron	1285	315	128	275
mouse|mouse|Stag2|ENSMUSG00000025862|X|39600353|39600445|+|up_exon	282	103	89	89
mouse|mouse|Steap4|ENSMUSG00000012428|5|7976495|7977022|+|dn_3intron	271	96	39	122
mouse|mouse|Steap4|ENSMUSG00000012428|5|7976495|7977022|+|dn_5intron	926	432	296	1837
mouse|mouse|Steap4|ENSMUSG00000012428|5|7976495|7977022|+|dn_exon	919	309	159	247
mouse|mouse|Steap4|ENSMUSG00000012428|5|7976495|7977022|+|exon	526	375	1102	1697
mouse|mouse|Steap4|ENSMUSG00000012428|5|7976495|7977022|+|up_3intron	377	58	60	224
mouse|mouse|Steap4|ENSMUSG00000012428|5|7976495|7977022|+|up_5intron	585	169	537	1738
mouse|mouse|Steap4|ENSMUSG00000012428|5|7976495|7977022|+|up_exon	397	141	232	414
mouse|mouse|Stk25|ENSMUSG00000026277|1|95523602|95523710|-|up_3intron	352	112	214	63
mouse|mouse|Stk25|ENSMUSG00000026277|1|95523602|95523710|-|up_5intron	681	178	109	97
mouse|mouse|Stk25|ENSMUSG00000026277|1|95523602|95523710|-|up_exon	496	151	147	125
mouse|mouse|Sulf2|ENSMUSG00000006800|2|165901270|165901305|-|dn_3intron	652	127	75	72
mouse|mouse|Sulf2|ENSMUSG00000006800|2|165901270|165901305|-|dn_exon	250	152	25	43
mouse|mouse|Sulf2|ENSMUSG00000006800|2|165901270|165901305|-|exon	183	91	17	42
mouse|mouse|Sulf2|ENSMUSG00000006800|2|165901270|165901305|-|up_3intron	758	215	277	352
mouse|mouse|Sulf2|ENSMUSG00000006800|2|165901270|165901305|-|up_5intron	238	289	223	267
mouse|mouse|Sulf2|ENSMUSG00000006800|2|165901270|165901305|-|up_exon	673	115	70	57
mouse|mouse|Taok3|ENSMUSG00000061288|5|117659563|117659654|+|deep_dn	1016	312	182	332
mouse|mouse|Taok3|ENSMUSG00000061288|5|117659563|117659654|+|deep_up	113	118	214	410
mouse|mouse|Taok3|ENSMUSG00000061288|5|117659563|117659654|+|dn_3intron	298	48	43	131
mouse|mouse|Taok3|ENSMUSG00000061288|5|117659563|117659654|+|dn_5intron	100	89	26	14
mouse|mouse|Taok3|ENSMUSG00000061288|5|117659563|117659654|+|dn_exon	15	132	82	73
mouse|mouse|Taok3|ENSMUSG00000061288|5|117659563|117659654|+|exon	245	59	54	66
mouse|mouse|Taok3|ENSMUSG00000061288|5|117659563|117659654|+|up_3intron	71	72	269	109
mouse|mouse|Taok3|ENSMUSG00000061288|5|117659563|117659654|+|up_5intron	198	123	91	121
mouse|mouse|Taok3|ENSMUSG00000061288|5|117659563|117659654|+|up_exon	2939	527	88	148
mouse|mouse|Taok3|ENSMUSG00000061288|5|117659563|117659654|+|utr	9	17	13	13
mouse|mouse|Tax1bp1|ENSMUSG00000004535|6|52689538|52689723|+|deep_up	385	120	170	195
mouse|mouse|Tax1bp1|ENSMUSG00000004535|6|52689538|52689723|+|dn_3intron	102	24	20	16
mouse|mouse|Tax1bp1|ENSMUSG00000004535|6|52689538|52689723|+|dn_5intron	329	153	152	826
mouse|mouse|Tax1bp1|ENSMUSG00000004535|6|52689538|52689723|+|dn_exon	328	29	15	9
mouse|mouse|Tax1bp1|ENSMUSG00000004535|6|52689538|52689723|+|exon	43	746	1219	185
mouse|mouse|Tax1bp1|ENSMUSG00000004535|6|52689538|52689723|+|up_3intron	356	80	105	136
mouse|mouse|Tax1bp1|ENSMUSG00000004535|6|52689538|52689723|+|up_5intron	217	176	98	32
mouse|mouse|Tax1bp1|ENSMUSG00000004535|6|52689538|52689723|+|up_exon	74	383	493	147
mouse|mouse|Tbk1|ENSMUSG00000020115|10|120990959|120992707|-|dn_5intron	507	8406	9570	1185
mouse|mouse|Tbk1|ENSMUSG00000020115|10|120990959|120992707|-|dn_exon	299	85	28	72
mouse|mouse|Tbk1|ENSMUSG00000020115|10|120992770|120993121|-|up_3intron	700	581	1046	3011
mouse|mouse|Tbk1|ENSMUSG00000020115|10|120992770|120993121|-|up_5intron	671	352	242	367
mouse|mouse|Tbk1|ENSMUSG00000020115|10|120992770|120993121|-|up_exon	601	116	183	172
mouse|mouse|Tbpl1|ENSMUSG00000071359|10|22427577|22427866|-|dn_5intron	528	138	56	260
mouse|mouse|Tbpl1|ENSMUSG00000071359|10|22427577|22427866|-|dn_exon	481	11434	13754	1390
mouse|mouse|Tbpl1|ENSMUSG00000071359|10|22427577|22427866|-|exon	423	232	26	56
mouse|mouse|Tbpl1|ENSMUSG00000071359|10|22427577|22427866|-|up_3intron	447	108	48	69
mouse|mouse|Tbpl1|ENSMUSG00000071359|10|22427577|22427866|-|up_5intron	541	88	84	535
mouse|mouse|Tbpl1|ENSMUSG00000071359|10|22427577|22427866|-|up_exon	118	40	89	242
mouse|mouse|Tctn1|ENSMUSG00000038593|5|122701621|122701730|-|dn_3intron	112	84	110	23
mouse|mouse|Tctn1|ENSMUSG00000038593|5|122701621|122701730|-|dn_5intron	156	175	32	36
mouse|mouse|Tctn1|ENSMUSG00000038593|5|122701621|122701730|-|dn_exon	370	189	394	269
mouse|mouse|Tctn1|ENSMUSG00000038593|5|122701621|122701730|-|exon	293	210	254	120
mouse|mouse|Tctn1|ENSMUSG00000038593|5|122701621|122701730|-|up_3intron	805	24247	21051	6890
mouse|mouse|Tctn1|ENSMUSG00000038593|5|122701621|122701730|-|up_5intron	600	139	25	26
mouse|mouse|Tctn1|ENSMUSG00000038593|5|122701621|122701730|-|up_exon	346	83	84	106
mouse|mouse|Tiam1|ENSMUSG00000002489|16|89908792|89908960|-|deep_dn	913	385	358	2242
mouse|mouse|Tiam1|ENSMUSG00000002489|16|89908792|89908960|-|deep_up	519	189	148	396
mouse|mouse|Tiam1|ENSMUSG00000002489|16|89908792|89908960|-|dn_3intron	309	29	47	109
mouse|mouse|Tiam1|ENSMUSG00000002489|16|89908792|89908960|-|dn_5intron	286	269	559	1074
mouse|mouse|Tiam1|ENSMUSG00000002489|16|89908792|89908960|-|dn_exon	53	114	54	14
mouse|mouse|Tiam1|ENSMUSG00000002489|16|89908792|89908960|-|exon	316	173	44	38
mouse|mouse|Tiam1|ENSMUSG00000002489|16|89908792|89908960|-|up_3intron	886	276	156	979
mouse|mouse|Tiam1|ENSMUSG00000002489|16|89908792|89908960|-|up_5intron	110	70	133	37
mouse|mouse|Tiam1|ENSMUSG00000002489|16|89908792|89908960|-|up_exon	336	132	367	309
mouse|mouse|Tmem110|ENSMUSG00000006526|14|31676066|31676114|+|dn_3intron	290	117	195	612
mouse|mouse|Tmem110|ENSMUSG00000006526|14|31676066|31676114|+|dn_5intron	293	163	214	185
mouse|mouse|Tmem110|ENSMUSG00000006526|14|31676066|31676114|+|dn_exon	679	99	77	164
mouse|mouse|Tmem110|ENSMUSG00000006526|14|31676066|31676114|+|exon	234	584	684	225
mouse|mouse|Tmem110|ENSMUSG00000006526|14|31676066|31676114|+|up_3intron	1286	182	290	683
mouse|mouse|Tmem120a|ENSMUSG00000039886|5|136212311|136212374|-|dn_5intron	378	143	48	150
mouse|mouse|Tmx2|ENSMUSG00000050043|2|84515562|84515638|-|dn_3intron	181	30	26	24
mouse|mouse|Tmx2|ENSMUSG00000050043|2|84515562|84515638|-|dn_5intron	850	223	123	482
mouse|mouse|Tmx2|ENSMUSG00000050043|2|84515562|84515638|-|dn_exon	309	129	47	9
mouse|mouse|Tmx2|ENSMUSG00000050043|2|84515562|84515638|-|exon	445	46	22	66
mouse|mouse|Tmx2|ENSMUSG00000050043|2|84515562|84515638|-|up_3intron	615	344	1967	730
mouse|mouse|Tmx2|ENSMUSG00000050043|2|84515562|84515638|-|up_5intron	578	300	1109	1487
mouse|mouse|Tmx2|ENSMUSG00000050043|2|84515562|84515638|-|up_exon	898	1360	803	3906
mouse|mouse|Tmx2|ENSMUSG00000050043|2|84515562|84515638|-|utr	195	64	52	68
mouse|mouse|Tnrc6c|ENSMUSG00000025571|11|117602959|117603764|+|dn_3intron	560	130	86	56
mouse|mouse|Tnrc6c|ENSMUSG00000025571|11|117602959|117603764|+|dn_5intron	708	177	125	35
mouse|mouse|Tnrc6c|ENSMUSG00000025571|11|117602959|117603764|+|dn_exon	280	110	67	112
mouse|mouse|Tnrc6c|ENSMUSG00000025571|11|117602959|117603764|+|exon	399	137	212	581
mouse|mouse|Tnrc6c|ENSMUSG00000025571|11|117602959|117603764|+|up_3intron	549	416	162	170
mouse|mouse|Tnrc6c|ENSMUSG00000025571|11|117602959|117603764|+|up_5intron	880	146	41	79
mouse|mouse|Tnrc6c|ENSMUSG00000025571|11|117602959|117603764|+|up_exon	481	84	32	30
mouse|mouse|Tpk1|ENSMUSG00000029735|6|43418999|43419234|-|dn_3intron	595	5288	8810	2322
mouse|mouse|Tpk1|ENSMUSG00000029735|6|43418999|43419234|-|dn_5intron	991	767	872	1396
mouse|mouse|Tpk1|ENSMUSG00000029735|6|43418999|43419234|-|dn_exon	1083	377	570	362
mouse|mouse|Tpk1|ENSMUSG00000029735|6|43418999|43419234|-|exon	779	239	227	312
mouse|mouse|Tpk1|ENSMUSG00000029735|6|43418999|43419234|-|up_3intron	490	137	98	211
mouse|mouse|Tpk1|ENSMUSG00000029735|6|43418999|43419234|-|up_5intron	1007	446	2461	5750
mouse|mouse|Tpp1|ENSMUSG00000030894|7|112900104|112900243|-|dn_3intron	1167	116	62	185
mouse|mouse|Tpp1|ENSMUSG00000030894|7|112900104|112900243|-|dn_5intron	195	28	36	35
mouse|mouse|Tpp1|ENSMUSG00000030894|7|112900104|112900243|-|dn_exon	448	93	152	88
mouse|mouse|Tpp1|ENSMUSG00000030894|7|112900104|112900243|-|exon	551	129	48	26
mouse|mouse|Tpp1|ENSMUSG00000030894|7|112900104|112900243|-|up_3intron	708	296	26	117
mouse|mouse|Tpp1|ENSMUSG00000030894|7|112900104|112900243|-|up_5intron	904	484	218	1065
mouse|mouse|Tpp1|ENSMUSG00000030894|7|112900104|112900243|-|up_exon	377	162	157	139
mouse|mouse|Trip4|ENSMUSG00000032386|9|65686742|65686845|-|deep_dn	965	424	1269	1990
mouse|mouse|Trip4|ENSMUSG00000032386|9|65686742|65686845|-|deep_up	318	117	95	695
mouse|mouse|Trip4|ENSMUSG00000032386|9|65686742|65686845|-|dn_3intron	46	10	34	56
mouse|mouse|Trip4|ENSMUSG00000032386|9|65686742|65686845|-|dn_5intron	799	164	116	121
mouse|mouse|Trip4|ENSMUSG00000032386|9|65686742|65686845|-|exon	168	49	18	44
mouse|mouse|Trip4|ENSMUSG00000032386|9|65686742|65686845|-|up_5intron	239	63	51	20
mouse|mouse|Trip4|ENSMUSG00000032386|9|65700633|65702535|-|dn_3intron	97	18	35	46
mouse|mouse|Trip4|ENSMUSG00000032386|9|65700633|65702535|-|dn_5intron	210	300	3504	556
mouse|mouse|Trip4|ENSMUSG00000032386|9|65700633|65702535|-|exon	146	44	47	69
mouse|mouse|Trip4|ENSMUSG00000032386|9|65700633|65702535|-|up_3intron	597	136	83	63
mouse|mouse|Trip4|ENSMUSG00000032386|9|65700633|65702535|-|up_5intron	581	111	223	1405
mouse|mouse|Trip4|ENSMUSG00000032386|9|65700633|65702535|-|up_exon	448	119	53	162
mouse|mouse|Trmt2a|ENSMUSG00000022721|16|18251249|18251363|+|up_3intron	187	61	144	34
mouse|mouse|Trmt2a|ENSMUSG00000022721|16|18251249|18251363|+|up_exon	593	123	148	122
mouse|mouse|Trmt2a|ENSMUSG00000022721|16|18251452|18251567|+|dn_3intron	91	54	76	14
mouse|mouse|Trmt2a|ENSMUSG00000022721|16|18251452|18251567|+|dn_5intron	294	102	66	103
mouse|mouse|Trmt2a|ENSMUSG00000022721|16|18251452|18251567|+|dn_exon	486	233	138	126
mouse|mouse|Trp53bp1|ENSMUSG00000043909|2|121054324|121054443|-|dn_3intron	1272	236	275	539
mouse|mouse|Trp53bp1|ENSMUSG00000043909|2|121054324|121054443|-|dn_5intron	294	118	318	554
mouse|mouse|Trp53bp1|ENSMUSG00000043909|2|121054324|121054443|-|dn_exon	985	272	228	491
mouse|mouse|Trp53bp1|ENSMUSG00000043909|2|121054324|121054443|-|exon	450	118	20	19
mouse|mouse|Trp53bp1|ENSMUSG00000043909|2|121054324|121054443|-|up_3intron	1376	417	1873	1605
mouse|mouse|Trp53bp1|ENSMUSG00000043909|2|121054324|121054443|-|up_5intron	186	84	229	132
mouse|mouse|Trp53bp1|ENSMUSG00000043909|2|121054324|121054443|-|up_exon	223	91	135	229
mouse|mouse|Trpm2|ENSMUSG00000009292|10|77377446|77377543|-|dn_3intron	946	480	557	587
mouse|mouse|Trpm2|ENSMUSG00000009292|10|77377446|77377543|-|dn_5intron	837	255	110	121
mouse|mouse|Trpm2|ENSMUSG00000009292|10|77377446|77377543|-|dn_exon	32	4	49	9
mouse|mouse|Trpm2|ENSMUSG00000009292|10|77377446|77377543|-|exon	455	284	104	299
mouse|mouse|Trpm2|ENSMUSG00000009292|10|77377446|77377543|-|up_3intron	1041	389	233	242
mouse|mouse|Trpm2|ENSMUSG00000009292|10|77377446|77377543|-|up_5intron	855	1812	4715	7047
mouse|mouse|Trpm2|ENSMUSG00000009292|10|77377446|77377543|-|up_exon	1	2	2	1
mouse|mouse|Ttc13|ENSMUSG00000037300|8|127201349|127203211|-|dn_3intron	201	5486	5196	502
mouse|mouse|Ttc13|ENSMUSG00000037300|8|127201349|127203211|-|dn_5intron	229	130	202	280
mouse|mouse|Ttc13|ENSMUSG00000037300|8|127201349|127203211|-|dn_exon	256	52	38	29
mouse|mouse|Ttc13|ENSMUSG00000037300|8|127201349|127203211|-|exon	101	143	264	79
mouse|mouse|Ttc13|ENSMUSG00000037300|8|127201349|127203211|-|up_3intron	827	216	171	167
mouse|mouse|Ttc13|ENSMUSG00000037300|8|127201349|127203211|-|up_5intron	241	70	83	118
mouse|mouse|Ttc13|ENSMUSG00000037300|8|127201349|127203211|-|up_exon	299	83	33	20
mouse|mouse|Ttf2|ENSMUSG00000033222|3|100748638|100748788|-|dn_3intron	915	274	352	118
mouse|mouse|Ttf2|ENSMUSG00000033222|3|100748638|100748788|-|dn_5intron	704	113	172	423
mouse|mouse|Ttf2|ENSMUSG00000033222|3|100748638|100748788|-|dn_exon	937	253	30	47
mouse|mouse|Ttf2|ENSMUSG00000033222|3|100748638|100748788|-|exon	764	364	230	366
mouse|mouse|Ttf2|ENSMUSG00000033222|3|100748638|100748788|-|up_3intron	743	96	179	204
mouse|mouse|Ttf2|ENSMUSG00000033222|3|100748638|100748788|-|up_5intron	630	47	88	63
mouse|mouse|Ttf2|ENSMUSG00000033222|3|100748638|100748788|-|up_exon	531	149	56	77
mouse|mouse|Tubgcp3|ENSMUSG00000000759|8|12649629|12649822|-|dn_3intron	775	193	300	1979
mouse|mouse|Tubgcp3|ENSMUSG00000000759|8|12649629|12649822|-|dn_5intron	253	74	32	40
mouse|mouse|Tubgcp3|ENSMUSG00000000759|8|12649629|12649822|-|dn_exon	561	184	56	116
mouse|mouse|Tubgcp3|ENSMUSG00000000759|8|12649629|12649822|-|exon	1015	211	166	321
mouse|mouse|Tubgcp3|ENSMUSG00000000759|8|12649629|12649822|-|up_3intron	699	254	455	525
mouse|mouse|Tubgcp3|ENSMUSG00000000759|8|12649629|12649822|-|up_5intron	165	51	29	81
mouse|mouse|Tubgcp3|ENSMUSG00000000759|8|12649629|12649822|-|up_exon	263	188	34	63
mouse|mouse|Tubgcp5|ENSMUSG00000033790|7|63077348|63077468|+|dn_3intron	345	193	174	180
mouse|mouse|Tubgcp5|ENSMUSG00000033790|7|63077348|63077468|+|dn_5intron	483	70	29	24
mouse|mouse|Tubgcp5|ENSMUSG00000033790|7|63077348|63077468|+|dn_exon	419	102	98	200
mouse|mouse|Tubgcp5|ENSMUSG00000033790|7|63077348|63077468|+|exon	144	163	163	234
mouse|mouse|Tubgcp5|ENSMUSG00000033790|7|63077348|63077468|+|up_5intron	131	4	46	263
mouse|mouse|Tubgcp5|ENSMUSG00000033790|7|63077348|63077468|+|up_exon	330	87	3	28
mouse|mouse|Twf1|ENSMUSG00000022451|15|94416787|94416967|-|up_3intron	311	842	1644	4311
mouse|mouse|Twf1|ENSMUSG00000022451|15|94416787|94416967|-|up_5intron	241	232	460	301
mouse|mouse|Twf1|ENSMUSG00000022451|15|94416787|94416967|-|up_exon	168	29	91	171
mouse|mouse|Ubap1|ENSMUSG00000028437|4|41334208|41334390|+|dn_3intron	33	62	25	5
mouse|mouse|Ubap1|ENSMUSG00000028437|4|41334208|41334390|+|dn_5intron	750	333	589	516
mouse|mouse|Ubap1|ENSMUSG00000028437|4|41334208|41334390|+|dn_exon	1428	140	344	262
mouse|mouse|Ubap1|ENSMUSG00000028437|4|41334208|41334390|+|exon	902	220	156	147
mouse|mouse|Ubap1|ENSMUSG00000028437|4|41334208|41334390|+|up_3intron	1883	320	150	558
mouse|mouse|Ubap1|ENSMUSG00000028437|4|41334208|41334390|+|up_5intron	95	29	11	107
mouse|mouse|Ubap1|ENSMUSG00000028437|4|41334208|41334390|+|utr	420	216	172	243
mouse|mouse|Ubn2|ENSMUSG00000038538|6|38449103|38449470|+|dn_3intron	602	122	299	1677
mouse|mouse|Ubn2|ENSMUSG00000038538|6|38449103|38449470|+|dn_5intron	146	47	116	182
mouse|mouse|Ubn2|ENSMUSG00000038538|6|38449103|38449470|+|dn_exon	398	94	149	433
mouse|mouse|Ubn2|ENSMUSG00000038538|6|38449103|38449470|+|exon	531	216	163	420
mouse|mouse|Ubn2|ENSMUSG00000038538|6|38449103|38449470|+|up_3intron	682	108	553	1700
mouse|mouse|Ubn2|ENSMUSG00000038538|6|38449103|38449470|+|up_exon	288	121	362	478
mouse|mouse|Unc13b|ENSMUSG00000028456|4|43271255|43271416|+|dn_5intron	304	543	482	425
mouse|mouse|Unc13b|ENSMUSG00000028456|4|43271255|43271416|+|dn_exon	93	114	64	45
mouse|mouse|Unc13b|ENSMUSG00000028456|4|43271255|43271416|+|exon	371	272	712	597
mouse|mouse|Unc13b|ENSMUSG00000028456|4|43271255|43271416|+|up_5intron	423	116	37	27
mouse|mouse|Unc13b|ENSMUSG00000028456|4|43271255|43271416|+|up_exon	381	231	368	588
mouse|mouse|Uqcc|ENSMUSG00000005882|2|155727034|155727091|-|deep_dn	351	195	207	734
mouse|mouse|Uqcc|ENSMUSG00000005882|2|155727034|155727091|-|deep_up	1512	366	755	737
mouse|mouse|Uqcc|ENSMUSG00000005882|2|155727034|155727091|-|dn_3intron	732	161	240	2890
mouse|mouse|Uqcc|ENSMUSG00000005882|2|155727034|155727091|-|dn_5intron	393	168	277	367
mouse|mouse|Uqcc|ENSMUSG00000005882|2|155727034|155727091|-|dn_exon	477	262	215	235
mouse|mouse|Ush1c|ENSMUSG00000030838|7|53453692|53453832|-|dn_3intron	142	32	177	97
mouse|mouse|Ush1c|ENSMUSG00000030838|7|53453692|53453832|-|dn_5intron	253	53	53	14
mouse|mouse|Ush1c|ENSMUSG00000030838|7|53453692|53453832|-|dn_exon	528	221	95	107
mouse|mouse|Ush1c|ENSMUSG00000030838|7|53453692|53453832|-|exon	183	80	71	24
mouse|mouse|Ush1c|ENSMUSG00000030838|7|53453692|53453832|-|up_3intron	77	471	169	165
mouse|mouse|Ush1c|ENSMUSG00000030838|7|53453692|53453832|-|up_5intron	1477	429	132	628
mouse|mouse|Ush1c|ENSMUSG00000030838|7|53453692|53453832|-|up_exon	2	208	63	3
mouse|mouse|Vash1|ENSMUSG00000021256|12|88029851|88030233|+|dn_3intron	83	71	58	8
mouse|mouse|Vash1|ENSMUSG00000021256|12|88029851|88030233|+|dn_5intron	826	180	85	99
mouse|mouse|Vash1|ENSMUSG00000021256|12|88029851|88030233|+|dn_exon	199	75	27	4
mouse|mouse|Vash1|ENSMUSG00000021256|12|88029851|88030233|+|exon	285	93	73	38
mouse|mouse|Vash1|ENSMUSG00000021256|12|88029851|88030233|+|up_3intron	230	142	87	24
mouse|mouse|Vash1|ENSMUSG00000021256|12|88029851|88030233|+|up_5intron	592	97	96	79
mouse|mouse|Vash1|ENSMUSG00000021256|12|88029851|88030233|+|up_exon	485	92	131	45
mouse|mouse|Vdac3|ENSMUSG00000008892|8|23694056|23694443|-|dn_3intron	193	148	1302	493
mouse|mouse|Vdac3|ENSMUSG00000008892|8|23694056|23694443|-|dn_5intron	282	51	143	217
mouse|mouse|Vdac3|ENSMUSG00000008892|8|23694056|23694443|-|dn_exon	98	41	1	28
mouse|mouse|Vdac3|ENSMUSG00000008892|8|23694056|23694443|-|exon	102	75	380	394
mouse|mouse|Vdac3|ENSMUSG00000008892|8|23694056|23694443|-|up_3intron	1076	211	414	1203
mouse|mouse|Vdac3|ENSMUSG00000008892|8|23694056|23694443|-|up_5intron	802	499	1112	1116
mouse|mouse|Vdac3|ENSMUSG00000008892|8|23694056|23694443|-|up_exon	372	120	5	27
mouse|mouse|Wasf2|ENSMUSG00000028868|4|132746044|132746464|+|dn_3intron	353	467	2089	1663
mouse|mouse|Wasf2|ENSMUSG00000028868|4|132746044|132746464|+|dn_5intron	151	20	13	10
mouse|mouse|Wasf2|ENSMUSG00000028868|4|132746044|132746464|+|dn_exon	242	122	55	103
mouse|mouse|Wasf2|ENSMUSG00000028868|4|132746044|132746464|+|exon	268	83	43	43
mouse|mouse|Wasf2|ENSMUSG00000028868|4|132746044|132746464|+|up_3intron	126	106	89	463
mouse|mouse|Wasf2|ENSMUSG00000028868|4|132746044|132746464|+|up_5intron	332	68	114	60
mouse|mouse|Wasf2|ENSMUSG00000028868|4|132746044|132746464|+|up_exon	181	136	18	39
mouse|mouse|Wbscr22|ENSMUSG00000005378|5|135532208|135532303|-|dn_3intron	508	309	116	15
mouse|mouse|Wbscr22|ENSMUSG00000005378|5|135532208|135532303|-|dn_exon	206	63	24	35
mouse|mouse|Wbscr22|ENSMUSG00000005378|5|135532208|135532303|-|exon	334	328	110	62
mouse|mouse|Wbscr22|ENSMUSG00000005378|5|135532208|135532303|-|up_3intron	580	188	109	312
mouse|mouse|Wbscr22|ENSMUSG00000005378|5|135532208|135532303|-|up_5intron	1239	325	418	399
mouse|mouse|Wbscr22|ENSMUSG00000005378|5|135532208|135532303|-|up_exon	1880	674	270	470
mouse|mouse|Wdfy2|ENSMUSG00000014547|14|63571849|63572067|+|dn_3intron	242	85	37	180
mouse|mouse|Wdfy2|ENSMUSG00000014547|14|63571849|63572067|+|dn_5intron	368	157	48	19
mouse|mouse|Wdfy2|ENSMUSG00000014547|14|63571849|63572067|+|dn_exon	329	947	1354	785
mouse|mouse|Wdfy2|ENSMUSG00000014547|14|63571849|63572067|+|exon	269	177	53	35
mouse|mouse|Wdfy2|ENSMUSG00000014547|14|63571849|63572067|+|up_3intron	648	278	68	67
mouse|mouse|Wdfy2|ENSMUSG00000014547|14|63571849|63572067|+|up_5intron	459	168	323	492
mouse|mouse|Wdfy2|ENSMUSG00000014547|14|63571849|63572067|+|up_exon	297	221	332	435
mouse|mouse|Wdr18|ENSMUSG00000035754|10|79429274|79429471|+|dn_3intron	200	290	111	104
mouse|mouse|Wdr18|ENSMUSG00000035754|10|79429274|79429471|+|dn_5intron	638	464	503	905
mouse|mouse|Wdr18|ENSMUSG00000035754|10|79429274|79429471|+|dn_exon	382	109	64	58
mouse|mouse|Wdr18|ENSMUSG00000035754|10|79429274|79429471|+|exon	206	123	125	55
mouse|mouse|Wdr18|ENSMUSG00000035754|10|79429274|79429471|+|up_3intron	196	84	20	18
mouse|mouse|Wdr18|ENSMUSG00000035754|10|79429274|79429471|+|up_5intron	343	196	31	20
mouse|mouse|Wdr18|ENSMUSG00000035754|10|79429274|79429471|+|utr	398	164	114	175
mouse|mouse|Wwp1|ENSMUSG00000041058|4|19589269|19590184|-|dn_exon	415	54	111	281
mouse|mouse|Wwp1|ENSMUSG00000041058|4|19589269|19590184|-|exon	964	159	160	615
mouse|mouse|Wwp1|ENSMUSG00000041058|4|19589269|19590184|-|up_3intron	187	54	39	57
mouse|mouse|Wwp1|ENSMUSG00000041058|4|19589269|19590184|-|up_5intron	641	143	92	178
mouse|mouse|Wwp1|ENSMUSG00000041058|4|19589269|19590184|-|utr	333	89	38	93
mouse|mouse|Yipf4|ENSMUSG00000024072|17|74897649|74897762|+|dn_3intron	804	170	272	1456
mouse|mouse|Yipf4|ENSMUSG00000024072|17|74897649|74897762|+|dn_5intron	1460	2367	56293	10870
mouse|mouse|Yipf4|ENSMUSG00000024072|17|74897649|74897762|+|dn_exon	664	116	148	323
mouse|mouse|Yipf4|ENSMUSG00000024072|17|74897649|74897762|+|exon	389	104	152	411
mouse|mouse|Yipf4|ENSMUSG00000024072|17|74897649|74897762|+|up_3intron	805	185	349	1572
mouse|mouse|Yipf4|ENSMUSG00000024072|17|74897649|74897762|+|up_5intron	77	67	35	62
mouse|mouse|Yipf4|ENSMUSG00000024072|17|74897649|74897762|+|up_exon	1019	205	89	206
mouse|mouse|Zc3h7b|ENSMUSG00000022390|15|81614892|81616397|+|dn_3intron	163	76	101	227
mouse|mouse|Zc3h7b|ENSMUSG00000022390|15|81614892|81616397|+|dn_5intron	52	91	68	59
mouse|mouse|Zc3h7b|ENSMUSG00000022390|15|81614892|81616397|+|dn_exon	319	185	17	47
mouse|mouse|Zc3h7b|ENSMUSG00000022390|15|81614892|81616397|+|up_5intron	323	182	20	14
mouse|mouse|Zc3h7b|ENSMUSG00000022390|15|81614892|81616397|+|up_exon	486	245	193	422
mouse|mouse|Zer1|ENSMUSG00000039686|2|29956556|29956653|-|dn_3intron	320	230	81	14
mouse|mouse|Zer1|ENSMUSG00000039686|2|29956556|29956653|-|dn_5intron	1022	212	251	237
mouse|mouse|Zer1|ENSMUSG00000039686|2|29956556|29956653|-|dn_exon	305	202	85	53
mouse|mouse|Zer1|ENSMUSG00000039686|2|29956556|29956653|-|exon	760	413	196	249
mouse|mouse|Zer1|ENSMUSG00000039686|2|29956556|29956653|-|up_3intron	424	468	223	142
mouse|mouse|Zer1|ENSMUSG00000039686|2|29956556|29956653|-|up_5intron	532	265	79	158
mouse|mouse|Zer1|ENSMUSG00000039686|2|29956556|29956653|-|up_exon	687	169	40	56
mouse|mouse|Zfand3|ENSMUSG00000044477|17|30329497|30329675|+|dn_3intron	338	168	205	67
mouse|mouse|Zfand3|ENSMUSG00000044477|17|30329497|30329675|+|dn_5intron	118	28	33	15
mouse|mouse|Zfand3|ENSMUSG00000044477|17|30329497|30329675|+|dn_exon	220	84	158	375
mouse|mouse|Zfand3|ENSMUSG00000044477|17|30329497|30329675|+|exon	242	81	61	41
mouse|mouse|Zfand3|ENSMUSG00000044477|17|30329497|30329675|+|up_3intron	177	193	149	242
mouse|mouse|Zfp259|ENSMUSG00000032078|9|46085696|46086059|+|dn_3intron	654	118	40	126
mouse|mouse|Zfp259|ENSMUSG00000032078|9|46085696|46086059|+|dn_5intron	253	172	445	162
mouse|mouse|Zfp259|ENSMUSG00000032078|9|46085696|46086059|+|dn_exon	920	385	700	552
mouse|mouse|Zfp259|ENSMUSG00000032078|9|46085696|46086059|+|utr	724	163	111	148
mouse|mouse|Zfp384|ENSMUSG00000038346|6|124985731|124986182|+|dn_5intron	404	186	331	574
mouse|mouse|Zfp384|ENSMUSG00000038346|6|124985731|124986182|+|dn_exon	248	43	28	39
mouse|mouse|Zfp384|ENSMUSG00000038346|6|124985731|124986182|+|exon	1412	399	68	213
mouse|mouse|Zfp384|ENSMUSG00000038346|6|124985731|124986182|+|up_3intron	358	61	22	13
mouse|mouse|Zfp384|ENSMUSG00000038346|6|124985731|124986182|+|up_5intron	172	79	31	26
mouse|mouse|Zfp384|ENSMUSG00000038346|6|124985731|124986182|+|up_exon	391	136	51	123
mouse|mouse|Zfp451|ENSMUSG00000042197|1|33843252|33844129|-|dn_3intron	404	85	167	419
mouse|mouse|Zfp451|ENSMUSG00000042197|1|33843252|33844129|-|dn_5intron	255	27	47	130
mouse|mouse|Zfp451|ENSMUSG00000042197|1|33843252|33844129|-|dn_exon	694	71	105	183
mouse|mouse|Zfp451|ENSMUSG00000042197|1|33843252|33844129|-|exon	372	92	57	82
mouse|mouse|Zfp451|ENSMUSG00000042197|1|33843252|33844129|-|up_3intron	310	260	353	999
mouse|mouse|Zfp451|ENSMUSG00000042197|1|33843252|33844129|-|up_5intron	495	43	62	70
mouse|mouse|Zfp451|ENSMUSG00000042197|1|33843252|33844129|-|up_exon	139	154	99	64
mouse|mouse|Zfyve19|ENSMUSG00000068580|2|119042150|119042277|+|dn_5intron	198	89	163	160
mouse|mouse|Zfyve19|ENSMUSG00000068580|2|119042150|119042277|+|dn_exon	270	113	152	41
mouse|mouse|Zfyve19|ENSMUSG00000068580|2|119042150|119042277|+|exon	319	304	356	731
mouse|mouse|Zfyve19|ENSMUSG00000068580|2|119042150|119042277|+|up_5intron	681	599	176	240
mouse|mouse|Zfyve19|ENSMUSG00000068580|2|119042150|119042277|+|up_exon	147	86	49	20
rodent|mouse|1110007C09Rik|ENSMUSG00000037960|13|49303373|49303515|-|up_3intron	473	249	91	22
rodent|mouse|1110007C09Rik|ENSMUSG00000037960|13|49303373|49303515|-|up_5intron	1674	249	230	649
rodent|mouse|1110007C09Rik|ENSMUSG00000037960|13|49303373|49303515|-|up_exon	2256	2476	5370	5402
rodent|mouse|1110059G10Rik|ENSMUSG00000032551|9|122858043|122858208|-|dn_3intron	48	14	7	14
rodent|mouse|1110059G10Rik|ENSMUSG00000032551|9|122858043|122858208|-|dn_5intron	651	128	144	281
rodent|mouse|1110059G10Rik|ENSMUSG00000032551|9|122858043|122858208|-|exon	136	52	28	11
rodent|mouse|1110059G10Rik|ENSMUSG00000032551|9|122858043|122858208|-|up_3intron	141	32	20	21
rodent|mouse|1110059G10Rik|ENSMUSG00000032551|9|122858043|122858208|-|up_5intron	33	16	131	174
rodent|mouse|1110059G10Rik|ENSMUSG00000032551|9|122858043|122858208|-|up_exon	94	7	11	22
rodent|mouse|1300001I01Rik|ENSMUSG00000020741|11|74478276|74478428|+|dn_exon	166	253	156	118
rodent|mouse|1300001I01Rik|ENSMUSG00000020741|11|74478276|74478428|+|exon	535	183	147	200
rodent|mouse|1300001I01Rik|ENSMUSG00000020741|11|74478276|74478428|+|up_3intron	162	127	61	25
rodent|mouse|1300001I01Rik|ENSMUSG00000020741|11|74478276|74478428|+|up_5intron	204	367	216	71
rodent|mouse|1300001I01Rik|ENSMUSG00000020741|11|74478276|74478428|+|up_exon	671	278	50	25
rodent|mouse|1300001I01Rik|ENSMUSG00000020741|11|74478276|74478428|+|utr	330	86	134	42
rodent|mouse|1300018J18Rik|ENSMUSG00000035757|15|88926969|88927249|+|dn_3intron	447	113	159	128
rodent|mouse|1300018J18Rik|ENSMUSG00000035757|15|88926969|88927249|+|dn_5intron	40	230	33	19
rodent|mouse|1300018J18Rik|ENSMUSG00000035757|15|88926969|88927249|+|dn_exon	439	60	22	24
rodent|mouse|1300018J18Rik|ENSMUSG00000035757|15|88926969|88927249|+|exon	57	78	52	83
rodent|mouse|1300018J18Rik|ENSMUSG00000035757|15|88926969|88927249|+|up_3intron	473	175	46	64
rodent|mouse|1300018J18Rik|ENSMUSG00000035757|15|88926969|88927249|+|up_5intron	383	155	308	202
rodent|mouse|1300018J18Rik|ENSMUSG00000035757|15|88926969|88927249|+|up_exon	1711	436	157	247
rodent|mouse|1600027N09Rik|ENSMUSG00000027569|2|180319111|180319192|+|dn_3intron	392	146	226	86
rodent|mouse|1600027N09Rik|ENSMUSG00000027569|2|180319111|180319192|+|dn_exon	88	42	104	51
rodent|mouse|1600027N09Rik|ENSMUSG00000027569|2|180319111|180319192|+|exon	111	132	7	10
rodent|mouse|1600027N09Rik|ENSMUSG00000027569|2|180319111|180319192|+|up_3intron	565	128	159	436
rodent|mouse|1600027N09Rik|ENSMUSG00000027569|2|180319111|180319192|+|up_5intron	909	145	119	221
rodent|mouse|1600027N09Rik|ENSMUSG00000027569|2|180319111|180319192|+|up_exon	393	148	43	189
rodent|mouse|1810074P20Rik|ENSMUSG00000040359|4|25206493|25206886|-|dn_3intron	104	12	20	18
rodent|mouse|1810074P20Rik|ENSMUSG00000040359|4|25206493|25206886|-|dn_5intron	721	100	137	223
rodent|mouse|1810074P20Rik|ENSMUSG00000040359|4|25206493|25206886|-|dn_exon	503	78	113	147
rodent|mouse|1810074P20Rik|ENSMUSG00000040359|4|25206493|25206886|-|exon	498	144	86	138
rodent|mouse|1810074P20Rik|ENSMUSG00000040359|4|25206493|25206886|-|up_3intron	795	188	23	82
rodent|mouse|1810074P20Rik|ENSMUSG00000040359|4|25206493|25206886|-|up_5intron	36	68	50	100
rodent|mouse|1810074P20Rik|ENSMUSG00000040359|4|25206493|25206886|-|up_exon	390	128	64	238
rodent|mouse|1810074P20Rik|ENSMUSG00000040359|4|25206493|25206886|-|utr	213	59	22	28
rodent|mouse|2700078E11Rik|ENSMUSG00000033417|19|60613317|60613406|-|deep_dn	2500	444	500	595
rodent|mouse|2700078E11Rik|ENSMUSG00000033417|19|60613317|60613406|-|deep_up	1210	201	302	367
rodent|mouse|2700078E11Rik|ENSMUSG00000033417|19|60613317|60613406|-|dn_3intron	281	49	47	404
rodent|mouse|2700078E11Rik|ENSMUSG00000033417|19|60613317|60613406|-|dn_5intron	766	243	89	145
rodent|mouse|2700078E11Rik|ENSMUSG00000033417|19|60613317|60613406|-|dn_exon	152	54	16	18
rodent|mouse|2700078E11Rik|ENSMUSG00000033417|19|60613317|60613406|-|exon	182	42	8	20
rodent|mouse|2700078E11Rik|ENSMUSG00000033417|19|60613317|60613406|-|up_5intron	166	125	8	16
rodent|mouse|2700078E11Rik|ENSMUSG00000033417|19|60613317|60613406|-|up_exon	457	82	50	66
rodent|mouse|9030624J02Rik|ENSMUSG00000030982|7|125947618|125947698|+|deep_dn	534	88	47	237
rodent|mouse|9030624J02Rik|ENSMUSG00000030982|7|125947618|125947698|+|deep_up	428	117	161	25
rodent|mouse|9030624J02Rik|ENSMUSG00000030982|7|125947618|125947698|+|dn_3intron	771	236	184	439
rodent|mouse|9030624J02Rik|ENSMUSG00000030982|7|125947618|125947698|+|exon	907	318	538	1020
rodent|mouse|9030624J02Rik|ENSMUSG00000030982|7|125947618|125947698|+|up_3intron	277	122	102	55
rodent|mouse|9030624J02Rik|ENSMUSG00000030982|7|125947618|125947698|+|up_5intron	998	265	132	144
rodent|mouse|9030624J02Rik|ENSMUSG00000030982|7|125947618|125947698|+|up_exon	403	220	1547	402
rodent|mouse|9030624J02Rik|ENSMUSG00000030982|7|125947618|125947698|+|utr	956	563	882	541
rodent|mouse|9930021J03Rik|ENSMUSG00000079351|19|29804322|29804449|-|deep_dn	508	134	255	682
rodent|mouse|9930021J03Rik|ENSMUSG00000079351|19|29804322|29804449|-|deep_up	168	38	10	23
rodent|mouse|9930021J03Rik|ENSMUSG00000079351|19|29804322|29804449|-|dn_3intron	1000	131	313	1321
rodent|mouse|9930021J03Rik|ENSMUSG00000079351|19|29804322|29804449|-|dn_5intron	1292	503	594	2458
rodent|mouse|9930021J03Rik|ENSMUSG00000079351|19|29804322|29804449|-|dn_exon	141	28	23	31
rodent|mouse|9930021J03Rik|ENSMUSG00000079351|19|29804322|29804449|-|exon	531	429	1137	1202
rodent|mouse|9930021J03Rik|ENSMUSG00000079351|19|29804322|29804449|-|up_3intron	325	49	39	59
rodent|mouse|9930021J03Rik|ENSMUSG00000079351|19|29804322|29804449|-|up_5intron	263	75	223	831
rodent|mouse|9930021J03Rik|ENSMUSG00000079351|19|29804322|29804449|-|up_exon	382	23	136	319
rodent|mouse|A630007B06Rik|ENSMUSG00000035173|19|56865923|56866851|-|dn_3intron	201	47	122	144
rodent|mouse|A630007B06Rik|ENSMUSG00000035173|19|56865923|56866851|-|dn_5intron	161	152	390	316
rodent|mouse|A630007B06Rik|ENSMUSG00000035173|19|56865923|56866851|-|dn_exon	182	28	34	19
rodent|mouse|A630007B06Rik|ENSMUSG00000035173|19|56865923|56866851|-|exon	718	229	416	1440
rodent|mouse|A630007B06Rik|ENSMUSG00000035173|19|56865923|56866851|-|up_3intron	55	3	24	16
rodent|mouse|A630007B06Rik|ENSMUSG00000035173|19|56865923|56866851|-|up_exon	892	159	218	223
rodent|mouse|A630007B06Rik|ENSMUSG00000035173|19|56865923|56866851|-|utr	622	189	161	432
rodent|mouse|A930001N09Rik|ENSMUSG00000048249|17|26876309|26876613|+|up_5intron	661	156	55	160
rodent|mouse|A930001N09Rik|ENSMUSG00000048249|17|26876309|26876613|+|up_exon	370	147	80	342
rodent|mouse|A930001N09Rik|ENSMUSG00000048249|17|26878590|26880160|+|dn_3intron	453	86	7	44
rodent|mouse|A930001N09Rik|ENSMUSG00000048249|17|26878590|26880160|+|dn_5intron	587	91	99	238
rodent|mouse|A930001N09Rik|ENSMUSG00000048249|17|26878590|26880160|+|dn_exon	546	112	69	45
rodent|mouse|Abcd3|ENSMUSG00000028127|3|121488920|121489001|-|dn_3intron	278	23	94	154
rodent|mouse|Abcd3|ENSMUSG00000028127|3|121488920|121489001|-|dn_exon	377	172	356	790
rodent|mouse|Abcd3|ENSMUSG00000028127|3|121488920|121489001|-|exon	800	6866	6520	2756
rodent|mouse|Abcd3|ENSMUSG00000028127|3|121488920|121489001|-|up_3intron	582	167	344	1677
rodent|mouse|Abcd3|ENSMUSG00000028127|3|121488920|121489001|-|up_5intron	385	1668	2151	1295
rodent|mouse|Abcd3|ENSMUSG00000028127|3|121488920|121489001|-|up_exon	594	223	265	688
rodent|mouse|Abcf3|ENSMUSG00000003234|16|20558770|20558961|+|dn_3intron	593	107	295	539
rodent|mouse|Abcf3|ENSMUSG00000003234|16|20558770|20558961|+|dn_5intron	364	183	208	84
rodent|mouse|Abcf3|ENSMUSG00000003234|16|20558770|20558961|+|dn_exon	169	39	52	27
rodent|mouse|Abcf3|ENSMUSG00000003234|16|20558770|20558961|+|exon	965	564	1490	4341
rodent|mouse|Abcf3|ENSMUSG00000003234|16|20558770|20558961|+|up_5intron	179	83	59	65
rodent|mouse|Ablim1|ENSMUSG00000025085|19|57148345|57148392|-|deep_dn	176	57	52	18
rodent|mouse|Ablim1|ENSMUSG00000025085|19|57148345|57148392|-|deep_up	216	47	50	75
rodent|mouse|Ablim1|ENSMUSG00000025085|19|57148345|57148392|-|dn_3intron	307	264	66	73
rodent|mouse|Ablim1|ENSMUSG00000025085|19|57148345|57148392|-|dn_5intron	770	182	103	156
rodent|mouse|Ablim1|ENSMUSG00000025085|19|57148345|57148392|-|dn_exon	443	233	102	311
rodent|mouse|Ablim1|ENSMUSG00000025085|19|57148345|57148392|-|exon	403	220	70	128
rodent|mouse|Ablim1|ENSMUSG00000025085|19|57148345|57148392|-|up_3intron	655	174	172	644
rodent|mouse|Ablim1|ENSMUSG00000025085|19|57148345|57148392|-|up_5intron	86	191	226	172
rodent|mouse|Ablim1|ENSMUSG00000025085|19|57148345|57148392|-|up_exon	463	368	155	275
rodent|mouse|Adamtsl5|ENSMUSG00000043822|10|79804488|79804686|-|dn_5intron	80	93	41	2
rodent|mouse|Adamtsl5|ENSMUSG00000043822|10|79804488|79804686|-|dn_exon	2502	609	295	454
rodent|mouse|Adamtsl5|ENSMUSG00000043822|10|79804488|79804686|-|exon	120	85	41	3
rodent|mouse|Adamtsl5|ENSMUSG00000043822|10|79804488|79804686|-|up_5intron	482	224	197	151
rodent|mouse|Adamtsl5|ENSMUSG00000043822|10|79805052|79805138|-|dn_5intron	463	138	233	94
rodent|mouse|Adamtsl5|ENSMUSG00000043822|10|79805052|79805138|-|up_5intron	501	430	436	210
rodent|mouse|Adck2|ENSMUSG00000046947|6|39526362|39526508|+|dn_3intron	337	114	54	133
rodent|mouse|Adck2|ENSMUSG00000046947|6|39526362|39526508|+|dn_5intron	994	129	189	263
rodent|mouse|Adck2|ENSMUSG00000046947|6|39526362|39526508|+|dn_exon	14	39	32	18
rodent|mouse|Adck2|ENSMUSG00000046947|6|39526362|39526508|+|exon	148	34	11	26
rodent|mouse|Adck2|ENSMUSG00000046947|6|39526362|39526508|+|up_3intron	635	274	314	651
rodent|mouse|Adck2|ENSMUSG00000046947|6|39526362|39526508|+|up_5intron	145	192	123	322
rodent|mouse|Adck2|ENSMUSG00000046947|6|39526362|39526508|+|up_exon	39	17	60	19
rodent|mouse|Adipor1|ENSMUSG00000026457|1|136327634|136327827|+|dn_3intron	124	118	31	150
rodent|mouse|Adipor1|ENSMUSG00000026457|1|136327634|136327827|+|dn_5intron	269	203	306	260
rodent|mouse|Adipor1|ENSMUSG00000026457|1|136327634|136327827|+|dn_exon	201	225	223	683
rodent|mouse|Adipor1|ENSMUSG00000026457|1|136327634|136327827|+|exon	571	399	601	414
rodent|mouse|Adipor1|ENSMUSG00000026457|1|136327634|136327827|+|up_3intron	142	157	18	15
rodent|mouse|Adipor1|ENSMUSG00000026457|1|136327634|136327827|+|up_5intron	751	161	90	53
rodent|mouse|Adipor1|ENSMUSG00000026457|1|136327634|136327827|+|up_exon	248	334	51	105
rodent|mouse|Adprhl2|ENSMUSG00000042558|4|125994547|125994647|-|dn_3intron	286	61	52	42
rodent|mouse|Adprhl2|ENSMUSG00000042558|4|125994547|125994647|-|dn_5intron	10	104	9	11
rodent|mouse|Adprhl2|ENSMUSG00000042558|4|125994547|125994647|-|dn_exon	497	304	167	49
rodent|mouse|Adprhl2|ENSMUSG00000042558|4|125994547|125994647|-|exon	431	246	349	249
rodent|mouse|Adprhl2|ENSMUSG00000042558|4|125994547|125994647|-|up_3intron	650	2699	2516	385
rodent|mouse|Adprhl2|ENSMUSG00000042558|4|125994547|125994647|-|up_5intron	191	146	276	6
rodent|mouse|Adprhl2|ENSMUSG00000042558|4|125994547|125994647|-|up_exon	630	199	42	95
rodent|mouse|Aff4|ENSMUSG00000049470|11|53194088|53194174|+|deep_dn	262	41	79	75
rodent|mouse|Aff4|ENSMUSG00000049470|11|53194088|53194174|+|deep_up	318	372	1227	1526
rodent|mouse|Aff4|ENSMUSG00000049470|11|53194088|53194174|+|dn_3intron	1213	266	376	2535
rodent|mouse|Aff4|ENSMUSG00000049470|11|53194088|53194174|+|dn_5intron	218	57	31	40
rodent|mouse|Aff4|ENSMUSG00000049470|11|53194088|53194174|+|dn_exon	464	134	93	651
rodent|mouse|Aff4|ENSMUSG00000049470|11|53194088|53194174|+|exon	439	110	51	86
rodent|mouse|Aff4|ENSMUSG00000049470|11|53194088|53194174|+|up_3intron	42	2	7	18
rodent|mouse|Aff4|ENSMUSG00000049470|11|53194088|53194174|+|up_5intron	340	202	220	1197
rodent|mouse|Aff4|ENSMUSG00000049470|11|53194088|53194174|+|up_exon	326	72	57	313
rodent|mouse|Aff4|ENSMUSG00000049470|11|53194088|53194174|+|utr	1181	511	1703	4156
rodent|mouse|Aifm3|ENSMUSG00000022763|16|17503559|17503635|+|dn_3intron	1029	277	227	270
rodent|mouse|Aifm3|ENSMUSG00000022763|16|17503559|17503635|+|dn_5intron	196	122	40	40
rodent|mouse|Aifm3|ENSMUSG00000022763|16|17503559|17503635|+|dn_exon	141	71	5	19
rodent|mouse|Aifm3|ENSMUSG00000022763|16|17503559|17503635|+|up_3intron	73	98	92	103
rodent|mouse|Aifm3|ENSMUSG00000022763|16|17503559|17503635|+|up_5intron	935	205	102	219
rodent|mouse|Aifm3|ENSMUSG00000022763|16|17503559|17503635|+|up_exon	655	99	64	41
rodent|mouse|Akap8|ENSMUSG00000024045|17|32454791|32454826|-|dn_3intron	762	274	428	1672
rodent|mouse|Akap8|ENSMUSG00000024045|17|32454791|32454826|-|dn_5intron	386	136	56	47
rodent|mouse|Akap8|ENSMUSG00000024045|17|32454791|32454826|-|dn_exon	401	440	359	135
rodent|mouse|Akap8|ENSMUSG00000024045|17|32454791|32454826|-|exon	964	234	565	1059
rodent|mouse|Akap8|ENSMUSG00000024045|17|32454791|32454826|-|up_3intron	601	251	336	1194
rodent|mouse|Akap8|ENSMUSG00000024045|17|32454791|32454826|-|up_5intron	842	84	38	55
rodent|mouse|Akap8|ENSMUSG00000024045|17|32454791|32454826|-|up_exon	849	258	190	301
rodent|mouse|Akt1|ENSMUSG00000001729|12|113895279|113895407|-|dn_3intron	496	138	124	79
rodent|mouse|Akt1|ENSMUSG00000001729|12|113895279|113895407|-|dn_5intron	331	195	76	95
rodent|mouse|Akt1|ENSMUSG00000001729|12|113895279|113895407|-|dn_exon	435	104	28	75
rodent|mouse|Akt1|ENSMUSG00000001729|12|113895279|113895407|-|up_5intron	18	7	3	2
rodent|mouse|Alg3|ENSMUSG00000033809|16|20609060|20609160|-|dn_5intron	304	141	161	32
rodent|mouse|Alg3|ENSMUSG00000033809|16|20609060|20609160|-|dn_exon	914	220	437	2710
rodent|mouse|Alg3|ENSMUSG00000033809|16|20609060|20609160|-|up_3intron	231	137	429	404
rodent|mouse|Alg3|ENSMUSG00000033809|16|20609060|20609160|-|up_5intron	166	81	33	26
rodent|mouse|Alg3|ENSMUSG00000033809|16|20609060|20609160|-|up_exon	233	79	82	117
rodent|mouse|Alg8|ENSMUSG00000035704|7|104534571|104535451|+|dn_3intron	373	136	258	338
rodent|mouse|Alg8|ENSMUSG00000035704|7|104534571|104535451|+|dn_5intron	601	264	1062	1771
rodent|mouse|Alg8|ENSMUSG00000035704|7|104534571|104535451|+|dn_exon	506	256	516	792
rodent|mouse|Alg8|ENSMUSG00000035704|7|104534571|104535451|+|exon	616	182	255	1087
rodent|mouse|Alg8|ENSMUSG00000035704|7|104534571|104535451|+|up_3intron	917	219	62	80
rodent|mouse|Alg8|ENSMUSG00000035704|7|104534571|104535451|+|up_5intron	740	340	975	1337
rodent|mouse|Alg8|ENSMUSG00000035704|7|104534571|104535451|+|up_exon	696	149	57	145
rodent|mouse|Anapc4|ENSMUSG00000029176|5|53250942|53252579|+|dn_3intron	372	239	567	434
rodent|mouse|Anapc4|ENSMUSG00000029176|5|53250942|53252579|+|dn_5intron	334	50	96	61
rodent|mouse|Anapc4|ENSMUSG00000029176|5|53250942|53252579|+|dn_exon	1111	186	190	636
rodent|mouse|Anapc4|ENSMUSG00000029176|5|53250942|53252579|+|exon	772	11596	3223	1045
rodent|mouse|Anapc4|ENSMUSG00000029176|5|53250942|53252579|+|up_3intron	514	73	20	21
rodent|mouse|Anapc4|ENSMUSG00000029176|5|53250942|53252579|+|up_5intron	1338	285	117	196
rodent|mouse|Anapc4|ENSMUSG00000029176|5|53250942|53252579|+|up_exon	210	50	107	283
rodent|mouse|Anks1|ENSMUSG00000024219|17|28195693|28195791|+|dn_3intron	1265	354	316	82
rodent|mouse|Anks1|ENSMUSG00000024219|17|28195693|28195791|+|dn_5intron	206	258	105	196
rodent|mouse|Anks1|ENSMUSG00000024219|17|28195693|28195791|+|dn_exon	487	131	68	88
rodent|mouse|Anks1|ENSMUSG00000024219|17|28195693|28195791|+|exon	215	400	267	145
rodent|mouse|Anks1|ENSMUSG00000024219|17|28195693|28195791|+|up_3intron	1328	222	84	95
rodent|mouse|Anks1|ENSMUSG00000024219|17|28195693|28195791|+|up_5intron	516	169	46	21
rodent|mouse|Anks1|ENSMUSG00000024219|17|28195693|28195791|+|up_exon	155	237	58	12
rodent|mouse|Anks1|ENSMUSG00000024219|17|28195693|28195791|+|utr	476	115	250	475
rodent|mouse|Ano5|ENSMUSG00000055489|7|58845933|58846038|+|deep_dn	43	26	16	5
rodent|mouse|Ano5|ENSMUSG00000055489|7|58845933|58846038|+|deep_up	411	64	283	230
rodent|mouse|Ano5|ENSMUSG00000055489|7|58845933|58846038|+|dn_3intron	566	144	47	68
rodent|mouse|Ano5|ENSMUSG00000055489|7|58845933|58846038|+|dn_5intron	782	307	208	1421
rodent|mouse|Ano5|ENSMUSG00000055489|7|58845933|58846038|+|dn_exon	617	98	266	673
rodent|mouse|Ano5|ENSMUSG00000055489|7|58845933|58846038|+|exon	182	130	44	42
rodent|mouse|Ano5|ENSMUSG00000055489|7|58845933|58846038|+|up_3intron	797	207	71	284
rodent|mouse|Ano5|ENSMUSG00000055489|7|58845933|58846038|+|up_5intron	393	304	478	1772
rodent|mouse|Ano5|ENSMUSG00000055489|7|58845933|58846038|+|up_exon	527	228	92	262
rodent|mouse|Ap1s3|ENSMUSG00000054702|1|79617291|79620365|-|dn_3intron	264	64	121	159
rodent|mouse|Ap1s3|ENSMUSG00000054702|1|79617291|79620365|-|dn_5intron	891	312	410	388
rodent|mouse|Ap1s3|ENSMUSG00000054702|1|79617291|79620365|-|dn_exon	360	79	150	86
rodent|mouse|Ap1s3|ENSMUSG00000054702|1|79617291|79620365|-|exon	628	182	350	1011
rodent|mouse|Ap1s3|ENSMUSG00000054702|1|79617291|79620365|-|up_3intron	678	84	235	767
rodent|mouse|Ap1s3|ENSMUSG00000054702|1|79617291|79620365|-|up_5intron	1058	618	97	304
rodent|mouse|Ap1s3|ENSMUSG00000054702|1|79617291|79620365|-|up_exon	581	106	63	69
rodent|mouse|Ap3m2|ENSMUSG00000031539|8|23902572|23903326|-|dn_3intron	433	214	100	117
rodent|mouse|Ap3m2|ENSMUSG00000031539|8|23902572|23903326|-|dn_5intron	17	13	2	4
rodent|mouse|Ap3m2|ENSMUSG00000031539|8|23902572|23903326|-|dn_exon	279	100	68	83
rodent|mouse|Ap3m2|ENSMUSG00000031539|8|23902572|23903326|-|exon	45	16	13	1
rodent|mouse|Ap3m2|ENSMUSG00000031539|8|23902572|23903326|-|up_3intron	1006	230	1162	804
rodent|mouse|Ap3m2|ENSMUSG00000031539|8|23902572|23903326|-|up_exon	18	6	16	8
rodent|mouse|Aqp11|ENSMUSG00000042797|7|104877481|104877597|-|deep_dn	214	34	50	51
rodent|mouse|Aqp11|ENSMUSG00000042797|7|104877481|104877597|-|deep_up	145	111	339	113
rodent|mouse|Aqp11|ENSMUSG00000042797|7|104877481|104877597|-|dn_5intron	719	194	231	271
rodent|mouse|Aqp11|ENSMUSG00000042797|7|104877481|104877597|-|exon	2742	976	2461	3339
rodent|mouse|Aqp11|ENSMUSG00000042797|7|104877481|104877597|-|up_3intron	324	557	984	1610
rodent|mouse|Aqp11|ENSMUSG00000042797|7|104877481|104877597|-|up_5intron	472	205	170	144
rodent|mouse|Aqp11|ENSMUSG00000042797|7|104877481|104877597|-|up_exon	602	241	85	124
rodent|mouse|Arid1b|ENSMUSG00000069729|17|5264032|5264121|+|deep_dn	1146	195	122	126
rodent|mouse|Arid1b|ENSMUSG00000069729|17|5264032|5264121|+|deep_up	2875	5289	3608	3531
rodent|mouse|Arid1b|ENSMUSG00000069729|17|5264032|5264121|+|dn_3intron	748	174	233	467
rodent|mouse|Arid1b|ENSMUSG00000069729|17|5264032|5264121|+|dn_5intron	325	32	25	16
rodent|mouse|Arid1b|ENSMUSG00000069729|17|5264032|5264121|+|dn_exon	373	107	59	80
rodent|mouse|Arid1b|ENSMUSG00000069729|17|5264032|5264121|+|exon	231	124	72	120
rodent|mouse|Arid1b|ENSMUSG00000069729|17|5264032|5264121|+|up_3intron	502	159	120	568
rodent|mouse|Arid1b|ENSMUSG00000069729|17|5264032|5264121|+|up_5intron	36	8	10	7
rodent|mouse|Arid1b|ENSMUSG00000069729|17|5264032|5264121|+|up_exon	479	197	96	82
rodent|mouse|Arid1b|ENSMUSG00000069729|17|5264032|5264121|+|utr	408	169	510	1341
rodent|mouse|Arih1|ENSMUSG00000025234|9|59255683|59255754|-|dn_3intron	561	112	69	119
rodent|mouse|Arih1|ENSMUSG00000025234|9|59255683|59255754|-|dn_5intron	462	117	56	98
rodent|mouse|Arih1|ENSMUSG00000025234|9|59255683|59255754|-|dn_exon	65	523	2130	11
rodent|mouse|Arih1|ENSMUSG00000025234|9|59256182|59256226|-|up_3intron	205	90	565	302
rodent|mouse|Arih1|ENSMUSG00000025234|9|59256182|59256226|-|up_5intron	433	58	79	116
rodent|mouse|Arih1|ENSMUSG00000025234|9|59256182|59256226|-|up_exon	1012	431	827	1276
rodent|mouse|Armc8|ENSMUSG00000032468|9|99406069|99410941|-|dn_3intron	631	541	2644	2122
rodent|mouse|Armc8|ENSMUSG00000032468|9|99406069|99410941|-|dn_5intron	554	287	36	56
rodent|mouse|Armc8|ENSMUSG00000032468|9|99406069|99410941|-|dn_exon	180	65	22	27
rodent|mouse|Armc8|ENSMUSG00000032468|9|99406069|99410941|-|exon	398	82	226	207
rodent|mouse|Armc8|ENSMUSG00000032468|9|99406069|99410941|-|up_3intron	1215	399	870	1990
rodent|mouse|Armc8|ENSMUSG00000032468|9|99406069|99410941|-|up_5intron	323	98	53	110
rodent|mouse|Armc8|ENSMUSG00000032468|9|99423536|99423803|-|dn_3intron	96	12	27	119
rodent|mouse|Armc8|ENSMUSG00000032468|9|99423536|99423803|-|dn_5intron	399	76	136	146
rodent|mouse|Armc8|ENSMUSG00000032468|9|99423536|99423803|-|exon	531	124	123	318
rodent|mouse|Armc8|ENSMUSG00000032468|9|99423536|99423803|-|up_3intron	107	60	202	356
rodent|mouse|Armc8|ENSMUSG00000032468|9|99423536|99423803|-|up_5intron	239	35	73	519
rodent|mouse|Armc8|ENSMUSG00000032468|9|99423536|99423803|-|up_exon	240	57	56	79
rodent|mouse|Ash2l|ENSMUSG00000031575|8|26941745|26942223|-|dn_3intron	1071	203	236	291
rodent|mouse|Ash2l|ENSMUSG00000031575|8|26941745|26942223|-|dn_5intron	738	383	2533	1542
rodent|mouse|Ash2l|ENSMUSG00000031575|8|26941745|26942223|-|dn_exon	647	121	82	751
rodent|mouse|Ash2l|ENSMUSG00000031575|8|26941745|26942223|-|exon	1088	257	181	681
rodent|mouse|Ash2l|ENSMUSG00000031575|8|26941745|26942223|-|up_3intron	804	2202	3901	559
rodent|mouse|Ash2l|ENSMUSG00000031575|8|26941745|26942223|-|up_5intron	494	481	1648	435
rodent|mouse|Ash2l|ENSMUSG00000031575|8|26941745|26942223|-|up_exon	282	72	63	77
rodent|mouse|Atf2|ENSMUSG00000027104|2|73683492|73683610|-|dn_3intron	236	19	35	127
rodent|mouse|Atf2|ENSMUSG00000027104|2|73683492|73683610|-|dn_5intron	424	35	60	61
rodent|mouse|Atf2|ENSMUSG00000027104|2|73683492|73683610|-|dn_exon	804	432	497	1034
rodent|mouse|Atf2|ENSMUSG00000027104|2|73683492|73683610|-|exon	4	1168	2851	41
rodent|mouse|Atf2|ENSMUSG00000027104|2|73684254|73684432|-|dn_5intron	774	514	5063	1697
rodent|mouse|Atf2|ENSMUSG00000027104|2|73684254|73684432|-|exon	439	118	58	275
rodent|mouse|Atf2|ENSMUSG00000027104|2|73684254|73684432|-|up_3intron	505	134	135	1074
rodent|mouse|Atf2|ENSMUSG00000027104|2|73684254|73684432|-|up_5intron	410	756	1750	1452
rodent|mouse|Atf2|ENSMUSG00000027104|2|73684254|73684432|-|up_exon	539	184	100	72
rodent|mouse|Atf2|ENSMUSG00000027104|2|73684254|73684432|-|utr	800	231	367	485
rodent|mouse|Athl1|ENSMUSG00000062031|7|148132006|148132101|+|dn_5intron	562	187	63	59
rodent|mouse|Athl1|ENSMUSG00000062031|7|148132006|148132101|+|dn_exon	304	854	1863	628
rodent|mouse|Athl1|ENSMUSG00000062031|7|148132006|148132101|+|exon	259	329	152	65
rodent|mouse|Athl1|ENSMUSG00000062031|7|148132006|148132101|+|up_exon	395	172	123	28
rodent|mouse|Atrx|ENSMUSG00000031229|X|103095220|103095332|-|deep_dn	47	10	5	8
rodent|mouse|Atrx|ENSMUSG00000031229|X|103095220|103095332|-|deep_up	506	342	32	73
rodent|mouse|Atrx|ENSMUSG00000031229|X|103095220|103095332|-|dn_3intron	537	154	142	316
rodent|mouse|Atrx|ENSMUSG00000031229|X|103095220|103095332|-|dn_5intron	2101	900	7078	4223
rodent|mouse|Atrx|ENSMUSG00000031229|X|103095220|103095332|-|dn_exon	113	20	50	59
rodent|mouse|Atrx|ENSMUSG00000031229|X|103095220|103095332|-|exon	303	75	52	105
rodent|mouse|Atrx|ENSMUSG00000031229|X|103095220|103095332|-|up_3intron	584	297	750	869
rodent|mouse|Atrx|ENSMUSG00000031229|X|103095220|103095332|-|up_5intron	181	156	605	922
rodent|mouse|Atrx|ENSMUSG00000031229|X|103095220|103095332|-|up_exon	682	112	70	74
rodent|mouse|Atrx|ENSMUSG00000031229|X|103095220|103095332|-|utr	352	29	42	24
rodent|mouse|AW555464|ENSMUSG00000072825|12|113974315|113975079|+|dn_3intron	796	128	127	410
rodent|mouse|AW555464|ENSMUSG00000072825|12|113974315|113975079|+|dn_5intron	743	176	286	664
rodent|mouse|AW555464|ENSMUSG00000072825|12|113974315|113975079|+|exon	163	45	22	26
rodent|mouse|AW555464|ENSMUSG00000072825|12|113974315|113975079|+|up_3intron	400	144	41	68
rodent|mouse|AW555464|ENSMUSG00000072825|12|113974315|113975079|+|up_5intron	859	518	112	141
rodent|mouse|AW555464|ENSMUSG00000072825|12|113974315|113975079|+|up_exon	60	119	24	2
rodent|mouse|AW555464|ENSMUSG00000072825|12|113975774|113975875|+|dn_3intron	433	7253	4133	214
rodent|mouse|AW555464|ENSMUSG00000072825|12|113975774|113975875|+|dn_exon	229	77	46	52
rodent|mouse|AW555464|ENSMUSG00000072825|12|113975774|113975875|+|exon	90	156	19	3
rodent|mouse|AW555464|ENSMUSG00000072825|12|113975774|113975875|+|up_3intron	723	9433	13596	1828
rodent|mouse|AW555464|ENSMUSG00000072825|12|113975774|113975875|+|up_5intron	646	300	1182	335
rodent|mouse|AW555464|ENSMUSG00000072825|12|113975774|113975875|+|utr	305	50	21	15
rodent|mouse|B230208H17Rik|ENSMUSG00000015087|2|25442795|25443147|-|dn_3intron	333	5719	3225	227
rodent|mouse|B230208H17Rik|ENSMUSG00000015087|2|25442795|25443147|-|dn_5intron	577	137	65	59
rodent|mouse|B230208H17Rik|ENSMUSG00000015087|2|25442795|25443147|-|dn_exon	475	171	290	189
rodent|mouse|B230208H17Rik|ENSMUSG00000015087|2|25442795|25443147|-|exon	306	319	139	62
rodent|mouse|B230208H17Rik|ENSMUSG00000015087|2|25442795|25443147|-|up_3intron	127	24	42	15
rodent|mouse|B230208H17Rik|ENSMUSG00000015087|2|25442795|25443147|-|up_5intron	422	279	83	134
rodent|mouse|B230208H17Rik|ENSMUSG00000015087|2|25442795|25443147|-|up_exon	675	134	405	2048
rodent|mouse|B4galt5|ENSMUSG00000017929|2|167130496|167130618|-|dn_3intron	32	184	72	43
rodent|mouse|B4galt5|ENSMUSG00000017929|2|167130496|167130618|-|dn_5intron	17	33	12	5
rodent|mouse|B4galt5|ENSMUSG00000017929|2|167130496|167130618|-|dn_exon	224	197	30	84
rodent|mouse|B4galt5|ENSMUSG00000017929|2|167130496|167130618|-|exon	322	128	85	80
rodent|mouse|B4galt5|ENSMUSG00000017929|2|167130496|167130618|-|up_3intron	582	223	70	182
rodent|mouse|B4galt5|ENSMUSG00000017929|2|167130496|167130618|-|up_exon	340	180	155	156
rodent|mouse|Baiap2l2|ENSMUSG00000018126|15|79089188|79089279|-|dn_5intron	162	62	10	3
rodent|mouse|Baiap2l2|ENSMUSG00000018126|15|79089188|79089279|-|dn_exon	1155	877	1276	1107
rodent|mouse|Baiap2l2|ENSMUSG00000018126|15|79089188|79089279|-|up_3intron	306	222	359	63
rodent|mouse|Baiap2l2|ENSMUSG00000018126|15|79089188|79089279|-|up_5intron	420	118	117	51
rodent|mouse|Baiap2l2|ENSMUSG00000018126|15|79089188|79089279|-|up_exon	71	37	17	2
rodent|mouse|BC006779|ENSMUSG00000027580|2|180964772|180964967|-|up_3intron	367	80	195	309
rodent|mouse|BC006779|ENSMUSG00000027580|2|180964772|180964967|-|up_5intron	386	189	189	299
rodent|mouse|BC006779|ENSMUSG00000027580|2|180965238|180965412|-|dn_5intron	490	122	43	67
rodent|mouse|BC006779|ENSMUSG00000027580|2|180965936|180966207|-|dn_5intron	546	526	300	224
rodent|mouse|BC006779|ENSMUSG00000027580|2|180965936|180966207|-|exon	366	264	69	12
rodent|mouse|BC006779|ENSMUSG00000027580|2|180965936|180966207|-|up_3intron	427	171	92	108
rodent|mouse|BC006779|ENSMUSG00000027580|2|180970221|180970296|-|dn_3intron	317	89	143	54
rodent|mouse|BC006779|ENSMUSG00000027580|2|180970221|180970296|-|exon	456	147	272	417
rodent|mouse|BC006779|ENSMUSG00000027580|2|180970221|180970296|-|up_3intron	448	256	160	110
rodent|mouse|BC006779|ENSMUSG00000027580|2|180970221|180970296|-|up_exon	665	170	64	203
rodent|mouse|Bcl2l13|ENSMUSG00000009112|6|120815586|120815958|+|deep_dn	52	3	29	45
rodent|mouse|Bcl2l13|ENSMUSG00000009112|6|120815586|120815958|+|deep_up	203	51	109	145
rodent|mouse|Bcl2l13|ENSMUSG00000009112|6|120815586|120815958|+|dn_3intron	246	97	163	194
rodent|mouse|Bcl2l13|ENSMUSG00000009112|6|120815586|120815958|+|dn_5intron	803	996	487	1123
rodent|mouse|Bcl2l13|ENSMUSG00000009112|6|120815586|120815958|+|dn_exon	59	68	200	221
rodent|mouse|Bcl2l13|ENSMUSG00000009112|6|120815586|120815958|+|exon	201	155	126	220
rodent|mouse|Bcl2l13|ENSMUSG00000009112|6|120815586|120815958|+|up_3intron	97	229	22	21
rodent|mouse|Bcl2l13|ENSMUSG00000009112|6|120815586|120815958|+|up_5intron	1081	975	17186	7148
rodent|mouse|Bcl2l13|ENSMUSG00000009112|6|120815586|120815958|+|up_exon	364	43	17	5
rodent|mouse|Bin1|ENSMUSG00000024381|18|32591637|32591747|+|dn_3intron	502	256	290	69
rodent|mouse|Bin1|ENSMUSG00000024381|18|32591637|32591747|+|dn_5intron	176	90	21	21
rodent|mouse|Bin1|ENSMUSG00000024381|18|32591637|32591747|+|dn_exon	232	116	253	81
rodent|mouse|Brd1|ENSMUSG00000022387|15|88522176|88523179|-|dn_3intron	747	339	236	168
rodent|mouse|Brd1|ENSMUSG00000022387|15|88522176|88523179|-|dn_5intron	602	249	377	208
rodent|mouse|Brd1|ENSMUSG00000022387|15|88522176|88523179|-|dn_exon	513	124	68	197
rodent|mouse|Brd1|ENSMUSG00000022387|15|88522176|88523179|-|exon	256	160	125	335
rodent|mouse|Brd1|ENSMUSG00000022387|15|88522176|88523179|-|up_3intron	1832	411	236	562
rodent|mouse|Brd1|ENSMUSG00000022387|15|88522176|88523179|-|up_5intron	711	121	85	103
rodent|mouse|Brd1|ENSMUSG00000022387|15|88522176|88523179|-|up_exon	449	175	43	45
rodent|mouse|Brd1|ENSMUSG00000022387|15|88543726|88543856|-|dn_3intron	794	1519	11525	3124
rodent|mouse|Brd1|ENSMUSG00000022387|15|88543726|88543856|-|dn_5intron	455	107	167	263
rodent|mouse|Brd1|ENSMUSG00000022387|15|88543726|88543856|-|dn_exon	296	56	66	31
rodent|mouse|Brd1|ENSMUSG00000022387|15|88547336|88547492|-|up_3intron	579	124	312	747
rodent|mouse|Brd1|ENSMUSG00000022387|15|88547336|88547492|-|up_5intron	938	479	947	1664
rodent|mouse|Brd1|ENSMUSG00000022387|15|88547336|88547492|-|up_exon	454	162	33	54
rodent|mouse|Brp44l|ENSMUSG00000023861|17|8489392|8489496|+|dn_3intron	450	178	174	76
rodent|mouse|Brp44l|ENSMUSG00000023861|17|8489392|8489496|+|dn_exon	167	217	224	424
rodent|mouse|Brp44l|ENSMUSG00000023861|17|8489392|8489496|+|exon	574	142	45	62
rodent|mouse|Brp44l|ENSMUSG00000023861|17|8489392|8489496|+|up_3intron	1337	249	342	655
rodent|mouse|Brp44l|ENSMUSG00000023861|17|8489392|8489496|+|up_5intron	368	196	131	302
rodent|mouse|Brp44l|ENSMUSG00000023861|17|8489392|8489496|+|up_exon	948	117	39	47
rodent|mouse|C330018D20Rik|ENSMUSG00000024592|18|57117772|57119075|-|dn_3intron	304	144	143	275
rodent|mouse|C330018D20Rik|ENSMUSG00000024592|18|57117772|57119075|-|dn_exon	128	31	25	68
rodent|mouse|C330018D20Rik|ENSMUSG00000024592|18|57117772|57119075|-|exon	243	86	202	150
rodent|mouse|C330018D20Rik|ENSMUSG00000024592|18|57117772|57119075|-|up_exon	467	167	221	1030
rodent|mouse|C78339|ENSMUSG00000069237|13|46769622|46769761|+|dn_3intron	353	86	29	73
rodent|mouse|C78339|ENSMUSG00000069237|13|46769622|46769761|+|dn_5intron	1033	373	2454	2473
rodent|mouse|C78339|ENSMUSG00000069237|13|46769622|46769761|+|dn_exon	288	91	46	63
rodent|mouse|C78339|ENSMUSG00000069237|13|46769622|46769761|+|exon	524	104	89	62
rodent|mouse|C78339|ENSMUSG00000069237|13|46769622|46769761|+|up_3intron	112	67	132	58
rodent|mouse|C78339|ENSMUSG00000069237|13|46769622|46769761|+|up_5intron	94	15	8	34
rodent|mouse|C78339|ENSMUSG00000069237|13|46769622|46769761|+|up_exon	336	711	1320	787
rodent|mouse|C80913|ENSMUSG00000030421|7|38781704|38781970|-|deep_up	1455	2990	9031	2945
rodent|mouse|C80913|ENSMUSG00000030421|7|38781704|38781970|-|dn_3intron	154	58	36	46
rodent|mouse|C80913|ENSMUSG00000030421|7|38781704|38781970|-|dn_5intron	731	10525	12016	1080
rodent|mouse|C80913|ENSMUSG00000030421|7|38781704|38781970|-|dn_exon	364	135	315	672
rodent|mouse|C80913|ENSMUSG00000030421|7|38781704|38781970|-|exon	616	167	4	32
rodent|mouse|C80913|ENSMUSG00000030421|7|38781704|38781970|-|up_3intron	300	68	266	1123
rodent|mouse|C80913|ENSMUSG00000030421|7|38781704|38781970|-|up_5intron	315	548	396	319
rodent|mouse|Capn2|ENSMUSG00000026509|1|184419125|184419210|-|dn_3intron	242	103	31	25
rodent|mouse|Capn2|ENSMUSG00000026509|1|184419125|184419210|-|dn_5intron	32	31	116	5
rodent|mouse|Capn2|ENSMUSG00000026509|1|184419125|184419210|-|dn_exon	440	363	189	113
rodent|mouse|Capn2|ENSMUSG00000026509|1|184419125|184419210|-|exon	273	138	240	142
rodent|mouse|Capn2|ENSMUSG00000026509|1|184419125|184419210|-|up_3intron	95	2572	1164	292
rodent|mouse|Capn2|ENSMUSG00000026509|1|184419125|184419210|-|up_5intron	236	227	245	14
rodent|mouse|Capn2|ENSMUSG00000026509|1|184419125|184419210|-|up_exon	472	124	178	133
rodent|mouse|Capn2|ENSMUSG00000026509|1|184420998|184421166|-|dn_3intron	378	373	101	115
rodent|mouse|Capn2|ENSMUSG00000026509|1|184420998|184421166|-|dn_5intron	224	229	82	39
rodent|mouse|Capn2|ENSMUSG00000026509|1|184420998|184421166|-|dn_exon	241	42	20	28
rodent|mouse|Capn2|ENSMUSG00000026509|1|184420998|184421166|-|exon	583	111	33	36
rodent|mouse|Capn2|ENSMUSG00000026509|1|184420998|184421166|-|up_3intron	151	96	179	10
rodent|mouse|Capn2|ENSMUSG00000026509|1|184420998|184421166|-|up_5intron	363	86	44	26
rodent|mouse|Capn2|ENSMUSG00000026509|1|184420998|184421166|-|up_exon	469	201	594	564
rodent|mouse|Casp2|ENSMUSG00000029863|6|42226869|42226929|+|dn_3intron	407	26	47	45
rodent|mouse|Casp2|ENSMUSG00000029863|6|42226869|42226929|+|dn_5intron	1880	424	441	557
rodent|mouse|Casp2|ENSMUSG00000029863|6|42226869|42226929|+|exon	528	520	419	802
rodent|mouse|Casp2|ENSMUSG00000029863|6|42226869|42226929|+|up_exon	568	129	33	13
rodent|mouse|Cblb|ENSMUSG00000022637|16|52186462|52186593|+|dn_3intron	953	156	158	603
rodent|mouse|Cblb|ENSMUSG00000022637|16|52186462|52186593|+|dn_5intron	450	84	45	51
rodent|mouse|Cblb|ENSMUSG00000022637|16|52186462|52186593|+|dn_exon	111	13	20	119
rodent|mouse|Cblb|ENSMUSG00000022637|16|52186462|52186593|+|exon	134	168	139	156
rodent|mouse|Cblb|ENSMUSG00000022637|16|52186462|52186593|+|up_5intron	1394	295	348	1279
rodent|mouse|Cblb|ENSMUSG00000022637|16|52186462|52186593|+|up_exon	999	234	619	814
rodent|mouse|Ccar1|ENSMUSG00000020074|10|62222838|62223027|-|dn_3intron	107	9	18	14
rodent|mouse|Ccar1|ENSMUSG00000020074|10|62222838|62223027|-|dn_5intron	116	48	146	213
rodent|mouse|Ccar1|ENSMUSG00000020074|10|62222838|62223027|-|dn_exon	362	158	207	409
rodent|mouse|Ccar1|ENSMUSG00000020074|10|62222838|62223027|-|exon	44	19	18	15
rodent|mouse|Ccar1|ENSMUSG00000020074|10|62222838|62223027|-|up_3intron	328	112	38	61
rodent|mouse|Ccar1|ENSMUSG00000020074|10|62222838|62223027|-|up_5intron	86	17	20	31
rodent|mouse|Ccar1|ENSMUSG00000020074|10|62222838|62223027|-|up_exon	129	38	68	156
rodent|mouse|Ccdc88a|ENSMUSG00000032740|11|29403247|29403651|+|dn_3intron	274	171	124	179
rodent|mouse|Ccdc88a|ENSMUSG00000032740|11|29403247|29403651|+|dn_exon	635	12495	5151	1916
rodent|mouse|Ccdc88a|ENSMUSG00000032740|11|29403247|29403651|+|exon	87	82	13	13
rodent|mouse|Ccdc88a|ENSMUSG00000032740|11|29403247|29403651|+|up_3intron	406	88	102	317
rodent|mouse|Ccdc88a|ENSMUSG00000032740|11|29403247|29403651|+|up_5intron	1970	2803	29203	4367
rodent|mouse|Ccdc88a|ENSMUSG00000032740|11|29403247|29403651|+|up_exon	194	151	587	523
rodent|mouse|Cdk19|ENSMUSG00000038481|10|40173821|40173878|+|deep_dn	440	162	241	336
rodent|mouse|Cdk19|ENSMUSG00000038481|10|40173821|40173878|+|deep_up	138	30	37	52
rodent|mouse|Cdk19|ENSMUSG00000038481|10|40173821|40173878|+|dn_3intron	260	218	496	675
rodent|mouse|Cdk19|ENSMUSG00000038481|10|40173821|40173878|+|dn_5intron	680	123	73	160
rodent|mouse|Cdk19|ENSMUSG00000038481|10|40173821|40173878|+|dn_exon	408	193	51	120
rodent|mouse|Cdk19|ENSMUSG00000038481|10|40173821|40173878|+|exon	102	46	52	61
rodent|mouse|Cdk19|ENSMUSG00000038481|10|40173821|40173878|+|up_5intron	240	23	2	4
rodent|mouse|Cdk19|ENSMUSG00000038481|10|40173821|40173878|+|up_exon	462	122	74	126
rodent|mouse|Cdk19|ENSMUSG00000038481|10|40173821|40173878|+|utr	455	108	212	241
rodent|mouse|Cep57|ENSMUSG00000031922|9|13617077|13617154|-|dn_3intron	360	92	111	234
rodent|mouse|Cep57|ENSMUSG00000031922|9|13617077|13617154|-|dn_5intron	466	130	283	862
rodent|mouse|Cep57|ENSMUSG00000031922|9|13617077|13617154|-|dn_exon	583	252	468	267
rodent|mouse|Cep57|ENSMUSG00000031922|9|13617077|13617154|-|exon	655	132	123	306
rodent|mouse|Cep57|ENSMUSG00000031922|9|13617077|13617154|-|up_3intron	58	10	18	11
rodent|mouse|Cep57|ENSMUSG00000031922|9|13617077|13617154|-|up_exon	146	2	20	6
rodent|mouse|Chuk|ENSMUSG00000025199|19|44161398|44161549|-|dn_3intron	289	116	400	2494
rodent|mouse|Chuk|ENSMUSG00000025199|19|44161398|44161549|-|dn_5intron	391	98	117	171
rodent|mouse|Chuk|ENSMUSG00000025199|19|44161398|44161549|-|dn_exon	221	896	846	539
rodent|mouse|Chuk|ENSMUSG00000025199|19|44161398|44161549|-|exon	734	127	347	559
rodent|mouse|Chuk|ENSMUSG00000025199|19|44161398|44161549|-|up_3intron	434	92	732	1129
rodent|mouse|Chuk|ENSMUSG00000025199|19|44161398|44161549|-|up_5intron	483	99	205	767
rodent|mouse|Chuk|ENSMUSG00000025199|19|44161398|44161549|-|up_exon	466	323	230	471
rodent|mouse|Clcn1|ENSMUSG00000029862|6|42262491|42263157|+|dn_exon	310	119	72	85
rodent|mouse|Clcn1|ENSMUSG00000029862|6|42262491|42263157|+|exon	28	57	175	126
rodent|mouse|Clcn1|ENSMUSG00000029862|6|42262491|42263157|+|up_3intron	806	130	292	394
rodent|mouse|Clcn1|ENSMUSG00000029862|6|42262491|42263157|+|up_5intron	989	209	488	862
rodent|mouse|Clcn1|ENSMUSG00000029862|6|42262491|42263157|+|up_exon	452	254	539	290
rodent|mouse|Clint1|ENSMUSG00000006169|11|45715713|45715787|+|dn_3intron	233	287	170	91
rodent|mouse|Clint1|ENSMUSG00000006169|11|45715713|45715787|+|dn_5intron	669	162	66	46
rodent|mouse|Clint1|ENSMUSG00000006169|11|45715713|45715787|+|exon	1906	391	303	531
rodent|mouse|Clint1|ENSMUSG00000006169|11|45715713|45715787|+|up_5intron	857	265	559	1734
rodent|mouse|Clint1|ENSMUSG00000006169|11|45715713|45715787|+|up_exon	53	131	159	149
rodent|mouse|Clint1|ENSMUSG00000006169|11|45721342|45721546|+|dn_3intron	250	14	5	49
rodent|mouse|Clint1|ENSMUSG00000006169|11|45721342|45721546|+|dn_5intron	623	235	162	94
rodent|mouse|Clint1|ENSMUSG00000006169|11|45721342|45721546|+|dn_exon	212	193	40	42
rodent|mouse|Clint1|ENSMUSG00000006169|11|45721342|45721546|+|exon	462	193	74	176
rodent|mouse|Clint1|ENSMUSG00000006169|11|45721342|45721546|+|up_3intron	398	162	302	980
rodent|mouse|Clint1|ENSMUSG00000006169|11|45721342|45721546|+|up_5intron	287	982	1366	1050
rodent|mouse|Clip2|ENSMUSG00000063146|5|134980604|134980708|-|dn_3intron	1172	385	121	107
rodent|mouse|Clip2|ENSMUSG00000063146|5|134980604|134980708|-|dn_5intron	1975	1935	3696	881
rodent|mouse|Clip2|ENSMUSG00000063146|5|134980604|134980708|-|dn_exon	221	43	28	14
rodent|mouse|Clip2|ENSMUSG00000063146|5|134980604|134980708|-|exon	342	62	172	263
rodent|mouse|Clip2|ENSMUSG00000063146|5|134980604|134980708|-|up_3intron	718	1212	797	577
rodent|mouse|Clip2|ENSMUSG00000063146|5|134980604|134980708|-|up_5intron	690	184	106	74
rodent|mouse|Clip2|ENSMUSG00000063146|5|134980604|134980708|-|up_exon	665	195	127	118
rodent|mouse|Cmtm6|ENSMUSG00000032434|9|114645959|114646477|+|dn_3intron	182	318	3444	720
rodent|mouse|Cmtm6|ENSMUSG00000032434|9|114645959|114646477|+|dn_5intron	657	522	661	1706
rodent|mouse|Cmtm6|ENSMUSG00000032434|9|114645959|114646477|+|dn_exon	675	137	130	159
rodent|mouse|Cmtm6|ENSMUSG00000032434|9|114645959|114646477|+|exon	2698	920	947	2030
rodent|mouse|Cmtm6|ENSMUSG00000032434|9|114645959|114646477|+|up_3intron	1384	357	74	56
rodent|mouse|Cmtm6|ENSMUSG00000032434|9|114645959|114646477|+|up_5intron	362	136	13	23
rodent|mouse|Cmtm6|ENSMUSG00000032434|9|114645959|114646477|+|up_exon	974	5982	19586	4654
rodent|mouse|Cmtm6|ENSMUSG00000032434|9|114645959|114646477|+|utr	409	146	45	24
rodent|mouse|Cog5|ENSMUSG00000035933|12|32522060|32522221|+|deep_dn	277	51	55	145
rodent|mouse|Cog5|ENSMUSG00000035933|12|32522060|32522221|+|deep_up	404	91	83	124
rodent|mouse|Cog5|ENSMUSG00000035933|12|32522060|32522221|+|dn_3intron	823	496	5244	3017
rodent|mouse|Cog5|ENSMUSG00000035933|12|32522060|32522221|+|dn_5intron	517	240	206	727
rodent|mouse|Cog5|ENSMUSG00000035933|12|32522060|32522221|+|dn_exon	785	112	39	34
rodent|mouse|Cog5|ENSMUSG00000035933|12|32522060|32522221|+|exon	1076	346	19	90
rodent|mouse|Cog5|ENSMUSG00000035933|12|32522060|32522221|+|up_3intron	333	79	183	396
rodent|mouse|Cog5|ENSMUSG00000035933|12|32522060|32522221|+|up_5intron	539	334	1298	3053
rodent|mouse|Cog5|ENSMUSG00000035933|12|32522060|32522221|+|up_exon	203	265	52	137
rodent|mouse|Col5a1|ENSMUSG00000026837|2|27884338|27884555|+|dn_3intron	134	56	29	32
rodent|mouse|Col5a1|ENSMUSG00000026837|2|27884338|27884555|+|dn_exon	454	203	140	167
rodent|mouse|Col5a1|ENSMUSG00000026837|2|27884338|27884555|+|up_3intron	656	180	109	780
rodent|mouse|Col5a1|ENSMUSG00000026837|2|27884338|27884555|+|up_5intron	275	74	43	131
rodent|mouse|Col5a1|ENSMUSG00000026837|2|27884338|27884555|+|up_exon	172	116	37	23
rodent|mouse|Col5a2|ENSMUSG00000026042|1|45459957|45460016|-|dn_3intron	519	136	269	611
rodent|mouse|Col5a2|ENSMUSG00000026042|1|45459957|45460016|-|dn_5intron	182	52	52	130
rodent|mouse|Col5a2|ENSMUSG00000026042|1|45459957|45460016|-|dn_exon	286	108	132	273
rodent|mouse|Coq10b|ENSMUSG00000025981|1|55118100|55118268|+|deep_dn	261	118	470	666
rodent|mouse|Coq10b|ENSMUSG00000025981|1|55118100|55118268|+|deep_up	622	612	279	212
rodent|mouse|Coq10b|ENSMUSG00000025981|1|55118100|55118268|+|dn_3intron	385	123	178	1131
rodent|mouse|Coq10b|ENSMUSG00000025981|1|55118100|55118268|+|dn_5intron	342	827	3745	3254
rodent|mouse|Coq10b|ENSMUSG00000025981|1|55118100|55118268|+|dn_exon	485	114	244	142
rodent|mouse|Coq10b|ENSMUSG00000025981|1|55118100|55118268|+|exon	333	78	21	83
rodent|mouse|Coq10b|ENSMUSG00000025981|1|55118100|55118268|+|up_3intron	619	163	291	764
rodent|mouse|Coq10b|ENSMUSG00000025981|1|55118100|55118268|+|up_exon	302	112	126	26
rodent|mouse|Crebl2|ENSMUSG00000032652|6|134801022|134801245|+|dn_3intron	56	41	29	25
rodent|mouse|Crebl2|ENSMUSG00000032652|6|134801022|134801245|+|dn_5intron	469	73	122	502
rodent|mouse|Crebl2|ENSMUSG00000032652|6|134801022|134801245|+|dn_exon	424	310	721	1763
rodent|mouse|Crebl2|ENSMUSG00000032652|6|134801022|134801245|+|exon	171	68	84	61
rodent|mouse|Crebl2|ENSMUSG00000032652|6|134801022|134801245|+|up_3intron	418	119	67	213
rodent|mouse|Crebl2|ENSMUSG00000032652|6|134801022|134801245|+|up_5intron	218	106	51	71
rodent|mouse|Crebl2|ENSMUSG00000032652|6|134801022|134801245|+|up_exon	384	110	95	94
rodent|mouse|Csnk2a1|ENSMUSG00000074698|2|152083114|152083215|+|dn_3intron	173	27	32	20
rodent|mouse|Csnk2a1|ENSMUSG00000074698|2|152083114|152083215|+|dn_5intron	463	127	49	269
rodent|mouse|Csnk2a1|ENSMUSG00000074698|2|152083114|152083215|+|dn_exon	400	156	76	140
rodent|mouse|Csnk2a1|ENSMUSG00000074698|2|152083114|152083215|+|exon	38	7	7	10
rodent|mouse|Csnk2a1|ENSMUSG00000074698|2|152083114|152083215|+|up_3intron	151	72	123	66
rodent|mouse|Csnk2a1|ENSMUSG00000074698|2|152083114|152083215|+|up_5intron	667	174	393	1279
rodent|mouse|Csnk2a1|ENSMUSG00000074698|2|152083114|152083215|+|up_exon	319	40	50	148
rodent|mouse|D17Wsu92e|ENSMUSG00000056692|17|27904856|27905198|-|dn_3intron	267	110	64	101
rodent|mouse|D17Wsu92e|ENSMUSG00000056692|17|27904856|27905198|-|dn_5intron	404	108	99	51
rodent|mouse|D17Wsu92e|ENSMUSG00000056692|17|27904856|27905198|-|dn_exon	323	110	42	70
rodent|mouse|D17Wsu92e|ENSMUSG00000056692|17|27904856|27905198|-|exon	22	94	36	12
rodent|mouse|D17Wsu92e|ENSMUSG00000056692|17|27904856|27905198|-|up_3intron	1687	383	667	208
rodent|mouse|D17Wsu92e|ENSMUSG00000056692|17|27904856|27905198|-|up_5intron	465	158	172	399
rodent|mouse|D17Wsu92e|ENSMUSG00000056692|17|27904856|27905198|-|up_exon	333	66	53	58
rodent|mouse|D17Wsu92e|ENSMUSG00000056692|17|27904856|27905198|-|utr	489	560	1624	195
rodent|mouse|Daam1|ENSMUSG00000034574|12|73059734|73059760|+|dn_3intron	9	28	157	19
rodent|mouse|Daam1|ENSMUSG00000034574|12|73059734|73059760|+|dn_5intron	693	162	241	767
rodent|mouse|Daam1|ENSMUSG00000034574|12|73059734|73059760|+|dn_exon	638	177	301	508
rodent|mouse|Daam1|ENSMUSG00000034574|12|73059734|73059760|+|exon	606	182	201	821
rodent|mouse|Daam1|ENSMUSG00000034574|12|73059734|73059760|+|up_3intron	114	1007	3307	259
rodent|mouse|Daam1|ENSMUSG00000034574|12|73059734|73059760|+|up_5intron	184	109	35	51
rodent|mouse|Daam1|ENSMUSG00000034574|12|73059734|73059760|+|up_exon	295	112	83	42
rodent|mouse|Dbt|ENSMUSG00000000340|3|116223155|116223278|+|dn_3intron	216	34	75	58
rodent|mouse|Dbt|ENSMUSG00000000340|3|116223155|116223278|+|dn_5intron	544	249	248	546
rodent|mouse|Dbt|ENSMUSG00000000340|3|116223155|116223278|+|dn_exon	814	275	131	153
rodent|mouse|Dbt|ENSMUSG00000000340|3|116223155|116223278|+|exon	119	133	59	125
rodent|mouse|Dbt|ENSMUSG00000000340|3|116223155|116223278|+|up_3intron	384	39	12	26
rodent|mouse|Dbt|ENSMUSG00000000340|3|116223155|116223278|+|up_5intron	426	451	1103	531
rodent|mouse|Dbt|ENSMUSG00000000340|3|116223155|116223278|+|up_exon	472	223	190	252
rodent|mouse|Dctn6|ENSMUSG00000031516|8|35156683|35157061|-|dn_3intron	467	154	333	365
rodent|mouse|Dctn6|ENSMUSG00000031516|8|35156683|35157061|-|dn_5intron	1193	367	246	836
rodent|mouse|Dctn6|ENSMUSG00000031516|8|35156683|35157061|-|dn_exon	1501	212	65	156
rodent|mouse|Dctn6|ENSMUSG00000031516|8|35156683|35157061|-|exon	325	75	193	604
rodent|mouse|Dctn6|ENSMUSG00000031516|8|35156683|35157061|-|up_3intron	198	184	141	62
rodent|mouse|Dctn6|ENSMUSG00000031516|8|35156683|35157061|-|up_5intron	476	144	27	195
rodent|mouse|Dctn6|ENSMUSG00000031516|8|35156683|35157061|-|up_exon	646	187	89	97
rodent|mouse|Dcun1d2|ENSMUSG00000038506|8|13258320|13259043|-|dn_3intron	495	267	223	951
rodent|mouse|Dcun1d2|ENSMUSG00000038506|8|13258320|13259043|-|dn_5intron	135	108	316	123
rodent|mouse|Dcun1d2|ENSMUSG00000038506|8|13258320|13259043|-|dn_exon	221	114	52	179
rodent|mouse|Dcun1d2|ENSMUSG00000038506|8|13261385|13261467|-|up_3intron	203	115	192	1
rodent|mouse|Dcun1d2|ENSMUSG00000038506|8|13261385|13261467|-|up_5intron	480	372	324	292
rodent|mouse|Dcun1d2|ENSMUSG00000038506|8|13261385|13261467|-|up_exon	578	190	65	106
rodent|mouse|Ddx17|ENSMUSG00000055065|15|79363405|79363640|-|dn_3intron	983	717	1434	5472
rodent|mouse|Ddx17|ENSMUSG00000055065|15|79363405|79363640|-|dn_exon	463	77	77	228
rodent|mouse|Ddx17|ENSMUSG00000055065|15|79363405|79363640|-|exon	160	234	203	91
rodent|mouse|Ddx17|ENSMUSG00000055065|15|79363405|79363640|-|up_3intron	206	110	66	59
rodent|mouse|Ddx17|ENSMUSG00000055065|15|79363405|79363640|-|up_5intron	840	290	238	226
rodent|mouse|Ddx17|ENSMUSG00000055065|15|79363405|79363640|-|up_exon	715	121	351	761
rodent|mouse|Ddx17|ENSMUSG00000055065|15|79363405|79363640|-|utr	367	168	166	40
rodent|mouse|Depdc6|ENSMUSG00000022419|15|55047043|55047113|+|deep_up	490	164	201	327
rodent|mouse|Depdc6|ENSMUSG00000022419|15|55047043|55047113|+|up_3intron	369	133	174	100
rodent|mouse|Depdc6|ENSMUSG00000022419|15|55047043|55047113|+|up_5intron	485	977	1790	688
rodent|mouse|Depdc6|ENSMUSG00000022419|15|55047043|55047113|+|up_exon	503	745	183	182
rodent|mouse|Depdc6|ENSMUSG00000022419|15|55049724|55049828|+|dn_3intron	67	7	39	24
rodent|mouse|Depdc6|ENSMUSG00000022419|15|55049724|55049828|+|dn_5intron	700	216	516	2571
rodent|mouse|Depdc6|ENSMUSG00000022419|15|55049724|55049828|+|dn_exon	52	27	104	45
rodent|mouse|Dgcr2|ENSMUSG00000003166|16|17845056|17845286|-|dn_3intron	254	100	41	52
rodent|mouse|Dgcr2|ENSMUSG00000003166|16|17845056|17845286|-|dn_5intron	259	204	78	41
rodent|mouse|Dgcr2|ENSMUSG00000003166|16|17845056|17845286|-|dn_exon	401	227	47	56
rodent|mouse|Dgcr2|ENSMUSG00000003166|16|17845056|17845286|-|exon	464	317	46	31
rodent|mouse|Dgcr2|ENSMUSG00000003166|16|17845056|17845286|-|up_3intron	112	54	190	288
rodent|mouse|Dgcr2|ENSMUSG00000003166|16|17845056|17845286|-|up_5intron	343	96	261	767
rodent|mouse|Dgcr2|ENSMUSG00000003166|16|17845056|17845286|-|up_exon	670	155	95	129
rodent|mouse|Dgcr2|ENSMUSG00000003166|16|17857351|17857427|-|dn_3intron	776	413	641	408
rodent|mouse|Dgcr2|ENSMUSG00000003166|16|17857351|17857427|-|dn_5intron	329	171	73	12
rodent|mouse|Dgcr2|ENSMUSG00000003166|16|17857351|17857427|-|dn_exon	269	334	171	297
rodent|mouse|Dgcr2|ENSMUSG00000003166|16|17857351|17857427|-|exon	1114	320	666	841
rodent|mouse|Dgcr2|ENSMUSG00000003166|16|17857351|17857427|-|up_3intron	650	225	58	109
rodent|mouse|Dgcr2|ENSMUSG00000003166|16|17857351|17857427|-|up_5intron	397	81	53	77
rodent|mouse|Dgcr2|ENSMUSG00000003166|16|17857351|17857427|-|up_exon	389	88	16	9
rodent|mouse|Dgkq|ENSMUSG00000004815|5|109082200|109082238|-|dn_3intron	345	89	43	23
rodent|mouse|Dgkq|ENSMUSG00000004815|5|109082200|109082238|-|dn_5intron	210	348	243	620
rodent|mouse|Dgkq|ENSMUSG00000004815|5|109082200|109082238|-|dn_exon	251	131	18	24
rodent|mouse|Dgkq|ENSMUSG00000004815|5|109082200|109082238|-|exon	493	144	56	180
rodent|mouse|Dgkq|ENSMUSG00000004815|5|109082200|109082238|-|up_3intron	468	77	348	234
rodent|mouse|Dgkq|ENSMUSG00000004815|5|109082200|109082238|-|up_5intron	73	182	290	435
rodent|mouse|Dhrs3|ENSMUSG00000066026|4|144509133|144509407|+|dn_3intron	597	379	570	246
rodent|mouse|Dhrs3|ENSMUSG00000066026|4|144509133|144509407|+|dn_5intron	138	104	124	85
rodent|mouse|Dhrs3|ENSMUSG00000066026|4|144509133|144509407|+|dn_exon	820	392	524	653
rodent|mouse|Dhrs3|ENSMUSG00000066026|4|144509133|144509407|+|exon	1253	281	62	51
rodent|mouse|Dhrs3|ENSMUSG00000066026|4|144509133|144509407|+|up_3intron	279	56	61	140
rodent|mouse|Dhrs3|ENSMUSG00000066026|4|144509133|144509407|+|up_5intron	188	80	36	17
rodent|mouse|Dhrs3|ENSMUSG00000066026|4|144509133|144509407|+|up_exon	264	101	69	80
rodent|mouse|Dhrs3|ENSMUSG00000066026|4|144509133|144509407|+|utr	280	77	83	47
rodent|mouse|Dhrs7b|ENSMUSG00000042569|11|60665909|60666013|+|dn_3intron	899	157	21	31
rodent|mouse|Dhrs7b|ENSMUSG00000042569|11|60665909|60666013|+|dn_5intron	605	5884	15287	1548
rodent|mouse|Dhrs7b|ENSMUSG00000042569|11|60665909|60666013|+|dn_exon	908	464	98	70
rodent|mouse|Dhrs7b|ENSMUSG00000042569|11|60665909|60666013|+|exon	475	1932	3737	576
rodent|mouse|Dhrs7b|ENSMUSG00000042569|11|60665909|60666013|+|up_3intron	1019	576	268	1116
rodent|mouse|Dhrs7b|ENSMUSG00000042569|11|60665909|60666013|+|up_5intron	1218	763	2525	5992
rodent|mouse|Dhrs7b|ENSMUSG00000042569|11|60665909|60666013|+|up_exon	1087	267	54	202
rodent|mouse|Dlgap4|ENSMUSG00000061689|2|156574658|156574756|+|dn_3intron	506	140	12	30
rodent|mouse|Dlgap4|ENSMUSG00000061689|2|156574658|156574756|+|dn_5intron	2024	438	202	86
rodent|mouse|Dlgap4|ENSMUSG00000061689|2|156574658|156574756|+|dn_exon	407	89	50	46
rodent|mouse|Dnajc8|ENSMUSG00000054405|4|132096671|132097753|+|dn_5intron	717	254	442	1663
rodent|mouse|Dnajc8|ENSMUSG00000054405|4|132096671|132097753|+|dn_exon	748	263	438	891
rodent|mouse|Dnajc8|ENSMUSG00000054405|4|132096671|132097753|+|exon	1494	471	90	128
rodent|mouse|Dnajc8|ENSMUSG00000054405|4|132096671|132097753|+|up_5intron	507	345	713	2217
rodent|mouse|Dnajc8|ENSMUSG00000054405|4|132096671|132097753|+|up_exon	410	127	132	225
rodent|mouse|Dvl1|ENSMUSG00000029071|4|155228092|155228195|+|dn_3intron	684	163	107	60
rodent|mouse|Dvl1|ENSMUSG00000029071|4|155228092|155228195|+|dn_5intron	1009	335	25	18
rodent|mouse|Dvl1|ENSMUSG00000029071|4|155228092|155228195|+|dn_exon	224	75	43	52
rodent|mouse|Dvl1|ENSMUSG00000029071|4|155228092|155228195|+|exon	50	211	142	18
rodent|mouse|Dvl1|ENSMUSG00000029071|4|155228092|155228195|+|up_3intron	499	238	251	255
rodent|mouse|Dvl1|ENSMUSG00000029071|4|155228092|155228195|+|up_5intron	244	162	54	39
rodent|mouse|Dvl1|ENSMUSG00000029071|4|155228092|155228195|+|up_exon	79	79	58	16
rodent|mouse|Dvl1|ENSMUSG00000029071|4|155228840|155228909|+|up_3intron	230	206	290	120
rodent|mouse|Dvl1|ENSMUSG00000029071|4|155228995|155229134|+|dn_exon	491	186	219	70
rodent|mouse|Dvl1|ENSMUSG00000029071|4|155229576|155229728|+|dn_3intron	341	161	55	79
rodent|mouse|Dvl1|ENSMUSG00000029071|4|155229576|155229728|+|dn_5intron	513	255	202	107
rodent|mouse|Dvl1|ENSMUSG00000029071|4|155229576|155229728|+|dn_exon	431	157	36	24
rodent|mouse|Dvl1|ENSMUSG00000029071|4|155229576|155229728|+|exon	326	137	47	67
rodent|mouse|Dvl1|ENSMUSG00000029071|4|155229576|155229728|+|up_5intron	1117	402	357	113
rodent|mouse|Dvl1|ENSMUSG00000029071|4|155229576|155229728|+|up_exon	327	94	19	27
rodent|mouse|Dvl1|ENSMUSG00000029071|4|155231514|155231643|+|dn_3intron	667	491	446	745
rodent|mouse|Dvl1|ENSMUSG00000029071|4|155231514|155231643|+|dn_5intron	295	799	979	100
rodent|mouse|Dvl1|ENSMUSG00000029071|4|155231514|155231643|+|dn_exon	633	129	63	125
rodent|mouse|Dvl1|ENSMUSG00000029071|4|155231514|155231643|+|exon	746	153	162	226
rodent|mouse|Dvl1|ENSMUSG00000029071|4|155231514|155231643|+|up_3intron	169	52	114	30
rodent|mouse|Dvl1|ENSMUSG00000029071|4|155231514|155231643|+|up_5intron	357	337	170	88
rodent|mouse|Dvl1|ENSMUSG00000029071|4|155231514|155231643|+|up_exon	168	325	171	91
rodent|mouse|E4f1|ENSMUSG00000024137|17|24581721|24581919|-|dn_5intron	1016	278	448	156
rodent|mouse|E4f1|ENSMUSG00000024137|17|24581721|24581919|-|dn_exon	778	182	104	137
rodent|mouse|E4f1|ENSMUSG00000024137|17|24581721|24581919|-|exon	89	890	1470	170
rodent|mouse|E4f1|ENSMUSG00000024137|17|24581721|24581919|-|up_3intron	600	410	73	39
rodent|mouse|E4f1|ENSMUSG00000024137|17|24581721|24581919|-|up_exon	644	201	109	128
rodent|mouse|Edc4|ENSMUSG00000036270|8|108414422|108414579|+|dn_3intron	495	98	113	107
rodent|mouse|Edc4|ENSMUSG00000036270|8|108414422|108414579|+|dn_exon	186	96	104	53
rodent|mouse|Edc4|ENSMUSG00000036270|8|108414422|108414579|+|up_3intron	793	2766	4649	1087
rodent|mouse|Edc4|ENSMUSG00000036270|8|108414422|108414579|+|up_5intron	582	158	204	166
rodent|mouse|Edc4|ENSMUSG00000036270|8|108414422|108414579|+|up_exon	576	135	30	55
rodent|mouse|Ehf|ENSMUSG00000012350|2|103107124|103107350|-|dn_5intron	212	87	10	18
rodent|mouse|Ehf|ENSMUSG00000012350|2|103107124|103107350|-|dn_exon	665	254	486	1685
rodent|mouse|Ehf|ENSMUSG00000012350|2|103107124|103107350|-|exon	253	127	23	25
rodent|mouse|Ehf|ENSMUSG00000012350|2|103107124|103107350|-|up_3intron	2493	607	223	507
rodent|mouse|Ehf|ENSMUSG00000012350|2|103107124|103107350|-|up_5intron	397	199	215	179
rodent|mouse|Eif4e|ENSMUSG00000028156|3|138213227|138213290|+|dn_3intron	218	58	30	65
rodent|mouse|Eif4e|ENSMUSG00000028156|3|138213227|138213290|+|dn_5intron	267	136	60	154
rodent|mouse|Eif4e|ENSMUSG00000028156|3|138213227|138213290|+|dn_exon	201	117	152	149
rodent|mouse|Eif4e|ENSMUSG00000028156|3|138213227|138213290|+|exon	1018	175	183	982
rodent|mouse|Eif4e|ENSMUSG00000028156|3|138213227|138213290|+|up_3intron	775	146	294	626
rodent|mouse|Eif4e|ENSMUSG00000028156|3|138213227|138213290|+|up_5intron	705	148	94	205
rodent|mouse|Eif4e|ENSMUSG00000028156|3|138213227|138213290|+|up_exon	282	96	118	742
rodent|mouse|Eif4e|ENSMUSG00000028156|3|138213227|138213290|+|utr	378	313	529	344
rodent|mouse|Eif4g3|ENSMUSG00000028760|4|137643446|137643480|+|deep_dn	65	35	227	444
rodent|mouse|Eif4g3|ENSMUSG00000028760|4|137643446|137643480|+|deep_up	194	37	13	8
rodent|mouse|Eif4g3|ENSMUSG00000028760|4|137643446|137643480|+|up_3intron	2539	765	3394	5224
rodent|mouse|Eif4g3|ENSMUSG00000028760|4|137643446|137643480|+|up_5intron	239	58	46	8
rodent|mouse|Eif4g3|ENSMUSG00000028760|4|137643446|137643480|+|up_exon	2168	667	835	1295
rodent|mouse|Eif4g3|ENSMUSG00000028760|4|137651824|137651844|+|dn_3intron	327	104	283	503
rodent|mouse|Eif4g3|ENSMUSG00000028760|4|137651824|137651844|+|dn_5intron	252	268	476	280
rodent|mouse|Eif4g3|ENSMUSG00000028760|4|137651824|137651844|+|dn_exon	666	380	90	79
rodent|mouse|Elf1|ENSMUSG00000036461|14|79965207|79965379|+|dn_3intron	96	97	91	33
rodent|mouse|Elf1|ENSMUSG00000036461|14|79965207|79965379|+|dn_5intron	441	172	32	51
rodent|mouse|Elf1|ENSMUSG00000036461|14|79965207|79965379|+|dn_exon	502	142	18	39
rodent|mouse|Elf1|ENSMUSG00000036461|14|79965207|79965379|+|exon	341	83	30	41
rodent|mouse|Elf1|ENSMUSG00000036461|14|79965207|79965379|+|up_3intron	524	730	1165	2415
rodent|mouse|Elf1|ENSMUSG00000036461|14|79965207|79965379|+|up_5intron	437	140	284	129
rodent|mouse|Elf1|ENSMUSG00000036461|14|79965207|79965379|+|up_exon	307	69	161	292
rodent|mouse|Eml4|ENSMUSG00000032624|17|83824598|83824771|+|dn_3intron	882	261	331	976
rodent|mouse|Eml4|ENSMUSG00000032624|17|83824598|83824771|+|dn_5intron	226	53	56	67
rodent|mouse|Eml4|ENSMUSG00000032624|17|83824598|83824771|+|dn_exon	13	6	4	1
rodent|mouse|Eml4|ENSMUSG00000032624|17|83824598|83824771|+|exon	110	52	55	11
rodent|mouse|Eml4|ENSMUSG00000032624|17|83824598|83824771|+|up_3intron	421	98	302	910
rodent|mouse|Eml4|ENSMUSG00000032624|17|83824598|83824771|+|up_5intron	421	519	924	428
rodent|mouse|Eml4|ENSMUSG00000032624|17|83824598|83824771|+|up_exon	83	143	23	20
rodent|mouse|Enah|ENSMUSG00000022995|1|183861305|183861316|-|dn_3intron	263	48	195	387
rodent|mouse|Enah|ENSMUSG00000022995|1|183861305|183861316|-|dn_5intron	169	117	95	136
rodent|mouse|Enah|ENSMUSG00000022995|1|183861305|183861316|-|dn_exon	577	68	47	62
rodent|mouse|Enah|ENSMUSG00000022995|1|183861305|183861316|-|up_3intron	374	334	153	417
rodent|mouse|Enah|ENSMUSG00000022995|1|183861305|183861316|-|up_5intron	786	188	311	1580
rodent|mouse|Enah|ENSMUSG00000022995|1|183861305|183861316|-|up_exon	414	98	129	201
rodent|mouse|Eny2|ENSMUSG00000022338|15|44265310|44265855|+|dn_3intron	216	84	56	226
rodent|mouse|Eny2|ENSMUSG00000022338|15|44265310|44265855|+|dn_5intron	326	38	143	428
rodent|mouse|Eny2|ENSMUSG00000022338|15|44265310|44265855|+|dn_exon	150	120	120	259
rodent|mouse|Eny2|ENSMUSG00000022338|15|44265310|44265855|+|exon	67	3	8	15
rodent|mouse|Eny2|ENSMUSG00000022338|15|44265310|44265855|+|up_3intron	134	86	67	240
rodent|mouse|Eny2|ENSMUSG00000022338|15|44265310|44265855|+|up_5intron	311	54	95	760
rodent|mouse|Eny2|ENSMUSG00000022338|15|44265310|44265855|+|up_exon	181	86	88	107
rodent|mouse|Epb4.1l3|ENSMUSG00000024044|17|69619949|69620095|+|deep_dn	740	297	978	1012
rodent|mouse|Eps8|ENSMUSG00000015766|6|137487843|137487922|-|dn_3intron	782	238	274	456
rodent|mouse|Eps8|ENSMUSG00000015766|6|137487843|137487922|-|dn_5intron	377	1670	8425	657
rodent|mouse|Eps8|ENSMUSG00000015766|6|137487843|137487922|-|dn_exon	1119	304	131	369
rodent|mouse|Eps8|ENSMUSG00000015766|6|137487843|137487922|-|exon	897	465	437	201
rodent|mouse|Eps8|ENSMUSG00000015766|6|137487843|137487922|-|up_3intron	488	159	57	145
rodent|mouse|Eps8|ENSMUSG00000015766|6|137487843|137487922|-|up_5intron	583	143	90	370
rodent|mouse|Eps8|ENSMUSG00000015766|6|137487843|137487922|-|up_exon	174	311	441	2502
rodent|mouse|Ept1|ENSMUSG00000075703|5|30582505|30582886|+|dn_3intron	698	67	47	176
rodent|mouse|Ept1|ENSMUSG00000075703|5|30582505|30582886|+|dn_5intron	853	147	157	174
rodent|mouse|Ept1|ENSMUSG00000075703|5|30582505|30582886|+|exon	733	164	129	82
rodent|mouse|Ept1|ENSMUSG00000075703|5|30582505|30582886|+|up_3intron	89	47	47	55
rodent|mouse|Ept1|ENSMUSG00000075703|5|30582505|30582886|+|up_5intron	151	29	54	113
rodent|mouse|Ept1|ENSMUSG00000075703|5|30582505|30582886|+|up_exon	499	378	484	535
rodent|mouse|Eral1|ENSMUSG00000020832|11|77889224|77889336|-|dn_5intron	305	368	513	1355
rodent|mouse|Eral1|ENSMUSG00000020832|11|77889224|77889336|-|dn_exon	390	185	346	87
rodent|mouse|Eral1|ENSMUSG00000020832|11|77889224|77889336|-|up_3intron	294	65	93	44
rodent|mouse|Eral1|ENSMUSG00000020832|11|77889224|77889336|-|up_exon	291	211	247	515
rodent|mouse|Erbb4|ENSMUSG00000062209|1|68090482|68090529|-|dn_3intron	497	186	277	1449
rodent|mouse|Erbb4|ENSMUSG00000062209|1|68090482|68090529|-|dn_5intron	1253	436	319	907
rodent|mouse|Erbb4|ENSMUSG00000062209|1|68090482|68090529|-|dn_exon	739	117	57	107
rodent|mouse|Erbb4|ENSMUSG00000062209|1|68090482|68090529|-|exon	332	132	20	46
rodent|mouse|Erbb4|ENSMUSG00000062209|1|68090482|68090529|-|up_3intron	514	145	155	1292
rodent|mouse|Erbb4|ENSMUSG00000062209|1|68090482|68090529|-|up_5intron	310	102	229	379
rodent|mouse|Erbb4|ENSMUSG00000062209|1|68090482|68090529|-|up_exon	323	54	5	19
rodent|mouse|Exosc10|ENSMUSG00000017264|4|147953993|147954639|+|dn_3intron	892	243	121	38
rodent|mouse|Exosc10|ENSMUSG00000017264|4|147953993|147954639|+|dn_5intron	57	25	52	34
rodent|mouse|Exosc10|ENSMUSG00000017264|4|147953993|147954639|+|dn_exon	169	219	63	113
rodent|mouse|Exosc10|ENSMUSG00000017264|4|147953993|147954639|+|exon	808	157	51	77
rodent|mouse|Exosc10|ENSMUSG00000017264|4|147953993|147954639|+|up_3intron	469	115	75	125
rodent|mouse|Exosc10|ENSMUSG00000017264|4|147953993|147954639|+|up_5intron	128	464	397	191
rodent|mouse|Exosc10|ENSMUSG00000017264|4|147953993|147954639|+|up_exon	361	143	152	63
rodent|mouse|Fam135a|ENSMUSG00000026153|1|24031514|24032772|-|dn_3intron	390	40	52	405
rodent|mouse|Fam135a|ENSMUSG00000026153|1|24031514|24032772|-|dn_5intron	184	53	21	158
rodent|mouse|Fam135a|ENSMUSG00000026153|1|24031514|24032772|-|dn_exon	311	58	38	38
rodent|mouse|Fam135a|ENSMUSG00000026153|1|24033347|24033618|-|up_3intron	828	313	137	412
rodent|mouse|Fam135a|ENSMUSG00000026153|1|24033347|24033618|-|up_5intron	424	106	175	242
rodent|mouse|Fam135a|ENSMUSG00000026153|1|24033347|24033618|-|up_exon	494	105	130	154
rodent|mouse|Fam135a|ENSMUSG00000026153|1|24033347|24033618|-|utr	1803	437	928	2762
rodent|mouse|Fam171a1|ENSMUSG00000050530|2|3119817|3119993|+|deep_dn	790	314	201	431
rodent|mouse|Fam171a1|ENSMUSG00000050530|2|3119817|3119993|+|deep_up	1046	803	749	438
rodent|mouse|Fam171a1|ENSMUSG00000050530|2|3119817|3119993|+|dn_3intron	656	176	660	629
rodent|mouse|Fam171a1|ENSMUSG00000050530|2|3119817|3119993|+|dn_5intron	188	120	102	145
rodent|mouse|Fam171a1|ENSMUSG00000050530|2|3119817|3119993|+|exon	119	175	56	196
rodent|mouse|Fam171a1|ENSMUSG00000050530|2|3119817|3119993|+|up_3intron	14	137	67	27
rodent|mouse|Fam171a1|ENSMUSG00000050530|2|3119817|3119993|+|up_5intron	85	42	83	17
rodent|mouse|Fam171a1|ENSMUSG00000050530|2|3140575|3140856|+|dn_3intron	749	92	85	478
rodent|mouse|Fam171a1|ENSMUSG00000050530|2|3140575|3140856|+|dn_5intron	782	286	709	2443
rodent|mouse|Fam171a1|ENSMUSG00000050530|2|3140575|3140856|+|dn_exon	68	31	54	49
rodent|mouse|Fam171a1|ENSMUSG00000050530|2|3140575|3140856|+|exon	684	59	8	24
rodent|mouse|Fam171a1|ENSMUSG00000050530|2|3140575|3140856|+|up_3intron	143	72	91	98
rodent|mouse|Fam171a1|ENSMUSG00000050530|2|3140575|3140856|+|up_5intron	221	211	430	552
rodent|mouse|Fam173a|ENSMUSG00000057411|17|25928517|25928621|-|dn_5intron	536	318	21	7
rodent|mouse|Fam173a|ENSMUSG00000057411|17|25928517|25928621|-|dn_exon	415	32172	24396	3221
rodent|mouse|Fam173a|ENSMUSG00000057411|17|25928517|25928621|-|up_3intron	294	119	88	39
rodent|mouse|Fam173a|ENSMUSG00000057411|17|25928517|25928621|-|up_exon	516	141	205	92
rodent|mouse|Fam188b|ENSMUSG00000038022|6|55213770|55214060|+|dn_3intron	384	276	687	91
rodent|mouse|Fam188b|ENSMUSG00000038022|6|55213770|55214060|+|dn_5intron	345	155	246	349
rodent|mouse|Fam188b|ENSMUSG00000038022|6|55213770|55214060|+|dn_exon	432	224	91	184
rodent|mouse|Fam188b|ENSMUSG00000038022|6|55213770|55214060|+|exon	287	56	16	12
rodent|mouse|Fam188b|ENSMUSG00000038022|6|55213770|55214060|+|up_3intron	111	84	75	24
rodent|mouse|Fam188b|ENSMUSG00000038022|6|55213770|55214060|+|up_5intron	754	235	417	138
rodent|mouse|Fam188b|ENSMUSG00000038022|6|55213770|55214060|+|up_exon	696	131	45	46
rodent|mouse|Fbxw5|ENSMUSG00000015095|2|25358377|25358565|+|dn_5intron	452	233	59	75
rodent|mouse|Fbxw5|ENSMUSG00000015095|2|25358377|25358565|+|dn_exon	1161	429	113	167
rodent|mouse|Fbxw5|ENSMUSG00000015095|2|25358377|25358565|+|exon	24	23	12	6
rodent|mouse|Fbxw5|ENSMUSG00000015095|2|25358377|25358565|+|up_3intron	514	132	138	455
rodent|mouse|Fbxw5|ENSMUSG00000015095|2|25358377|25358565|+|up_5intron	287	106	111	85
rodent|mouse|Fbxw5|ENSMUSG00000015095|2|25358377|25358565|+|up_exon	330	484	921	566
rodent|mouse|G3bp1|ENSMUSG00000018583|11|55312060|55312169|+|dn_3intron	397	624	443	243
rodent|mouse|G3bp1|ENSMUSG00000018583|11|55312060|55312169|+|dn_5intron	236	1255	3894	1131
rodent|mouse|G3bp1|ENSMUSG00000018583|11|55312060|55312169|+|dn_exon	12	47	28	23
rodent|mouse|G3bp1|ENSMUSG00000018583|11|55312060|55312169|+|exon	413	330	406	1899
rodent|mouse|G3bp1|ENSMUSG00000018583|11|55312060|55312169|+|up_3intron	221	1080	6930	2469
rodent|mouse|G3bp1|ENSMUSG00000018583|11|55312060|55312169|+|up_5intron	1043	246	140	188
rodent|mouse|G3bp1|ENSMUSG00000018583|11|55312060|55312169|+|up_exon	735	135	122	132
rodent|mouse|Galnt7|ENSMUSG00000031608|8|60021305|60021491|-|dn_3intron	809	235	99	110
rodent|mouse|Galnt7|ENSMUSG00000031608|8|60021305|60021491|-|dn_5intron	292	253	192	155
rodent|mouse|Galnt7|ENSMUSG00000031608|8|60021305|60021491|-|dn_exon	268	126	70	81
rodent|mouse|Galnt7|ENSMUSG00000031608|8|60021305|60021491|-|exon	347	8296	2436	193
rodent|mouse|Galnt7|ENSMUSG00000031608|8|60021305|60021491|-|up_exon	90	92	39	23
rodent|mouse|Gatsl3|ENSMUSG00000020424|11|4120378|4120510|+|dn_3intron	399	247	250	257
rodent|mouse|Gatsl3|ENSMUSG00000020424|11|4120378|4120510|+|dn_exon	900	395	193	228
rodent|mouse|Gatsl3|ENSMUSG00000020424|11|4120378|4120510|+|exon	435	276	35	39
rodent|mouse|Gatsl3|ENSMUSG00000020424|11|4120378|4120510|+|up_5intron	1249	345	581	483
rodent|mouse|Gatsl3|ENSMUSG00000020424|11|4120378|4120510|+|up_exon	184	44	205	121
rodent|mouse|Gcap14|ENSMUSG00000058690|14|37709441|37709530|-|dn_5intron	456	85	98	262
rodent|mouse|Gcap14|ENSMUSG00000058690|14|37711350|37711436|-|up_3intron	240	52	74	178
rodent|mouse|Gcap14|ENSMUSG00000058690|14|37711350|37711436|-|up_5intron	101	38	33	54
rodent|mouse|Gcap14|ENSMUSG00000058690|14|37711350|37711436|-|up_exon	449	89381	11415	897
rodent|mouse|Gnl2|ENSMUSG00000028869|4|124714766|124714905|+|deep_dn	656	372	3982	1563
rodent|mouse|Gnl2|ENSMUSG00000028869|4|124714766|124714905|+|deep_up	27	27	216	109
rodent|mouse|Gnl2|ENSMUSG00000028869|4|124714766|124714905|+|dn_3intron	1433	275	750	2726
rodent|mouse|Gnl2|ENSMUSG00000028869|4|124714766|124714905|+|dn_5intron	354	89	89	63
rodent|mouse|Gnl2|ENSMUSG00000028869|4|124714766|124714905|+|dn_exon	409	157	124	281
rodent|mouse|Gnl2|ENSMUSG00000028869|4|124714766|124714905|+|exon	598	72	194	238
rodent|mouse|Gnl2|ENSMUSG00000028869|4|124714766|124714905|+|up_3intron	611	173	301	525
rodent|mouse|Gnl2|ENSMUSG00000028869|4|124714766|124714905|+|up_5intron	263	86	45	35
rodent|mouse|Gnl2|ENSMUSG00000028869|4|124714766|124714905|+|up_exon	481	100	54	107
rodent|mouse|Golga1|ENSMUSG00000026754|2|38874363|38874761|-|dn_3intron	755	315	188	801
rodent|mouse|Golga1|ENSMUSG00000026754|2|38874363|38874761|-|dn_5intron	716	155	108	73
rodent|mouse|Golga1|ENSMUSG00000026754|2|38874363|38874761|-|dn_exon	256	163	41	35
rodent|mouse|Golga1|ENSMUSG00000026754|2|38874363|38874761|-|exon	186	10	2	6
rodent|mouse|Golga1|ENSMUSG00000026754|2|38874363|38874761|-|up_3intron	459	263	553	465
rodent|mouse|Golga1|ENSMUSG00000026754|2|38874363|38874761|-|up_5intron	137	319	288	183
rodent|mouse|Golga1|ENSMUSG00000026754|2|38874363|38874761|-|up_exon	214	83	32	17
rodent|mouse|Got1|ENSMUSG00000025190|19|43579266|43579807|-|dn_5intron	470	353	212	202
rodent|mouse|Got1|ENSMUSG00000025190|19|43579266|43579807|-|dn_exon	534	206	81	33
rodent|mouse|Got1|ENSMUSG00000025190|19|43579266|43579807|-|exon	80	26	35	17
rodent|mouse|Got1|ENSMUSG00000025190|19|43579266|43579807|-|up_3intron	36	44	46	2
rodent|mouse|Got1|ENSMUSG00000025190|19|43579266|43579807|-|up_5intron	382	67	48	122
rodent|mouse|Got1|ENSMUSG00000025190|19|43579266|43579807|-|up_exon	161	171	186	113
rodent|mouse|Gpbp1|ENSMUSG00000032745|13|112243232|112243455|-|dn_3intron	198	156	493	990
rodent|mouse|Gpbp1|ENSMUSG00000032745|13|112243232|112243455|-|dn_5intron	569	106	35	93
rodent|mouse|Gpbp1|ENSMUSG00000032745|13|112243232|112243455|-|dn_exon	250	56	234	353
rodent|mouse|Gpbp1|ENSMUSG00000032745|13|112243232|112243455|-|exon	365	120	64	62
rodent|mouse|Gpbp1|ENSMUSG00000032745|13|112243232|112243455|-|up_5intron	384	504	2707	1344
rodent|mouse|Gpn3|ENSMUSG00000029464|5|122831407|122831503|+|up_5intron	335	325	139	44
rodent|mouse|Gpn3|ENSMUSG00000029464|5|122831407|122831503|+|up_exon	824	182	22	20
rodent|mouse|Gpr180|ENSMUSG00000022131|14|118553099|118553754|+|dn_3intron	575	116	175	480
rodent|mouse|Gpr180|ENSMUSG00000022131|14|118553099|118553754|+|dn_5intron	329	45	13	12
rodent|mouse|Gpr180|ENSMUSG00000022131|14|118553099|118553754|+|dn_exon	714	183	168	643
rodent|mouse|Gpr180|ENSMUSG00000022131|14|118553099|118553754|+|exon	394	84	88	190
rodent|mouse|Gpr180|ENSMUSG00000022131|14|118553099|118553754|+|up_5intron	568	322	182	502
rodent|mouse|Gpr180|ENSMUSG00000022131|14|118553099|118553754|+|up_exon	680	399	1175	1068
rodent|mouse|Gpsm1|ENSMUSG00000026930|2|26195925|26197950|+|dn_3intron	252	92	69	70
rodent|mouse|Gpsm1|ENSMUSG00000026930|2|26195925|26197950|+|dn_5intron	284	41	87	64
rodent|mouse|Gpsm1|ENSMUSG00000026930|2|26195925|26197950|+|dn_exon	68	72	68	54
rodent|mouse|Gpsm1|ENSMUSG00000026930|2|26195925|26197950|+|exon	341	270	207	147
rodent|mouse|Gpsm1|ENSMUSG00000026930|2|26195925|26197950|+|up_3intron	267	101	164	180
rodent|mouse|Gpsm1|ENSMUSG00000026930|2|26195925|26197950|+|up_5intron	688	156	77	87
rodent|mouse|Gpsm1|ENSMUSG00000026930|2|26195925|26197950|+|up_exon	289	219	35	74
rodent|mouse|Grap|ENSMUSG00000004837|11|61483246|61483506|+|dn_5intron	109	77	68	179
rodent|mouse|Grap|ENSMUSG00000004837|11|61483246|61483506|+|exon	575	191	75	45
rodent|mouse|Grap|ENSMUSG00000004837|11|61483246|61483506|+|up_3intron	566	178	289	511
rodent|mouse|Grap|ENSMUSG00000004837|11|61483246|61483506|+|up_5intron	32	21	64	14
rodent|mouse|Grap|ENSMUSG00000004837|11|61483246|61483506|+|up_exon	39	148	26	32
rodent|mouse|Gsn|ENSMUSG00000026879|2|35160101|35160178|+|dn_3intron	304	169	130	230
rodent|mouse|Gsn|ENSMUSG00000026879|2|35160101|35160178|+|dn_5intron	56	32	44	14
rodent|mouse|Gsn|ENSMUSG00000026879|2|35160101|35160178|+|dn_exon	292	89	36	22
rodent|mouse|Gsn|ENSMUSG00000026879|2|35160101|35160178|+|exon	42	107	28	12
rodent|mouse|Gsn|ENSMUSG00000026879|2|35160101|35160178|+|up_3intron	576	171	56	79
rodent|mouse|Gsn|ENSMUSG00000026879|2|35160101|35160178|+|up_exon	340	102	41	65
rodent|mouse|Hace1|ENSMUSG00000038822|10|45357777|45358209|+|deep_dn	148	9	25	71
rodent|mouse|Hace1|ENSMUSG00000038822|10|45357777|45358209|+|deep_up	954	23766	15402	1154
rodent|mouse|Hace1|ENSMUSG00000038822|10|45357777|45358209|+|dn_3intron	228	50	34	150
rodent|mouse|Hace1|ENSMUSG00000038822|10|45357777|45358209|+|dn_5intron	144	17	39	497
rodent|mouse|Hace1|ENSMUSG00000038822|10|45357777|45358209|+|dn_exon	382	126	7	13
rodent|mouse|Hace1|ENSMUSG00000038822|10|45357777|45358209|+|exon	645	109	138	469
rodent|mouse|Hace1|ENSMUSG00000038822|10|45357777|45358209|+|up_3intron	187	27	23	83
rodent|mouse|Hace1|ENSMUSG00000038822|10|45357777|45358209|+|up_5intron	263	3806	3899	907
rodent|mouse|Hace1|ENSMUSG00000038822|10|45357777|45358209|+|up_exon	195	76	78	314
rodent|mouse|Hbp1|ENSMUSG00000002996|12|32614345|32616418|-|dn_3intron	101	173	253	125
rodent|mouse|Hbp1|ENSMUSG00000002996|12|32614345|32616418|-|dn_5intron	456	83	53	155
rodent|mouse|Hbp1|ENSMUSG00000002996|12|32614345|32616418|-|dn_exon	145	108	69	24
rodent|mouse|Hbp1|ENSMUSG00000002996|12|32614345|32616418|-|exon	144	78	70	154
rodent|mouse|Hbp1|ENSMUSG00000002996|12|32614345|32616418|-|up_3intron	249	28	47	45
rodent|mouse|Hbp1|ENSMUSG00000002996|12|32614345|32616418|-|up_5intron	280	116	108	77
rodent|mouse|Hbp1|ENSMUSG00000002996|12|32614345|32616418|-|up_exon	1785	268	183	319
rodent|mouse|Hdac3|ENSMUSG00000024454|18|38103332|38103581|-|dn_3intron	327	96	93	93
rodent|mouse|Hdac3|ENSMUSG00000024454|18|38103332|38103581|-|dn_exon	853	569	739	1072
rodent|mouse|Hdac3|ENSMUSG00000024454|18|38105348|38105429|-|up_3intron	51	10	89	4
rodent|mouse|Hdac3|ENSMUSG00000024454|18|38105348|38105429|-|up_5intron	589	132	172	217
rodent|mouse|Hdac3|ENSMUSG00000024454|18|38105348|38105429|-|up_exon	576	508	626	505
rodent|mouse|Herc2|ENSMUSG00000030451|7|63457471|63457592|+|dn_3intron	1010	336	1562	2037
rodent|mouse|Herc2|ENSMUSG00000030451|7|63457471|63457592|+|dn_5intron	338	102	135	191
rodent|mouse|Herc2|ENSMUSG00000030451|7|63457471|63457592|+|dn_exon	846	214	836	1025
rodent|mouse|Herc2|ENSMUSG00000030451|7|63457471|63457592|+|exon	288	108	78	96
rodent|mouse|Herc2|ENSMUSG00000030451|7|63457471|63457592|+|up_3intron	588	257	253	821
rodent|mouse|Herc2|ENSMUSG00000030451|7|63457471|63457592|+|up_5intron	227	57	27	2
rodent|mouse|Herc2|ENSMUSG00000030451|7|63457471|63457592|+|up_exon	478	260	133	122
rodent|mouse|Hibch|ENSMUSG00000041426|1|52968849|52970694|+|deep_dn	324	101	42	24
rodent|mouse|Hibch|ENSMUSG00000041426|1|52968849|52970694|+|deep_up	201	34	10	28
rodent|mouse|Hibch|ENSMUSG00000041426|1|52968849|52970694|+|dn_3intron	200	28	71	53
rodent|mouse|Hibch|ENSMUSG00000041426|1|52968849|52970694|+|dn_5intron	75	7	4	10
rodent|mouse|Hibch|ENSMUSG00000041426|1|52968849|52970694|+|dn_exon	133	742	773	197
rodent|mouse|Hibch|ENSMUSG00000041426|1|52968849|52970694|+|exon	336	83	55	57
rodent|mouse|Hibch|ENSMUSG00000041426|1|52968849|52970694|+|up_3intron	365	112	116	118
rodent|mouse|Hibch|ENSMUSG00000041426|1|52968849|52970694|+|up_5intron	871	268	31	64
rodent|mouse|Hibch|ENSMUSG00000041426|1|52968849|52970694|+|up_exon	99	96	24	46
rodent|mouse|Ifnar1|ENSMUSG00000022967|16|91492748|91493054|+|dn_3intron	265	200	104	124
rodent|mouse|Ifnar1|ENSMUSG00000022967|16|91492748|91493054|+|dn_5intron	372	250	77	97
rodent|mouse|Ifnar1|ENSMUSG00000022967|16|91492748|91493054|+|dn_exon	354	95	153	599
rodent|mouse|Ifnar1|ENSMUSG00000022967|16|91492748|91493054|+|exon	134	45	71	121
rodent|mouse|Ifnar1|ENSMUSG00000022967|16|91492748|91493054|+|up_3intron	352	98	95	115
rodent|mouse|Ifnar1|ENSMUSG00000022967|16|91492748|91493054|+|up_5intron	154	18	18	29
rodent|mouse|Ifnar1|ENSMUSG00000022967|16|91492748|91493054|+|up_exon	295	145	28	28
rodent|mouse|Ilk|ENSMUSG00000030890|7|112889888|112890053|+|up_3intron	105	284	267	191
rodent|mouse|Insig2|ENSMUSG00000003721|1|123203655|123203895|-|dn_5intron	686	269	508	706
rodent|mouse|Insig2|ENSMUSG00000003721|1|123203655|123203895|-|dn_exon	565	209	70	158
rodent|mouse|Insig2|ENSMUSG00000003721|1|123203655|123203895|-|exon	2438	776	580	1776
rodent|mouse|Insig2|ENSMUSG00000003721|1|123203655|123203895|-|up_3intron	526	172	178	526
rodent|mouse|Insig2|ENSMUSG00000003721|1|123203655|123203895|-|up_5intron	512	198	163	148
rodent|mouse|Insig2|ENSMUSG00000003721|1|123203655|123203895|-|up_exon	550	108	34	44
rodent|mouse|Ints8|ENSMUSG00000040738|4|11139029|11139079|-|dn_3intron	243	69	32	49
rodent|mouse|Ints8|ENSMUSG00000040738|4|11139029|11139079|-|dn_5intron	1240	129	163	328
rodent|mouse|Ints8|ENSMUSG00000040738|4|11139029|11139079|-|dn_exon	135	3	3	11
rodent|mouse|Ints8|ENSMUSG00000040738|4|11139029|11139079|-|exon	651	261	1562	2107
rodent|mouse|Ints8|ENSMUSG00000040738|4|11139029|11139079|-|up_3intron	946	197	74	159
rodent|mouse|Ints8|ENSMUSG00000040738|4|11139029|11139079|-|up_5intron	981	205	156	419
rodent|mouse|Ints8|ENSMUSG00000040738|4|11139029|11139079|-|up_exon	455	173	131	100
rodent|mouse|Ip6k1|ENSMUSG00000032594|9|107947577|107947644|+|dn_3intron	119	510	1548	199
rodent|mouse|Ip6k1|ENSMUSG00000032594|9|107947577|107947644|+|dn_exon	915	325	224	438
rodent|mouse|Ip6k1|ENSMUSG00000032594|9|107947577|107947644|+|exon	1115	191	107	52
rodent|mouse|Ip6k1|ENSMUSG00000032594|9|107947577|107947644|+|up_3intron	570	139	122	56
rodent|mouse|Ip6k1|ENSMUSG00000032594|9|107947577|107947644|+|up_5intron	244	336	175	281
rodent|mouse|Ip6k1|ENSMUSG00000032594|9|107947577|107947644|+|up_exon	575	357	234	268
rodent|mouse|Itgb1bp2|ENSMUSG00000031312|X|98648164|98648229|+|dn_3intron	702	367	410	1242
rodent|mouse|Itgb1bp2|ENSMUSG00000031312|X|98648164|98648229|+|dn_5intron	209	57	109	52
rodent|mouse|Itgb1bp2|ENSMUSG00000031312|X|98648164|98648229|+|dn_exon	92	22	72	132
rodent|mouse|Itgb1bp2|ENSMUSG00000031312|X|98648164|98648229|+|exon	520	106	70	90
rodent|mouse|Itgb1bp2|ENSMUSG00000031312|X|98648164|98648229|+|up_3intron	337	246	58	16
rodent|mouse|Itgb1bp2|ENSMUSG00000031312|X|98648164|98648229|+|up_5intron	11	257	208	44
rodent|mouse|Itgb1bp2|ENSMUSG00000031312|X|98648164|98648229|+|up_exon	138	337	541	283
rodent|mouse|Ivns1abp|ENSMUSG00000023150|1|153201764|153201889|+|dn_3intron	187	32	11	28
rodent|mouse|Ivns1abp|ENSMUSG00000023150|1|153201764|153201889|+|dn_5intron	214	32	19	62
rodent|mouse|Ivns1abp|ENSMUSG00000023150|1|153201764|153201889|+|dn_exon	533	151	26	16
rodent|mouse|Ivns1abp|ENSMUSG00000023150|1|153201764|153201889|+|exon	328	136	199	398
rodent|mouse|Ivns1abp|ENSMUSG00000023150|1|153201764|153201889|+|up_3intron	707	173	249	162
rodent|mouse|Ivns1abp|ENSMUSG00000023150|1|153201764|153201889|+|up_5intron	546	180	176	564
rodent|mouse|Ivns1abp|ENSMUSG00000023150|1|153201764|153201889|+|up_exon	237	77	369	627
rodent|mouse|Jag1|ENSMUSG00000027276|2|136910658|136910891|-|dn_3intron	259	78	32	29
rodent|mouse|Jag1|ENSMUSG00000027276|2|136910658|136910891|-|dn_5intron	743	329	539	603
rodent|mouse|Jag1|ENSMUSG00000027276|2|136910658|136910891|-|dn_exon	219	84	182	344
rodent|mouse|Jag1|ENSMUSG00000027276|2|136910658|136910891|-|exon	357	263	125	441
rodent|mouse|Jag1|ENSMUSG00000027276|2|136910658|136910891|-|up_5intron	308	179	46	115
rodent|mouse|Jag1|ENSMUSG00000027276|2|136910658|136910891|-|up_exon	128	114	225	158
rodent|mouse|Jmjd1c|ENSMUSG00000037876|10|66679632|66679855|+|dn_3intron	172	25	96	327
rodent|mouse|Jmjd1c|ENSMUSG00000037876|10|66679632|66679855|+|dn_5intron	467	218	70	200
rodent|mouse|Jmjd1c|ENSMUSG00000037876|10|66679632|66679855|+|dn_exon	792	232	116	125
rodent|mouse|Jmjd1c|ENSMUSG00000037876|10|66679632|66679855|+|exon	130	82	850	543
rodent|mouse|Jmjd1c|ENSMUSG00000037876|10|66679632|66679855|+|up_3intron	1150	295	1205	2961
rodent|mouse|Jmjd1c|ENSMUSG00000037876|10|66679632|66679855|+|up_5intron	446	235	404	893
rodent|mouse|Jmjd1c|ENSMUSG00000037876|10|66679632|66679855|+|up_exon	305	90	108	276
rodent|mouse|Kank3|ENSMUSG00000042099|17|33956557|33957683|+|dn_3intron	114	276	547	706
rodent|mouse|Kank3|ENSMUSG00000042099|17|33956557|33957683|+|dn_5intron	1030	257	128	329
rodent|mouse|Kank3|ENSMUSG00000042099|17|33956557|33957683|+|dn_exon	496	171	273	685
rodent|mouse|Kank3|ENSMUSG00000042099|17|33956557|33957683|+|exon	664	300	197	579
rodent|mouse|Kank3|ENSMUSG00000042099|17|33956557|33957683|+|up_5intron	347	139	76	34
rodent|mouse|Kank3|ENSMUSG00000042099|17|33956557|33957683|+|up_exon	523	118	98	85
rodent|mouse|Kat2b|ENSMUSG00000000708|17|53799127|53799499|+|dn_3intron	91	125	10	8
rodent|mouse|Kat2b|ENSMUSG00000000708|17|53799127|53799499|+|dn_5intron	1011	406	380	231
rodent|mouse|Kat2b|ENSMUSG00000000708|17|53799127|53799499|+|dn_exon	3197	1224	2895	744
rodent|mouse|Kat2b|ENSMUSG00000000708|17|53799127|53799499|+|exon	679	114	110	175
rodent|mouse|Kat2b|ENSMUSG00000000708|17|53799127|53799499|+|up_3intron	384	209	440	1631
rodent|mouse|Kat2b|ENSMUSG00000000708|17|53799127|53799499|+|up_5intron	153	145	371	710
rodent|mouse|Kat2b|ENSMUSG00000000708|17|53799127|53799499|+|up_exon	348	200	236	429
rodent|mouse|Kctd9|ENSMUSG00000034327|14|68352198|68352945|+|dn_3intron	429	539	1515	741
rodent|mouse|Kctd9|ENSMUSG00000034327|14|68352198|68352945|+|dn_5intron	103	18	98	501
rodent|mouse|Kctd9|ENSMUSG00000034327|14|68352198|68352945|+|dn_exon	853	238	88	147
rodent|mouse|Kctd9|ENSMUSG00000034327|14|68352198|68352945|+|exon	234	147	54	73
rodent|mouse|Kctd9|ENSMUSG00000034327|14|68352198|68352945|+|up_3intron	415	188	50	95
rodent|mouse|Kctd9|ENSMUSG00000034327|14|68352198|68352945|+|up_5intron	694	352	988	1956
rodent|mouse|Kctd9|ENSMUSG00000034327|14|68352198|68352945|+|up_exon	454	142	24	50
rodent|mouse|Kif21a|ENSMUSG00000022629|15|90783142|90783249|-|up_3intron	16	6	6	7
rodent|mouse|Kif21a|ENSMUSG00000022629|15|90783142|90783249|-|up_5intron	552	92	71	19
rodent|mouse|Kif21a|ENSMUSG00000022629|15|90783142|90783249|-|up_exon	269	35	30	123
rodent|mouse|Larp4b|ENSMUSG00000033499|13|9157797|9158048|+|dn_3intron	405	134	75	167
rodent|mouse|Larp4b|ENSMUSG00000033499|13|9157797|9158048|+|dn_5intron	242	33	26	16
rodent|mouse|Larp4b|ENSMUSG00000033499|13|9157797|9158048|+|dn_exon	444	294	1433	698
rodent|mouse|Larp4b|ENSMUSG00000033499|13|9157797|9158048|+|exon	269	89	33	37
rodent|mouse|Larp4b|ENSMUSG00000033499|13|9157797|9158048|+|up_3intron	252	1307	3029	1084
rodent|mouse|Larp4b|ENSMUSG00000033499|13|9157797|9158048|+|up_5intron	531	120	5	35
rodent|mouse|Larp4b|ENSMUSG00000033499|13|9157797|9158048|+|up_exon	238	100	23	22
rodent|mouse|Larp4b|ENSMUSG00000033499|13|9157797|9158048|+|utr	716	224	237	171
rodent|mouse|Lemd2|ENSMUSG00000044857|17|27331019|27333049|-|dn_3intron	569	93	102	328
rodent|mouse|Lemd2|ENSMUSG00000044857|17|27331019|27333049|-|dn_5intron	799	342	663	689
rodent|mouse|Lemd2|ENSMUSG00000044857|17|27331019|27333049|-|dn_exon	222	96	58	9
rodent|mouse|Lemd2|ENSMUSG00000044857|17|27331019|27333049|-|exon	615	223	197	134
rodent|mouse|Lemd2|ENSMUSG00000044857|17|27331019|27333049|-|up_3intron	141	465	1614	756
rodent|mouse|Lemd2|ENSMUSG00000044857|17|27331019|27333049|-|up_5intron	612	463	390	306
rodent|mouse|Lemd2|ENSMUSG00000044857|17|27331019|27333049|-|up_exon	14	1	8	9
rodent|mouse|Lrmp|ENSMUSG00000030263|6|145116489|145116636|+|dn_3intron	927	273	515	1195
rodent|mouse|Lrmp|ENSMUSG00000030263|6|145116489|145116636|+|dn_5intron	518	145	21	66
rodent|mouse|Lrmp|ENSMUSG00000030263|6|145116489|145116636|+|dn_exon	642	151	163	431
rodent|mouse|Lrmp|ENSMUSG00000030263|6|145116489|145116636|+|exon	11	28	25	31
rodent|mouse|Lrmp|ENSMUSG00000030263|6|145116489|145116636|+|up_3intron	432	116	143	279
rodent|mouse|Lrmp|ENSMUSG00000030263|6|145116489|145116636|+|up_5intron	182	63	77	92
rodent|mouse|Lrmp|ENSMUSG00000030263|6|145116489|145116636|+|up_exon	382	122	38	35
rodent|mouse|Lrmp|ENSMUSG00000030263|6|145120173|145120224|+|dn_3intron	102	34	77	36
rodent|mouse|Lrmp|ENSMUSG00000030263|6|145120173|145120224|+|dn_5intron	1566	206	55	40
rodent|mouse|Lrmp|ENSMUSG00000030263|6|145120173|145120224|+|dn_exon	512	84	72	77
rodent|mouse|Lrmp|ENSMUSG00000030263|6|145120173|145120224|+|exon	202	317	280	306
rodent|mouse|Lrmp|ENSMUSG00000030263|6|145120173|145120224|+|up_exon	215	78	58	29
rodent|mouse|Lrrc16a|ENSMUSG00000021338|13|24141512|24141529|-|deep_dn	822	317	345	1891
rodent|mouse|Lrrc16a|ENSMUSG00000021338|13|24141512|24141529|-|deep_up	461	111	94	103
rodent|mouse|Lrrc16a|ENSMUSG00000021338|13|24141512|24141529|-|dn_3intron	1602	599	231	411
rodent|mouse|Lrrc16a|ENSMUSG00000021338|13|24141512|24141529|-|dn_5intron	180	460	120	273
rodent|mouse|Lrrc16a|ENSMUSG00000021338|13|24141512|24141529|-|dn_exon	516	265	87	177
rodent|mouse|Lrrc16a|ENSMUSG00000021338|13|24141512|24141529|-|exon	235	315	168	281
rodent|mouse|Lrrc16a|ENSMUSG00000021338|13|24141512|24141529|-|up_3intron	2026	812	2529	6016
rodent|mouse|Lrrc16a|ENSMUSG00000021338|13|24141512|24141529|-|up_5intron	184	70	25	47
rodent|mouse|Lrrc16a|ENSMUSG00000021338|13|24141512|24141529|-|up_exon	344	51	89	153
rodent|mouse|Lrrc16a|ENSMUSG00000021338|13|24193941|24193952|-|deep_dn	307	181	44	77
rodent|mouse|Lrrc16a|ENSMUSG00000021338|13|24193941|24193952|-|deep_up	300	139	65	46
rodent|mouse|Lrrc16a|ENSMUSG00000021338|13|24193941|24193952|-|dn_3intron	556	135	73	112
rodent|mouse|Lrrc16a|ENSMUSG00000021338|13|24193941|24193952|-|dn_5intron	374	82	32	47
rodent|mouse|Lrrc16a|ENSMUSG00000021338|13|24193941|24193952|-|dn_exon	836	126	147	175
rodent|mouse|Lrrc16a|ENSMUSG00000021338|13|24193941|24193952|-|up_3intron	809	294	1198	4090
rodent|mouse|Lrrc16a|ENSMUSG00000021338|13|24193941|24193952|-|up_5intron	148	23	22	38
rodent|mouse|Lrrc16a|ENSMUSG00000021338|13|24193941|24193952|-|up_exon	395	310	219	99
rodent|mouse|Lrrc16a|ENSMUSG00000021338|13|24193941|24193952|-|utr	150	52	47	130
rodent|mouse|Man1a2|ENSMUSG00000008763|3|100448464|100448544|-|dn_3intron	395	606	3701	1111
rodent|mouse|Man1a2|ENSMUSG00000008763|3|100448464|100448544|-|dn_5intron	326	109	597	1326
rodent|mouse|Man1a2|ENSMUSG00000008763|3|100448464|100448544|-|dn_exon	626	172	161	564
rodent|mouse|Man1a2|ENSMUSG00000008763|3|100448464|100448544|-|exon	463	147	212	183
rodent|mouse|Man1a2|ENSMUSG00000008763|3|100448464|100448544|-|up_3intron	205	71	153	152
rodent|mouse|Man1a2|ENSMUSG00000008763|3|100448464|100448544|-|up_5intron	410	79	96	122
rodent|mouse|Man1a2|ENSMUSG00000008763|3|100448464|100448544|-|up_exon	502	87	91	112
rodent|mouse|Map2k5|ENSMUSG00000058444|9|63205800|63205867|-|deep_dn	276	71	132	262
rodent|mouse|Map2k5|ENSMUSG00000058444|9|63205800|63205867|-|deep_up	26	2	14	5
rodent|mouse|Map2k5|ENSMUSG00000058444|9|63205800|63205867|-|dn_3intron	329	171	38	77
rodent|mouse|Map2k5|ENSMUSG00000058444|9|63205800|63205867|-|dn_5intron	375	77	52	606
rodent|mouse|Map2k5|ENSMUSG00000058444|9|63205800|63205867|-|dn_exon	250	15	18	15
rodent|mouse|Map2k5|ENSMUSG00000058444|9|63205800|63205867|-|exon	201	111	107	122
rodent|mouse|Map2k5|ENSMUSG00000058444|9|63205800|63205867|-|up_3intron	98	31	43	14
rodent|mouse|Map2k5|ENSMUSG00000058444|9|63205800|63205867|-|up_5intron	428	84	44	35
rodent|mouse|Map2k5|ENSMUSG00000058444|9|63205800|63205867|-|up_exon	503	436	870	2499
rodent|mouse|Mapkapk5|ENSMUSG00000029454|5|121985863|121985952|-|dn_5intron	863	439	1440	4613
rodent|mouse|Mapkapk5|ENSMUSG00000029454|5|121985863|121985952|-|dn_exon	455	237	175	400
rodent|mouse|Mapkapk5|ENSMUSG00000029454|5|121985863|121985952|-|exon	226	49	14	10
rodent|mouse|Mapkapk5|ENSMUSG00000029454|5|121985863|121985952|-|up_3intron	429	106	59	40
rodent|mouse|Mapkapk5|ENSMUSG00000029454|5|121985863|121985952|-|up_5intron	831	154	157	255
rodent|mouse|Mapkapk5|ENSMUSG00000029454|5|121985863|121985952|-|up_exon	128	42	62	78
rodent|mouse|Mapt|ENSMUSG00000018411|11|104165861|104166723|+|dn_3intron	486	148	23	53
rodent|mouse|Mapt|ENSMUSG00000018411|11|104165861|104166723|+|dn_5intron	411	116	53	32
rodent|mouse|Mapt|ENSMUSG00000018411|11|104165861|104166723|+|dn_exon	579	123	66	32
rodent|mouse|Mapt|ENSMUSG00000018411|11|104165861|104166723|+|exon	274	362	408	487
rodent|mouse|Mapt|ENSMUSG00000018411|11|104165861|104166723|+|up_3intron	1023	405	4680	3309
rodent|mouse|Mapt|ENSMUSG00000018411|11|104165861|104166723|+|up_5intron	785	385	1805	1180
rodent|mouse|Mapt|ENSMUSG00000018411|11|104165861|104166723|+|up_exon	1010	158	32	27
rodent|mouse|March8|ENSMUSG00000025702|6|116352347|116353618|+|dn_3intron	251	185	94	237
rodent|mouse|March8|ENSMUSG00000025702|6|116352347|116353618|+|dn_5intron	604	315	379	200
rodent|mouse|March8|ENSMUSG00000025702|6|116352347|116353618|+|dn_exon	300	216	131	194
rodent|mouse|March8|ENSMUSG00000025702|6|116352347|116353618|+|exon	212	396	780	299
rodent|mouse|March8|ENSMUSG00000025702|6|116352347|116353618|+|up_3intron	685	184	193	308
rodent|mouse|March8|ENSMUSG00000025702|6|116352347|116353618|+|up_exon	686	282	379	749
rodent|mouse|Matk|ENSMUSG00000004933|10|80724540|80724613|+|dn_5intron	659	90	102	83
rodent|mouse|Matk|ENSMUSG00000004933|10|80724540|80724613|+|dn_exon	257	121	41	32
rodent|mouse|Mavs|ENSMUSG00000037523|2|131064472|131064646|+|dn_3intron	895	467	669	1470
rodent|mouse|Mavs|ENSMUSG00000037523|2|131064472|131064646|+|dn_exon	280	228	68	39
rodent|mouse|Mavs|ENSMUSG00000037523|2|131064472|131064646|+|exon	332	114	46	49
rodent|mouse|Mavs|ENSMUSG00000037523|2|131064472|131064646|+|up_3intron	126	9	26	21
rodent|mouse|Mavs|ENSMUSG00000037523|2|131064472|131064646|+|up_5intron	375	213	97	47
rodent|mouse|Mavs|ENSMUSG00000037523|2|131064472|131064646|+|up_exon	462	260	81	135
rodent|mouse|Mavs|ENSMUSG00000037523|2|131064472|131064646|+|utr	698	218	47	88
rodent|mouse|Mbp|ENSMUSG00000041607|18|82748125|82748450|+|deep_dn	523	232	74	110
rodent|mouse|Mbp|ENSMUSG00000041607|18|82748125|82748450|+|deep_up	729	297	119	810
rodent|mouse|Mbp|ENSMUSG00000041607|18|82748125|82748450|+|dn_3intron	768	144	63	184
rodent|mouse|Mbp|ENSMUSG00000041607|18|82748125|82748450|+|dn_5intron	427	128	44	15
rodent|mouse|Mbp|ENSMUSG00000041607|18|82748125|82748450|+|dn_exon	235	165	14	37
rodent|mouse|Mbp|ENSMUSG00000041607|18|82748125|82748450|+|exon	332	87	31	30
rodent|mouse|Mbp|ENSMUSG00000041607|18|82748125|82748450|+|up_3intron	120	1378	2201	868
rodent|mouse|Mbp|ENSMUSG00000041607|18|82748125|82748450|+|up_5intron	197	1032	441	961
rodent|mouse|Mbp|ENSMUSG00000041607|18|82748125|82748450|+|up_exon	1029	418	186	378
rodent|mouse|Med17|ENSMUSG00000031935|9|15067794|15068207|-|dn_3intron	695	226	695	119
rodent|mouse|Med17|ENSMUSG00000031935|9|15067794|15068207|-|dn_5intron	77	1437	798	136
rodent|mouse|Med17|ENSMUSG00000031935|9|15067794|15068207|-|exon	423	421	3778	572
rodent|mouse|Med17|ENSMUSG00000031935|9|15067794|15068207|-|up_3intron	159	235	138	76
rodent|mouse|Med17|ENSMUSG00000031935|9|15067794|15068207|-|up_5intron	228	381	462	430
rodent|mouse|Med17|ENSMUSG00000031935|9|15067794|15068207|-|up_exon	1165	407	761	2129
rodent|mouse|Met|ENSMUSG00000009376|6|17499026|17499174|+|dn_3intron	741	269	496	1091
rodent|mouse|Met|ENSMUSG00000009376|6|17499026|17499174|+|dn_5intron	75	27	3	85
rodent|mouse|Met|ENSMUSG00000009376|6|17499026|17499174|+|dn_exon	346	152	5	17
rodent|mouse|Met|ENSMUSG00000009376|6|17499026|17499174|+|exon	70	82	46	45
rodent|mouse|Met|ENSMUSG00000009376|6|17499026|17499174|+|up_3intron	385	48	120	184
rodent|mouse|Met|ENSMUSG00000009376|6|17499026|17499174|+|up_exon	1546	620	839	2205
rodent|mouse|Mfge8|ENSMUSG00000030605|7|86288164|86288274|-|dn_5intron	372	459	511	2052
rodent|mouse|Mfge8|ENSMUSG00000030605|7|86288164|86288274|-|up_3intron	120	79	56	20
rodent|mouse|Mfge8|ENSMUSG00000030605|7|86288164|86288274|-|up_5intron	333	112	53	21
rodent|mouse|Mfge8|ENSMUSG00000030605|7|86288164|86288274|-|up_exon	486	199	40	25
rodent|mouse|Miip|ENSMUSG00000029022|4|147237137|147238030|-|dn_exon	53	125	61	40
rodent|mouse|Miip|ENSMUSG00000029022|4|147237137|147238030|-|exon	415	151	192	111
rodent|mouse|Miip|ENSMUSG00000029022|4|147237137|147238030|-|up_3intron	968	391	267	437
rodent|mouse|Miip|ENSMUSG00000029022|4|147237137|147238030|-|up_5intron	271	93	38	54
rodent|mouse|Miip|ENSMUSG00000029022|4|147237137|147238030|-|up_exon	642	217	55	93
rodent|mouse|Mrc2|ENSMUSG00000020695|11|105209912|105210118|+|dn_exon	355	67	64	137
rodent|mouse|Mrc2|ENSMUSG00000020695|11|105209912|105210118|+|exon	372	5238	1748	192
rodent|mouse|Mrc2|ENSMUSG00000020695|11|105209912|105210118|+|up_3intron	567	390	73	40
rodent|mouse|Mrc2|ENSMUSG00000020695|11|105209912|105210118|+|up_exon	567	458	1318	863
rodent|mouse|Msi1|ENSMUSG00000054256|5|115897139|115899861|+|dn_3intron	9	4	13	4
rodent|mouse|Msi1|ENSMUSG00000054256|5|115897139|115899861|+|dn_5intron	142	56	80	73
rodent|mouse|Msi1|ENSMUSG00000054256|5|115897139|115899861|+|dn_exon	349	249	214	109
rodent|mouse|Msi1|ENSMUSG00000054256|5|115897139|115899861|+|exon	859	121	137	104
rodent|mouse|Msi1|ENSMUSG00000054256|5|115897139|115899861|+|up_3intron	768	818	485	95
rodent|mouse|Msi1|ENSMUSG00000054256|5|115897139|115899861|+|up_5intron	168	47	57	14
rodent|mouse|Msi1|ENSMUSG00000054256|5|115897139|115899861|+|up_exon	74	1638	1267	359
rodent|mouse|Msi1|ENSMUSG00000054256|5|115897139|115899861|+|utr	127	60	58	4
rodent|mouse|Mtap7d2|ENSMUSG00000041020|X|155900046|155900156|+|dn_3intron	606	41	155	1073
rodent|mouse|Mtap7d2|ENSMUSG00000041020|X|155900046|155900156|+|dn_5intron	1634	445	174	891
rodent|mouse|Mtap7d2|ENSMUSG00000041020|X|155900046|155900156|+|dn_exon	202	75	39	20
rodent|mouse|Mtap7d2|ENSMUSG00000041020|X|155929700|155929756|+|dn_3intron	1134	351	343	1279
rodent|mouse|Mtap7d2|ENSMUSG00000041020|X|155929700|155929756|+|dn_5intron	257	84	292	307
rodent|mouse|Mtap7d2|ENSMUSG00000041020|X|155929700|155929756|+|dn_exon	274	131	318	184
rodent|mouse|Mtap7d2|ENSMUSG00000041020|X|155929700|155929756|+|exon	416	99	164	82
rodent|mouse|Mtap7d2|ENSMUSG00000041020|X|155929700|155929756|+|up_3intron	343	133	48	418
rodent|mouse|Mtap7d2|ENSMUSG00000041020|X|155929700|155929756|+|up_5intron	229	82	77	143
rodent|mouse|Mtap7d2|ENSMUSG00000041020|X|155929700|155929756|+|up_exon	351	32	100	80
rodent|mouse|Mtif2|ENSMUSG00000020459|11|29435090|29435266|+|dn_3intron	245	85	43	40
rodent|mouse|Mtif2|ENSMUSG00000020459|11|29435090|29435266|+|dn_5intron	387	285	850	1241
rodent|mouse|Mtif2|ENSMUSG00000020459|11|29435090|29435266|+|dn_exon	497	192	80	123
rodent|mouse|Mtif2|ENSMUSG00000020459|11|29435090|29435266|+|exon	276	59	42	68
rodent|mouse|Mtif2|ENSMUSG00000020459|11|29435090|29435266|+|up_3intron	168	52	73	105
rodent|mouse|Mtif2|ENSMUSG00000020459|11|29435090|29435266|+|up_5intron	634	243	398	644
rodent|mouse|Mtif2|ENSMUSG00000020459|11|29435090|29435266|+|up_exon	499	143	72	25
rodent|mouse|Mtmr12|ENSMUSG00000039458|15|12165620|12165903|+|dn_3intron	108	159	29	42
rodent|mouse|Mtmr12|ENSMUSG00000039458|15|12165620|12165903|+|dn_5intron	406	169	242	81
rodent|mouse|Mtmr12|ENSMUSG00000039458|15|12165620|12165903|+|dn_exon	167	82	17	20
rodent|mouse|Mtmr12|ENSMUSG00000039458|15|12165620|12165903|+|exon	540	118	83	138
rodent|mouse|Mtmr12|ENSMUSG00000039458|15|12165620|12165903|+|up_3intron	712	283	160	502
rodent|mouse|Mtmr12|ENSMUSG00000039458|15|12165620|12165903|+|up_5intron	578	203	241	310
rodent|mouse|Mtmr12|ENSMUSG00000039458|15|12165620|12165903|+|up_exon	304	2269	658	333
rodent|mouse|Mtmr12|ENSMUSG00000039458|15|12165620|12165903|+|utr	296	76	295	545
rodent|mouse|Mtmr12|ENSMUSG00000039458|15|12187875|12188298|+|dn_5intron	718	132	92	39
rodent|mouse|Mtmr12|ENSMUSG00000039458|15|12187875|12188298|+|dn_exon	292	84	26	52
rodent|mouse|Mtmr12|ENSMUSG00000039458|15|12187875|12188298|+|exon	239	114	51	65
rodent|mouse|Mtmr12|ENSMUSG00000039458|15|12187875|12188298|+|up_3intron	643	362	763	1495
rodent|mouse|Mtmr12|ENSMUSG00000039458|15|12187875|12188298|+|up_5intron	1627	566	1222	2615
rodent|mouse|Mtmr12|ENSMUSG00000039458|15|12187875|12188298|+|up_exon	305	71	64	129
rodent|mouse|Mycbp2|ENSMUSG00000033004|14|103668575|103668682|-|deep_dn	155	23	8	17
rodent|mouse|Mycbp2|ENSMUSG00000033004|14|103668575|103668682|-|deep_up	456	33	15	19
rodent|mouse|Mycbp2|ENSMUSG00000033004|14|103668575|103668682|-|dn_3intron	315	72	61	686
rodent|mouse|Mycbp2|ENSMUSG00000033004|14|103668575|103668682|-|dn_5intron	817	225	387	2726
rodent|mouse|Mycbp2|ENSMUSG00000033004|14|103668575|103668682|-|dn_exon	344	112	63	125
rodent|mouse|Mycbp2|ENSMUSG00000033004|14|103668575|103668682|-|exon	334	102	7	17
rodent|mouse|Mycbp2|ENSMUSG00000033004|14|103668575|103668682|-|up_3intron	749	116	394	1546
rodent|mouse|Mycbp2|ENSMUSG00000033004|14|103668575|103668682|-|up_5intron	41	2	2	5
rodent|mouse|Mycbp2|ENSMUSG00000033004|14|103668575|103668682|-|up_exon	199	39	75	25
rodent|mouse|Mypn|ENSMUSG00000020067|10|62612771|62612826|-|dn_3intron	750	224	191	373
rodent|mouse|Mypn|ENSMUSG00000020067|10|62612771|62612826|-|dn_5intron	170	58	46	63
rodent|mouse|Mypn|ENSMUSG00000020067|10|62612771|62612826|-|dn_exon	473	457	1859	1574
rodent|mouse|Mypn|ENSMUSG00000020067|10|62612771|62612826|-|exon	641	139	39	259
rodent|mouse|Mypn|ENSMUSG00000020067|10|62612771|62612826|-|up_3intron	487	226	147	359
rodent|mouse|Mypn|ENSMUSG00000020067|10|62612771|62612826|-|up_5intron	37	21	60	52
rodent|mouse|Mypn|ENSMUSG00000020067|10|62612771|62612826|-|up_exon	151	66	217	75
rodent|mouse|N4bp1|ENSMUSG00000031652|8|89377058|89377188|-|dn_3intron	258	82	785	515
rodent|mouse|N4bp1|ENSMUSG00000031652|8|89377058|89377188|-|dn_5intron	444	66	142	324
rodent|mouse|N4bp1|ENSMUSG00000031652|8|89377058|89377188|-|dn_exon	281	105	54	45
rodent|mouse|N4bp1|ENSMUSG00000031652|8|89377058|89377188|-|exon	339	69	27	48
rodent|mouse|N4bp1|ENSMUSG00000031652|8|89377058|89377188|-|up_3intron	72	8	47	229
rodent|mouse|N4bp1|ENSMUSG00000031652|8|89377058|89377188|-|up_5intron	420	177	218	525
rodent|mouse|N4bp1|ENSMUSG00000031652|8|89377058|89377188|-|up_exon	287	125	85	75
rodent|mouse|N4bp2l2|ENSMUSG00000029655|5|151449572|151449766|-|dn_3intron	130	28	19	44
rodent|mouse|N4bp2l2|ENSMUSG00000029655|5|151449572|151449766|-|dn_5intron	819	2653	22205	2422
rodent|mouse|N4bp2l2|ENSMUSG00000029655|5|151449572|151449766|-|dn_exon	400	80	83	524
rodent|mouse|N4bp2l2|ENSMUSG00000029655|5|151449572|151449766|-|exon	720	99	115	170
rodent|mouse|N4bp2l2|ENSMUSG00000029655|5|151449572|151449766|-|up_3intron	829	413	918	1380
rodent|mouse|N4bp2l2|ENSMUSG00000029655|5|151449572|151449766|-|up_5intron	1165	305	85	103
rodent|mouse|N4bp2l2|ENSMUSG00000029655|5|151449572|151449766|-|up_exon	425	69	107	1323
rodent|mouse|Naa25|ENSMUSG00000042719|5|121857202|121857287|+|dn_3intron	462	304	168	246
rodent|mouse|Naa25|ENSMUSG00000042719|5|121857202|121857287|+|dn_5intron	91	10	7	16
rodent|mouse|Naa25|ENSMUSG00000042719|5|121857202|121857287|+|dn_exon	60	35	1	11
rodent|mouse|Naa25|ENSMUSG00000042719|5|121857202|121857287|+|exon	278	69	74	76
rodent|mouse|Naa25|ENSMUSG00000042719|5|121857202|121857287|+|up_3intron	523	240	78	169
rodent|mouse|Naa25|ENSMUSG00000042719|5|121857202|121857287|+|up_exon	142	162	11	12
rodent|mouse|Naa25|ENSMUSG00000042719|5|121857202|121857287|+|utr	261	38	151	149
rodent|mouse|Nav1|ENSMUSG00000009418|1|137354438|137354446|-|dn_3intron	300	285	165	271
rodent|mouse|Nav1|ENSMUSG00000009418|1|137354438|137354446|-|dn_5intron	22	1	8	10
rodent|mouse|Nav1|ENSMUSG00000009418|1|137354438|137354446|-|dn_exon	1121	297	199	331
rodent|mouse|Nav1|ENSMUSG00000009418|1|137354438|137354446|-|up_3intron	316	339	952	1591
rodent|mouse|Nav1|ENSMUSG00000009418|1|137354438|137354446|-|up_5intron	919	183	114	62
rodent|mouse|Nav1|ENSMUSG00000009418|1|137354438|137354446|-|up_exon	60	38	12	33
rodent|mouse|Nav1|ENSMUSG00000009418|1|137360492|137360515|-|dn_5intron	501	557	798	1111
rodent|mouse|Nav1|ENSMUSG00000009418|1|137360492|137360515|-|dn_exon	670	74	17	38
rodent|mouse|Nav1|ENSMUSG00000009418|1|137360492|137360515|-|up_3intron	921	591	986	1052
rodent|mouse|Nav1|ENSMUSG00000009418|1|137360492|137360515|-|up_5intron	922	838	331	115
rodent|mouse|Nav1|ENSMUSG00000009418|1|137360492|137360515|-|up_exon	840	625	729	708
rodent|mouse|Nav1|ENSMUSG00000009418|1|137360492|137360515|-|utr	606	228	273	1028
rodent|mouse|Nbr1|ENSMUSG00000017119|11|101438508|101438565|+|up_3intron	513	332	660	200
rodent|mouse|Nbr1|ENSMUSG00000017119|11|101438508|101438565|+|up_exon	298	59	13	16
rodent|mouse|Nbr1|ENSMUSG00000017119|11|101439246|101439351|+|dn_3intron	142	24	67	75
rodent|mouse|Nbr1|ENSMUSG00000017119|11|101439246|101439351|+|dn_5intron	163	198	89	113
rodent|mouse|Nek9|ENSMUSG00000034290|12|86651337|86651498|-|dn_3intron	166	30	19	14
rodent|mouse|Nek9|ENSMUSG00000034290|12|86651337|86651498|-|dn_5intron	193	68	10	34
rodent|mouse|Nek9|ENSMUSG00000034290|12|86651337|86651498|-|dn_exon	444	134	102	175
rodent|mouse|Nek9|ENSMUSG00000034290|12|86651337|86651498|-|exon	268	225	327	245
rodent|mouse|Nek9|ENSMUSG00000034290|12|86651337|86651498|-|up_3intron	1129	617	198	772
rodent|mouse|Nek9|ENSMUSG00000034290|12|86651337|86651498|-|up_5intron	426	1718	2162	3420
rodent|mouse|Nek9|ENSMUSG00000034290|12|86651337|86651498|-|up_exon	712	262	256	550
rodent|mouse|Nnt|ENSMUSG00000025453|13|120161203|120161398|-|deep_dn	198	85	146	197
rodent|mouse|Nnt|ENSMUSG00000025453|13|120161203|120161398|-|deep_up	63	18	8	3
rodent|mouse|Nnt|ENSMUSG00000025453|13|120161203|120161398|-|dn_3intron	1163	473	679	1718
rodent|mouse|Nnt|ENSMUSG00000025453|13|120161203|120161398|-|dn_5intron	599	156	125	178
rodent|mouse|Nnt|ENSMUSG00000025453|13|120161203|120161398|-|dn_exon	540	248	345	327
rodent|mouse|Nnt|ENSMUSG00000025453|13|120163436|120163633|-|up_3intron	233	43	16	85
rodent|mouse|Nnt|ENSMUSG00000025453|13|120163436|120163633|-|up_5intron	494	238	869	364
rodent|mouse|Nnt|ENSMUSG00000025453|13|120163436|120163633|-|up_exon	1676	347	277	445
rodent|mouse|Nnt|ENSMUSG00000025453|13|120183418|120183635|-|dn_3intron	594	204	89	169
rodent|mouse|Nnt|ENSMUSG00000025453|13|120183418|120183635|-|dn_5intron	301	137	104	265
rodent|mouse|Nnt|ENSMUSG00000025453|13|120183418|120183635|-|dn_exon	310	88	50	42
rodent|mouse|Nnt|ENSMUSG00000025453|13|120193359|120193561|-|deep_dn	688	263	217	346
rodent|mouse|Nnt|ENSMUSG00000025453|13|120193359|120193561|-|deep_up	580	195	104	137
rodent|mouse|Nnt|ENSMUSG00000025453|13|120193359|120193561|-|up_3intron	622	177	189	892
rodent|mouse|Nnt|ENSMUSG00000025453|13|120193359|120193561|-|up_5intron	165	42	17	17
rodent|mouse|Nnt|ENSMUSG00000025453|13|120193359|120193561|-|up_exon	943	185	157	689
rodent|mouse|Nol6|ENSMUSG00000028430|4|41063405|41063498|-|dn_5intron	528	149	76	34
rodent|mouse|Nol6|ENSMUSG00000028430|4|41063405|41063498|-|dn_exon	578	279	179	210
rodent|mouse|Nol6|ENSMUSG00000028430|4|41063405|41063498|-|exon	272	67	26	11
rodent|mouse|Nol6|ENSMUSG00000028430|4|41063405|41063498|-|up_5intron	919	485	763	1724
rodent|mouse|Nol6|ENSMUSG00000028430|4|41063405|41063498|-|up_exon	331	183	198	98
rodent|mouse|Nop56|ENSMUSG00000027405|2|130103892|130104026|+|dn_5intron	460	114	39	38
rodent|mouse|Nop56|ENSMUSG00000027405|2|130103892|130104026|+|dn_exon	449	96	108	153
rodent|mouse|Nop56|ENSMUSG00000027405|2|130103892|130104026|+|exon	28	2	3	12
rodent|mouse|Nop56|ENSMUSG00000027405|2|130103892|130104026|+|up_3intron	233	111	107	88
rodent|mouse|Nop56|ENSMUSG00000027405|2|130103892|130104026|+|up_exon	307	69	53	32
rodent|mouse|Nprl3|ENSMUSG00000020289|11|32134703|32134921|-|dn_3intron	569	1168	1409	1080
rodent|mouse|Nprl3|ENSMUSG00000020289|11|32134703|32134921|-|dn_5intron	381	147	222	64
rodent|mouse|Nprl3|ENSMUSG00000020289|11|32134703|32134921|-|dn_exon	1058	235	136	267
rodent|mouse|Nprl3|ENSMUSG00000020289|11|32134703|32134921|-|exon	1653	503	360	752
rodent|mouse|Nprl3|ENSMUSG00000020289|11|32134703|32134921|-|up_3intron	65	121	26	16
rodent|mouse|Nprl3|ENSMUSG00000020289|11|32134703|32134921|-|up_5intron	444	147	175	273
rodent|mouse|Nprl3|ENSMUSG00000020289|11|32134703|32134921|-|up_exon	1065	239	92	58
rodent|mouse|Nrp2|ENSMUSG00000025969|1|62858606|62859158|+|dn_3intron	414	163	145	288
rodent|mouse|Nrp2|ENSMUSG00000025969|1|62858606|62859158|+|dn_5intron	191	14	17	16
rodent|mouse|Nrp2|ENSMUSG00000025969|1|62858606|62859158|+|dn_exon	542	255	51	65
rodent|mouse|Nrp2|ENSMUSG00000025969|1|62858606|62859158|+|exon	597	97	76	114
rodent|mouse|Nrp2|ENSMUSG00000025969|1|62858606|62859158|+|up_3intron	409	62	111	173
rodent|mouse|Nrp2|ENSMUSG00000025969|1|62858606|62859158|+|up_5intron	226	69	45	20
rodent|mouse|Nrp2|ENSMUSG00000025969|1|62858606|62859158|+|up_exon	558	219	280	136
rodent|mouse|Nsmaf|ENSMUSG00000028245|4|6362204|6362258|-|dn_3intron	480	199	179	232
rodent|mouse|Nsmaf|ENSMUSG00000028245|4|6362204|6362258|-|dn_5intron	380	94	158	231
rodent|mouse|Nsmaf|ENSMUSG00000028245|4|6362204|6362258|-|dn_exon	778	197	193	395
rodent|mouse|Nsmaf|ENSMUSG00000028245|4|6362204|6362258|-|exon	626	187	420	383
rodent|mouse|Nsmaf|ENSMUSG00000028245|4|6362204|6362258|-|up_3intron	371	52	80	175
rodent|mouse|Nsmaf|ENSMUSG00000028245|4|6362204|6362258|-|up_5intron	692	14419	14250	1688
rodent|mouse|Nucb2|ENSMUSG00000030659|7|123671514|123671604|+|dn_3intron	49	73	36	205
rodent|mouse|Nucb2|ENSMUSG00000030659|7|123671514|123671604|+|dn_5intron	312	82	118	372
rodent|mouse|Nucb2|ENSMUSG00000030659|7|123671514|123671604|+|dn_exon	473	177	328	1057
rodent|mouse|Nucb2|ENSMUSG00000030659|7|123671514|123671604|+|exon	144	23	3	23
rodent|mouse|Nucb2|ENSMUSG00000030659|7|123671514|123671604|+|up_3intron	448	49	69	373
rodent|mouse|Nucb2|ENSMUSG00000030659|7|123671514|123671604|+|up_exon	32	17	51	33
rodent|mouse|Nup153|ENSMUSG00000021374|13|46803116|46803266|-|dn_3intron	293	95	86	92
rodent|mouse|Nup153|ENSMUSG00000021374|13|46803116|46803266|-|dn_5intron	677	298	499	2234
rodent|mouse|Nup153|ENSMUSG00000021374|13|46803116|46803266|-|dn_exon	496	92	197	686
rodent|mouse|Nup153|ENSMUSG00000021374|13|46803116|46803266|-|exon	357	78	25	46
rodent|mouse|Nup153|ENSMUSG00000021374|13|46803116|46803266|-|up_3intron	732	337	991	2618
rodent|mouse|Nup153|ENSMUSG00000021374|13|46803116|46803266|-|up_5intron	385	256	2493	1690
rodent|mouse|Nup153|ENSMUSG00000021374|13|46803116|46803266|-|up_exon	225	44	10	65
rodent|mouse|Optn|ENSMUSG00000026672|2|4975586|4975762|-|dn_3intron	238	203	287	117
rodent|mouse|Optn|ENSMUSG00000026672|2|4975586|4975762|-|dn_5intron	717	217	50	119
rodent|mouse|Optn|ENSMUSG00000026672|2|4975586|4975762|-|dn_exon	241	113	110	98
rodent|mouse|Optn|ENSMUSG00000026672|2|4975586|4975762|-|exon	245	54	106	61
rodent|mouse|Optn|ENSMUSG00000026672|2|4975586|4975762|-|up_3intron	321	121	62	24
rodent|mouse|Optn|ENSMUSG00000026672|2|4975586|4975762|-|up_5intron	539	164	35	105
rodent|mouse|Optn|ENSMUSG00000026672|2|4975586|4975762|-|up_exon	339	120	36	61
rodent|mouse|Pam|ENSMUSG00000026335|1|99749502|99750049|-|dn_3intron	525	216	42	16
rodent|mouse|Pam|ENSMUSG00000026335|1|99749502|99750049|-|dn_5intron	734	289	958	7485
rodent|mouse|Pam|ENSMUSG00000026335|1|99749502|99750049|-|dn_exon	8	85	44	23
rodent|mouse|Pam|ENSMUSG00000026335|1|99749502|99750049|-|exon	162	59	136	98
rodent|mouse|Pam|ENSMUSG00000026335|1|99749502|99750049|-|up_3intron	210	347	426	331
rodent|mouse|Pam|ENSMUSG00000026335|1|99749502|99750049|-|up_5intron	309	35	32	35
rodent|mouse|Pam|ENSMUSG00000026335|1|99749502|99750049|-|up_exon	754	322	502	1930
rodent|mouse|Pank2|ENSMUSG00000037514|2|131105893|131106146|+|dn_3intron	502	192	192	547
rodent|mouse|Pank2|ENSMUSG00000037514|2|131105893|131106146|+|dn_5intron	104	61	13	22
rodent|mouse|Pank2|ENSMUSG00000037514|2|131105893|131106146|+|dn_exon	1181	551	2282	1135
rodent|mouse|Pank2|ENSMUSG00000037514|2|131105893|131106146|+|up_3intron	383	159	114	424
rodent|mouse|Pank2|ENSMUSG00000037514|2|131105893|131106146|+|up_5intron	279	48	52	41
rodent|mouse|Pank2|ENSMUSG00000037514|2|131105893|131106146|+|up_exon	585	896	2439	922
rodent|mouse|Papd5|ENSMUSG00000036779|8|90773004|90774117|+|dn_3intron	209	30	93	65
rodent|mouse|Papd5|ENSMUSG00000036779|8|90773004|90774117|+|dn_5intron	221	93	117	130
rodent|mouse|Papd5|ENSMUSG00000036779|8|90773004|90774117|+|dn_exon	395	151	160	138
rodent|mouse|Papd5|ENSMUSG00000036779|8|90773004|90774117|+|exon	18	21	6	15
rodent|mouse|Papd5|ENSMUSG00000036779|8|90773004|90774117|+|up_5intron	784	266	61	215
rodent|mouse|Papd5|ENSMUSG00000036779|8|90773004|90774117|+|up_exon	253	47	20	41
rodent|mouse|Pde9a|ENSMUSG00000041119|17|31597124|31597206|+|dn_3intron	616	191	36	58
rodent|mouse|Pde9a|ENSMUSG00000041119|17|31597124|31597206|+|dn_5intron	764	220	52	24
rodent|mouse|Pde9a|ENSMUSG00000041119|17|31597124|31597206|+|dn_exon	420	182	27	108
rodent|mouse|Pde9a|ENSMUSG00000041119|17|31597124|31597206|+|exon	894	306	27	55
rodent|mouse|Pde9a|ENSMUSG00000041119|17|31597124|31597206|+|up_3intron	205	106	32	5
rodent|mouse|Pde9a|ENSMUSG00000041119|17|31597124|31597206|+|up_exon	661	2411	2809	2431
rodent|mouse|Pex16|ENSMUSG00000027222|2|92219191|92219263|+|dn_5intron	104	1580	2406	1609
rodent|mouse|Pex16|ENSMUSG00000027222|2|92219191|92219263|+|dn_exon	376	128	75	140
rodent|mouse|Pex16|ENSMUSG00000027222|2|92219191|92219263|+|up_exon	145	48	33	21
rodent|mouse|Phb2|ENSMUSG00000004264|6|124666443|124666448|+|dn_3intron	318	130	70	12
rodent|mouse|Phb2|ENSMUSG00000004264|6|124666443|124666448|+|dn_exon	445	206	278	355
rodent|mouse|Phb2|ENSMUSG00000004264|6|124666443|124666448|+|up_3intron	226	52	61	61
rodent|mouse|Phb2|ENSMUSG00000004264|6|124666443|124666448|+|up_5intron	434	117	63	70
rodent|mouse|Phb2|ENSMUSG00000004264|6|124666443|124666448|+|up_exon	370	204	77	16
rodent|mouse|Phkb|ENSMUSG00000036879|8|88366686|88367011|+|dn_3intron	25	3	38	1
rodent|mouse|Phkb|ENSMUSG00000036879|8|88366686|88367011|+|dn_5intron	640	157	127	252
rodent|mouse|Phkb|ENSMUSG00000036879|8|88366686|88367011|+|dn_exon	231	58	90	182
rodent|mouse|Phkb|ENSMUSG00000036879|8|88366686|88367011|+|exon	752	319	1727	2335
rodent|mouse|Phkb|ENSMUSG00000036879|8|88366686|88367011|+|up_3intron	875	120	225	429
rodent|mouse|Phkb|ENSMUSG00000036879|8|88366686|88367011|+|up_5intron	484	166	119	40
rodent|mouse|Phkb|ENSMUSG00000036879|8|88366686|88367011|+|up_exon	243	275	363	8
rodent|mouse|Pi16|ENSMUSG00000024011|17|29463694|29464578|+|dn_3intron	1260	2674	3633	667
rodent|mouse|Pi16|ENSMUSG00000024011|17|29463694|29464578|+|dn_exon	325	79	94	47
rodent|mouse|Pi16|ENSMUSG00000024011|17|29463694|29464578|+|exon	518	247	64	54
rodent|mouse|Pi16|ENSMUSG00000024011|17|29463694|29464578|+|up_3intron	89	61	134	6
rodent|mouse|Pi16|ENSMUSG00000024011|17|29463694|29464578|+|up_5intron	244	156	110	35
rodent|mouse|Pi16|ENSMUSG00000024011|17|29463694|29464578|+|up_exon	279	177	51	39
rodent|mouse|Pip5k1a|ENSMUSG00000028126|3|94869676|94869786|-|dn_3intron	448	170	93	87
rodent|mouse|Pip5k1a|ENSMUSG00000028126|3|94869676|94869786|-|dn_exon	111	36	200	113
rodent|mouse|Pip5k1a|ENSMUSG00000028126|3|94869676|94869786|-|exon	1209	430	1894	589
rodent|mouse|Pip5k1a|ENSMUSG00000028126|3|94869676|94869786|-|up_3intron	169	29	4	27
rodent|mouse|Pip5k1a|ENSMUSG00000028126|3|94869676|94869786|-|up_5intron	597	694	4454	4315
rodent|mouse|Pip5k1a|ENSMUSG00000028126|3|94869676|94869786|-|up_exon	168	10282	10773	1235
rodent|mouse|Pip5k1a|ENSMUSG00000028126|3|94869676|94869786|-|utr	42	28	111	124
rodent|mouse|Pla2g6|ENSMUSG00000042632|15|79134735|79135493|-|dn_3intron	275	34	3	9
rodent|mouse|Pla2g6|ENSMUSG00000042632|15|79134735|79135493|-|dn_5intron	224	123	51	4
rodent|mouse|Pla2g6|ENSMUSG00000042632|15|79134735|79135493|-|dn_exon	180	178	247	186
rodent|mouse|Pla2g6|ENSMUSG00000042632|15|79134735|79135493|-|exon	98	203	32	47
rodent|mouse|Pla2g6|ENSMUSG00000042632|15|79134735|79135493|-|up_exon	517	2202	3375	491
rodent|mouse|Plaa|ENSMUSG00000028577|4|94245045|94245195|-|dn_3intron	323	88	105	170
rodent|mouse|Plaa|ENSMUSG00000028577|4|94245045|94245195|-|dn_5intron	179	52	17	42
rodent|mouse|Plaa|ENSMUSG00000028577|4|94245045|94245195|-|dn_exon	348	118	231	153
rodent|mouse|Plaa|ENSMUSG00000028577|4|94245045|94245195|-|exon	504	116	66	138
rodent|mouse|Plaa|ENSMUSG00000028577|4|94245045|94245195|-|up_3intron	1326	196	125	212
rodent|mouse|Plaa|ENSMUSG00000028577|4|94245045|94245195|-|up_5intron	665	89	150	400
rodent|mouse|Plaa|ENSMUSG00000028577|4|94245045|94245195|-|up_exon	340	36	72	100
rodent|mouse|Plk2|ENSMUSG00000021701|13|111187896|111188094|+|dn_5intron	345	180	167	295
rodent|mouse|Plk2|ENSMUSG00000021701|13|111187896|111188094|+|dn_exon	470	103	29	30
rodent|mouse|Plk2|ENSMUSG00000021701|13|111187896|111188094|+|exon	150	109	108	97
rodent|mouse|Plk2|ENSMUSG00000021701|13|111187896|111188094|+|up_5intron	167	34	143	131
rodent|mouse|Plk2|ENSMUSG00000021701|13|111187896|111188094|+|up_exon	425	107	91	192
rodent|mouse|Pmm2|ENSMUSG00000022711|16|8645462|8645538|+|dn_3intron	589	576	3913	1397
rodent|mouse|Pmm2|ENSMUSG00000022711|16|8645462|8645538|+|dn_5intron	578	71	15	26
rodent|mouse|Pmm2|ENSMUSG00000022711|16|8645462|8645538|+|dn_exon	147	71	11	14
rodent|mouse|Pmm2|ENSMUSG00000022711|16|8645462|8645538|+|exon	146	110	479	257
rodent|mouse|Pmm2|ENSMUSG00000022711|16|8645462|8645538|+|up_3intron	213	116	94	41
rodent|mouse|Pmm2|ENSMUSG00000022711|16|8645462|8645538|+|up_5intron	727	258	125	633
rodent|mouse|Pmm2|ENSMUSG00000022711|16|8645462|8645538|+|up_exon	6	1	24	15
rodent|mouse|Ppid|ENSMUSG00000027804|3|79405992|79406280|+|up_3intron	265	35	25	34
rodent|mouse|Ppid|ENSMUSG00000027804|3|79405992|79406280|+|up_5intron	1333	301	400	3685
rodent|mouse|Ppid|ENSMUSG00000027804|3|79405992|79406280|+|up_exon	418	216	173	249
rodent|mouse|Ppid|ENSMUSG00000027804|3|79406365|79406407|+|dn_3intron	322	85	244	371
rodent|mouse|Ppid|ENSMUSG00000027804|3|79406365|79406407|+|dn_5intron	717	71	97	116
rodent|mouse|Ppid|ENSMUSG00000027804|3|79406365|79406407|+|dn_exon	126	20	34	82
rodent|mouse|Ppif|ENSMUSG00000021868|14|26516298|26517308|+|dn_3intron	231	114	27	42
rodent|mouse|Ppif|ENSMUSG00000021868|14|26516298|26517308|+|dn_5intron	94	26	21	13
rodent|mouse|Ppif|ENSMUSG00000021868|14|26516298|26517308|+|dn_exon	1242	287	119	242
rodent|mouse|Ppif|ENSMUSG00000021868|14|26516298|26517308|+|exon	444	240	256	377
rodent|mouse|Ppif|ENSMUSG00000021868|14|26516298|26517308|+|up_3intron	452	98	40	19
rodent|mouse|Ppif|ENSMUSG00000021868|14|26516298|26517308|+|up_5intron	650	227	248	181
rodent|mouse|Ppif|ENSMUSG00000021868|14|26516298|26517308|+|up_exon	351	200	53	114
rodent|mouse|Ppil2|ENSMUSG00000022771|16|17092189|17092397|-|dn_3intron	471	178	250	392
rodent|mouse|Ppil2|ENSMUSG00000022771|16|17092189|17092397|-|dn_exon	393	48	16	104
rodent|mouse|Ppil2|ENSMUSG00000022771|16|17092189|17092397|-|utr	233	36	38	101
rodent|mouse|Ppil2|ENSMUSG00000022771|16|17093104|17093179|-|up_3intron	691	208	154	117
rodent|mouse|Ppil2|ENSMUSG00000022771|16|17093104|17093179|-|up_5intron	178	89	247	368
rodent|mouse|Ppil2|ENSMUSG00000022771|16|17096077|17096173|-|dn_3intron	493	286	350	110
rodent|mouse|Ppil2|ENSMUSG00000022771|16|17096077|17096173|-|dn_5intron	1064	123	123	314
rodent|mouse|Ppil2|ENSMUSG00000022771|16|17096077|17096173|-|exon	620	123	122	90
rodent|mouse|Ppil2|ENSMUSG00000022771|16|17096077|17096173|-|up_3intron	243	598	738	862
rodent|mouse|Ppil2|ENSMUSG00000022771|16|17096077|17096173|-|up_5intron	623	187	218	333
rodent|mouse|Ppil2|ENSMUSG00000022771|16|17096077|17096173|-|up_exon	604	108	79	122
rodent|mouse|Ppp2r5a|ENSMUSG00000026626|1|193178410|193178537|-|dn_3intron	630	231	197	249
rodent|mouse|Ppp2r5a|ENSMUSG00000026626|1|193178410|193178537|-|dn_5intron	298	193	7	7
rodent|mouse|Ppp2r5a|ENSMUSG00000026626|1|193178410|193178537|-|dn_exon	107	133	132	340
rodent|mouse|Ppp2r5a|ENSMUSG00000026626|1|193178410|193178537|-|exon	250	143	528	584
rodent|mouse|Ppp2r5a|ENSMUSG00000026626|1|193178410|193178537|-|up_5intron	91	18	31	125
rodent|mouse|Prkaa1|ENSMUSG00000050697|15|5114712|5114805|+|dn_3intron	306	103	101	113
rodent|mouse|Prkaa1|ENSMUSG00000050697|15|5114712|5114805|+|dn_5intron	915	485	726	3114
rodent|mouse|Prkaa1|ENSMUSG00000050697|15|5114712|5114805|+|dn_exon	760	225	649	1862
rodent|mouse|Prkaa1|ENSMUSG00000050697|15|5114712|5114805|+|exon	405	146	201	260
rodent|mouse|Prkaa1|ENSMUSG00000050697|15|5114712|5114805|+|up_3intron	583	107	213	641
rodent|mouse|Prkaa1|ENSMUSG00000050697|15|5114712|5114805|+|up_5intron	677	263	193	104
rodent|mouse|Prom1|ENSMUSG00000029086|5|44392016|44392108|-|dn_3intron	267	83	36	31
rodent|mouse|Prom1|ENSMUSG00000029086|5|44392016|44392108|-|dn_5intron	285	4219	3622	1225
rodent|mouse|Prom1|ENSMUSG00000029086|5|44392016|44392108|-|dn_exon	385	135	55	70
rodent|mouse|Prom1|ENSMUSG00000029086|5|44392016|44392108|-|exon	272	103	365	1417
rodent|mouse|Prom1|ENSMUSG00000029086|5|44392016|44392108|-|up_3intron	1092	205	140	1624
rodent|mouse|Prom1|ENSMUSG00000029086|5|44392016|44392108|-|up_5intron	196	113	79	168
rodent|mouse|Prom1|ENSMUSG00000029086|5|44392016|44392108|-|up_exon	46	2	3	1
rodent|mouse|Pstk|ENSMUSG00000063179|7|138516055|138517344|+|dn_3intron	334	73	19	97
rodent|mouse|Pstk|ENSMUSG00000063179|7|138516055|138517344|+|dn_5intron	913	174	254	606
rodent|mouse|Pstk|ENSMUSG00000063179|7|138516055|138517344|+|dn_exon	253	59	192	198
rodent|mouse|Pstk|ENSMUSG00000063179|7|138516055|138517344|+|exon	81	73	26	14
rodent|mouse|Pstk|ENSMUSG00000063179|7|138516055|138517344|+|up_3intron	939	195	693	2570
rodent|mouse|Pstk|ENSMUSG00000063179|7|138516055|138517344|+|up_5intron	407	127	156	30
rodent|mouse|Pstk|ENSMUSG00000063179|7|138516055|138517344|+|up_exon	152	109	65	61
rodent|mouse|Pten|ENSMUSG00000013663|19|32850117|32850589|+|dn_3intron	383	68	87	103
rodent|mouse|Pten|ENSMUSG00000013663|19|32850117|32850589|+|dn_5intron	183	38	128	410
rodent|mouse|Pten|ENSMUSG00000013663|19|32850117|32850589|+|dn_exon	38	28	50	65
rodent|mouse|Pten|ENSMUSG00000013663|19|32850117|32850589|+|exon	270	121	51	44
rodent|mouse|Pten|ENSMUSG00000013663|19|32850117|32850589|+|up_3intron	185	69	122	220
rodent|mouse|Pten|ENSMUSG00000013663|19|32850117|32850589|+|up_5intron	60	7	5	61
rodent|mouse|Ptk2|ENSMUSG00000022607|15|73096532|73096632|-|dn_3intron	194	74	45	101
rodent|mouse|Ptk2|ENSMUSG00000022607|15|73096532|73096632|-|dn_5intron	599	1676	3557	1216
rodent|mouse|Ptk2|ENSMUSG00000022607|15|73096532|73096632|-|dn_exon	365	89	68	303
rodent|mouse|Ptk2|ENSMUSG00000022607|15|73096532|73096632|-|exon	369	55	59	326
rodent|mouse|Ptk2|ENSMUSG00000022607|15|73096532|73096632|-|up_3intron	227	15	16	27
rodent|mouse|Ptk2|ENSMUSG00000022607|15|73096532|73096632|-|up_5intron	969	482	580	1473
rodent|mouse|Ptk2|ENSMUSG00000022607|15|73096532|73096632|-|up_exon	948	171	87	103
rodent|mouse|Ptk2|ENSMUSG00000022607|15|73113696|73113780|-|dn_3intron	1200	1045	3793	4088
rodent|mouse|Ptk2|ENSMUSG00000022607|15|73113696|73113780|-|dn_5intron	521	101	35	103
rodent|mouse|Ptk2|ENSMUSG00000022607|15|73113696|73113780|-|dn_exon	1009	411	336	350
rodent|mouse|Ptk2|ENSMUSG00000022607|15|73113696|73113780|-|exon	1010	479	152	426
rodent|mouse|Ptk2|ENSMUSG00000022607|15|73113696|73113780|-|up_3intron	501	198	707	1506
rodent|mouse|Ptk2|ENSMUSG00000022607|15|73113696|73113780|-|up_5intron	341	116	80	111
rodent|mouse|Ptk2|ENSMUSG00000022607|15|73113696|73113780|-|up_exon	233	112	235	218
rodent|mouse|Ptk2|ENSMUSG00000022607|15|73113696|73113780|-|utr	515	171	30	27
rodent|mouse|Ptprf|ENSMUSG00000033295|4|117898404|117899003|-|dn_3intron	410	311	84	131
rodent|mouse|Ptprf|ENSMUSG00000033295|4|117898404|117899003|-|dn_5intron	540	179	53	113
rodent|mouse|Ptprf|ENSMUSG00000033295|4|117898404|117899003|-|dn_exon	789	172	103	107
rodent|mouse|Ptprf|ENSMUSG00000033295|4|117898404|117899003|-|exon	125	114	29	33
rodent|mouse|Ptprf|ENSMUSG00000033295|4|117898404|117899003|-|up_3intron	584	55	125	93
rodent|mouse|Ptprf|ENSMUSG00000033295|4|117898404|117899003|-|up_5intron	338	197	65	26
rodent|mouse|Ptprf|ENSMUSG00000033295|4|117898404|117899003|-|up_exon	684	377	104	24
rodent|mouse|Ptprf|ENSMUSG00000033295|4|117898404|117899003|-|utr	168	71	18	23
rodent|mouse|Pum1|ENSMUSG00000028580|4|130257030|130257037|+|dn_3intron	855	77	11	72
rodent|mouse|Pum1|ENSMUSG00000028580|4|130257030|130257037|+|dn_5intron	796	338	474	1803
rodent|mouse|Pum1|ENSMUSG00000028580|4|130257030|130257037|+|dn_exon	250	32	64	287
rodent|mouse|Pum1|ENSMUSG00000028580|4|130257030|130257037|+|utr	965	1264	2307	840
rodent|mouse|Rabggtb|ENSMUSG00000038975|3|153572052|153572425|-|dn_3intron	480	93	262	894
rodent|mouse|Rabggtb|ENSMUSG00000038975|3|153572052|153572425|-|dn_exon	343	334	531	118
rodent|mouse|Rabggtb|ENSMUSG00000038975|3|153572506|153572562|-|up_3intron	387	185	75	133
rodent|mouse|Rabggtb|ENSMUSG00000038975|3|153572506|153572562|-|up_5intron	324	68	65	61
rodent|mouse|Rabggtb|ENSMUSG00000038975|3|153572506|153572562|-|up_exon	753	166	118	54
rodent|mouse|Rapgef3|ENSMUSG00000022469|15|97588259|97588536|-|dn_3intron	689	266	457	287
rodent|mouse|Rapgef3|ENSMUSG00000022469|15|97588259|97588536|-|dn_exon	541	219	106	213
rodent|mouse|Rapgef3|ENSMUSG00000022469|15|97588259|97588536|-|exon	622	140	37	74
rodent|mouse|Rapgef3|ENSMUSG00000022469|15|97588259|97588536|-|up_3intron	339	154	165	179
rodent|mouse|Rapgef3|ENSMUSG00000022469|15|97588259|97588536|-|up_5intron	311	176	112	370
rodent|mouse|Rapgef3|ENSMUSG00000022469|15|97588259|97588536|-|up_exon	69	91	12	3
rodent|mouse|Rapgef6|ENSMUSG00000037533|11|54507650|54508673|+|dn_3intron	101	33	22	12
rodent|mouse|Rapgef6|ENSMUSG00000037533|11|54507650|54508673|+|dn_5intron	342	63	4	20
rodent|mouse|Rapgef6|ENSMUSG00000037533|11|54507650|54508673|+|dn_exon	178	115	112	92
rodent|mouse|Rapgef6|ENSMUSG00000037533|11|54507650|54508673|+|exon	79	8	27	151
rodent|mouse|Rapgef6|ENSMUSG00000037533|11|54507650|54508673|+|up_3intron	301	100	30	33
rodent|mouse|Rapgef6|ENSMUSG00000037533|11|54507650|54508673|+|up_exon	387	149	28	13
rodent|mouse|Rb1cc1|ENSMUSG00000025907|1|6254622|6254974|+|dn_3intron	296	61	28	39
rodent|mouse|Rb1cc1|ENSMUSG00000025907|1|6254622|6254974|+|dn_exon	244	61	70	132
rodent|mouse|Rb1cc1|ENSMUSG00000025907|1|6254622|6254974|+|exon	502	140	2189	812
rodent|mouse|Rb1cc1|ENSMUSG00000025907|1|6254622|6254974|+|up_3intron	402	88	240	504
rodent|mouse|Rb1cc1|ENSMUSG00000025907|1|6254622|6254974|+|up_5intron	206	20	25	25
rodent|mouse|Rb1cc1|ENSMUSG00000025907|1|6254622|6254974|+|up_exon	712	1107	745	670
rodent|mouse|Rbfox1|ENSMUSG00000008658|16|7292259|7292370|+|dn_3intron	381	498	4875	1383
rodent|mouse|Rbfox1|ENSMUSG00000008658|16|7292259|7292370|+|dn_5intron	807	320	370	1217
rodent|mouse|Rbfox1|ENSMUSG00000008658|16|7292259|7292370|+|dn_exon	262	269	282	502
rodent|mouse|Rbfox1|ENSMUSG00000008658|16|7292259|7292370|+|exon	309	17928	8737	207
rodent|mouse|Rbfox1|ENSMUSG00000008658|16|7292259|7292370|+|up_3intron	491	394	1297	840
rodent|mouse|Rbfox1|ENSMUSG00000008658|16|7292259|7292370|+|up_5intron	337	89	348	475
rodent|mouse|Rbfox1|ENSMUSG00000008658|16|7292259|7292370|+|up_exon	550	172	694	1288
rodent|mouse|Rbfox1|ENSMUSG00000008658|16|7292259|7292370|+|utr	269	64	53	73
rodent|mouse|Rbm27|ENSMUSG00000024491|18|42461377|42461670|+|dn_3intron	598	236	353	728
rodent|mouse|Rbm27|ENSMUSG00000024491|18|42461377|42461670|+|dn_5intron	244	144	2428	433
rodent|mouse|Rbm27|ENSMUSG00000024491|18|42461377|42461670|+|dn_exon	31	10	16	43
rodent|mouse|Rbm27|ENSMUSG00000024491|18|42461377|42461670|+|exon	184	643	400	16
rodent|mouse|Rbm27|ENSMUSG00000024491|18|42461377|42461670|+|up_3intron	615	194	77	157
rodent|mouse|Rbm27|ENSMUSG00000024491|18|42461377|42461670|+|up_5intron	552	187	380	871
rodent|mouse|Rbm27|ENSMUSG00000024491|18|42461377|42461670|+|up_exon	513	202	92	272
rodent|mouse|Rbms1|ENSMUSG00000026970|2|60591617|60591871|-|dn_3intron	477	120	18	49
rodent|mouse|Rbms1|ENSMUSG00000026970|2|60591617|60591871|-|dn_5intron	302	50	107	167
rodent|mouse|Rbms1|ENSMUSG00000026970|2|60591617|60591871|-|dn_exon	43	133	318	110
rodent|mouse|Rbms1|ENSMUSG00000026970|2|60591617|60591871|-|exon	361	58	67	144
rodent|mouse|Rbms1|ENSMUSG00000026970|2|60591617|60591871|-|up_3intron	593	154	549	518
rodent|mouse|Rbms1|ENSMUSG00000026970|2|60591617|60591871|-|up_5intron	226	49	73	58
rodent|mouse|Rbms1|ENSMUSG00000026970|2|60591617|60591871|-|up_exon	650	1496	4281	1389
rodent|mouse|Rere|ENSMUSG00000039852|4|149986656|149986855|+|up_3intron	391	74	26	32
rodent|mouse|Rere|ENSMUSG00000039852|4|149986656|149986855|+|up_5intron	281	53	80	90
rodent|mouse|Rere|ENSMUSG00000039852|4|149986656|149986855|+|up_exon	993	274	145	223
rodent|mouse|Rere|ENSMUSG00000039852|4|149988530|149989940|+|utr	586	154	83	57
rodent|mouse|Rere|ENSMUSG00000039852|4|149990785|149991715|+|dn_3intron	195	59	118	30
rodent|mouse|Rere|ENSMUSG00000039852|4|149990785|149991715|+|dn_exon	116	212	28	52
rodent|mouse|Rexo2|ENSMUSG00000032026|9|48282323|48283004|-|dn_3intron	462	115	100	254
rodent|mouse|Rexo2|ENSMUSG00000032026|9|48282323|48283004|-|dn_5intron	211	97	206	178
rodent|mouse|Rexo2|ENSMUSG00000032026|9|48282323|48283004|-|dn_exon	252	62	15	44
rodent|mouse|Rexo2|ENSMUSG00000032026|9|48282323|48283004|-|exon	89	299	256	136
rodent|mouse|Rexo2|ENSMUSG00000032026|9|48282323|48283004|-|up_3intron	1042	151	60	74
rodent|mouse|Rexo2|ENSMUSG00000032026|9|48282323|48283004|-|up_5intron	348	119	21	70
rodent|mouse|Rexo2|ENSMUSG00000032026|9|48282323|48283004|-|up_exon	159	374	626	446
rodent|mouse|Rltpr|ENSMUSG00000050357|8|108210646|108210696|+|dn_3intron	23	1	12	4
rodent|mouse|Rltpr|ENSMUSG00000050357|8|108210646|108210696|+|dn_5intron	337	139	47	19
rodent|mouse|Rltpr|ENSMUSG00000050357|8|108210646|108210696|+|exon	388	172	221	447
rodent|mouse|Rltpr|ENSMUSG00000050357|8|108212365|108212440|+|dn_5intron	229	88	9	11
rodent|mouse|Rltpr|ENSMUSG00000050357|8|108212365|108212440|+|dn_exon	223	142	96	20
rodent|mouse|Rltpr|ENSMUSG00000050357|8|108212864|108212950|+|dn_5intron	176	223	572	325
rodent|mouse|Rltpr|ENSMUSG00000050357|8|108212864|108212950|+|dn_exon	654	381	433	662
rodent|mouse|Rltpr|ENSMUSG00000050357|8|108212864|108212950|+|up_3intron	266	58	91	113
rodent|mouse|Rnf19a|ENSMUSG00000022280|15|36172771|36174032|-|dn_3intron	310	142	43	34
rodent|mouse|Rnf19a|ENSMUSG00000022280|15|36172771|36174032|-|dn_5intron	85	2	4	1
rodent|mouse|Rnf19a|ENSMUSG00000022280|15|36172771|36174032|-|exon	127	45	105	63
rodent|mouse|Rnf19a|ENSMUSG00000022280|15|36172771|36174032|-|up_3intron	592	143	100	256
rodent|mouse|Rnf19a|ENSMUSG00000022280|15|36172771|36174032|-|up_5intron	336	121	243	316
rodent|mouse|Rnf19a|ENSMUSG00000022280|15|36172771|36174032|-|up_exon	147	51	50	105
rodent|mouse|Rnf207|ENSMUSG00000058498|4|151689712|151689787|-|dn_5intron	151	103	163	109
rodent|mouse|Rnf207|ENSMUSG00000058498|4|151689712|151689787|-|dn_exon	45	65	42	26
rodent|mouse|Rnf207|ENSMUSG00000058498|4|151689712|151689787|-|up_3intron	160	56	133	70
rodent|mouse|Rnf214|ENSMUSG00000042790|9|45675030|45675134|-|dn_3intron	224	67	112	253
rodent|mouse|Rnf214|ENSMUSG00000042790|9|45675030|45675134|-|dn_5intron	97	50	74	70
rodent|mouse|Rnf214|ENSMUSG00000042790|9|45675030|45675134|-|dn_exon	122	166	60	145
rodent|mouse|Rnf214|ENSMUSG00000042790|9|45675030|45675134|-|exon	1019	321	248	223
rodent|mouse|Rnf214|ENSMUSG00000042790|9|45675030|45675134|-|up_3intron	685	236	228	1095
rodent|mouse|Rnf214|ENSMUSG00000042790|9|45675030|45675134|-|up_5intron	361	65	62	51
rodent|mouse|Rnf214|ENSMUSG00000042790|9|45675030|45675134|-|up_exon	191	1250	1211	261
rodent|mouse|Rnmt|ENSMUSG00000009535|18|68473642|68473806|+|dn_3intron	634	198	344	856
rodent|mouse|Rnmt|ENSMUSG00000009535|18|68473642|68473806|+|dn_5intron	281	52	33	41
rodent|mouse|Rnmt|ENSMUSG00000009535|18|68473642|68473806|+|dn_exon	167	42	56	61
rodent|mouse|Rnmt|ENSMUSG00000009535|18|68473642|68473806|+|exon	320	67	174	193
rodent|mouse|Rnmt|ENSMUSG00000009535|18|68473642|68473806|+|up_5intron	377	86	50	139
rodent|mouse|Rnmt|ENSMUSG00000009535|18|68473642|68473806|+|up_exon	767	323	260	77
rodent|mouse|Rrbp1|ENSMUSG00000027422|2|143799205|143799327|-|dn_3intron	204	61	15	6
rodent|mouse|Rrbp1|ENSMUSG00000027422|2|143799205|143799327|-|dn_5intron	344	115	69	22
rodent|mouse|Rrbp1|ENSMUSG00000027422|2|143799205|143799327|-|dn_exon	331	168	198	60
rodent|mouse|Rrbp1|ENSMUSG00000027422|2|143799205|143799327|-|exon	128	38	55	70
rodent|mouse|Rrbp1|ENSMUSG00000027422|2|143799205|143799327|-|up_3intron	773	249	258	859
rodent|mouse|Rrbp1|ENSMUSG00000027422|2|143799205|143799327|-|up_5intron	132	216	145	65
rodent|mouse|Rrbp1|ENSMUSG00000027422|2|143799205|143799327|-|up_exon	585	183	125	64
rodent|mouse|Rtel1|ENSMUSG00000038685|2|181090863|181090963|+|dn_5intron	163	93	7	26
rodent|mouse|Rtel1|ENSMUSG00000038685|2|181090863|181090963|+|dn_exon	251	154	144	322
rodent|mouse|Rtel1|ENSMUSG00000038685|2|181090863|181090963|+|up_3intron	479	79	100	145
rodent|mouse|Rtel1|ENSMUSG00000038685|2|181090863|181090963|+|up_exon	465	175	21	47
rodent|mouse|Scamp4|ENSMUSG00000078441|10|80072386|80072542|+|dn_3intron	271	136	23	8
rodent|mouse|Scamp4|ENSMUSG00000078441|10|80072386|80072542|+|dn_5intron	600	176	96	104
rodent|mouse|Scamp4|ENSMUSG00000078441|10|80072386|80072542|+|dn_exon	579	393	745	1083
rodent|mouse|Scamp4|ENSMUSG00000078441|10|80072386|80072542|+|exon	1377	775	1711	2431
rodent|mouse|Sdhd|ENSMUSG00000000171|9|50406025|50407202|-|dn_3intron	902	339	1436	972
rodent|mouse|Sdhd|ENSMUSG00000000171|9|50406025|50407202|-|dn_5intron	113	608	687	661
rodent|mouse|Sdhd|ENSMUSG00000000171|9|50406025|50407202|-|dn_exon	478	127	144	259
rodent|mouse|Sdhd|ENSMUSG00000000171|9|50406025|50407202|-|exon	217	33	54	202
rodent|mouse|Sdhd|ENSMUSG00000000171|9|50406025|50407202|-|up_3intron	289	94	87	106
rodent|mouse|Sdhd|ENSMUSG00000000171|9|50406025|50407202|-|up_5intron	229	348	998	1127
rodent|mouse|Sdhd|ENSMUSG00000000171|9|50406025|50407202|-|up_exon	337	231	94	79
rodent|mouse|Selk|ENSMUSG00000042682|14|30786547|30786633|+|dn_5intron	509	88	197	134
rodent|mouse|Selk|ENSMUSG00000042682|14|30786547|30786633|+|dn_exon	240	84	12	37
rodent|mouse|Selk|ENSMUSG00000042682|14|30786547|30786633|+|exon	215	74	65	16
rodent|mouse|Selk|ENSMUSG00000042682|14|30786547|30786633|+|up_3intron	175	45	11	9
rodent|mouse|Selk|ENSMUSG00000042682|14|30786547|30786633|+|up_5intron	295	73	22	133
rodent|mouse|Selk|ENSMUSG00000042682|14|30786547|30786633|+|up_exon	464	358	1937	465
rodent|mouse|Sept5|ENSMUSG00000072214|16|18623414|18623510|-|dn_5intron	271	67	32	11
rodent|mouse|Sept5|ENSMUSG00000072214|16|18623414|18623510|-|dn_exon	394	1045	1696	1851
rodent|mouse|Sept5|ENSMUSG00000072214|16|18623414|18623510|-|up_3intron	134	203	99	120
rodent|mouse|Sept5|ENSMUSG00000072214|16|18623414|18623510|-|up_5intron	100	84	90	54
rodent|mouse|Sept5|ENSMUSG00000072214|16|18623414|18623510|-|up_exon	98	252	369	44
rodent|mouse|Sept5|ENSMUSG00000072214|16|18623414|18623510|-|utr	56	630	82	147
rodent|mouse|Setd3|ENSMUSG00000056770|12|109398443|109398591|-|dn_3intron	152	664	1750	1508
rodent|mouse|Setd3|ENSMUSG00000056770|12|109398443|109398591|-|dn_5intron	72	33	74	121
rodent|mouse|Setd3|ENSMUSG00000056770|12|109398443|109398591|-|dn_exon	197	39	33	90
rodent|mouse|Setd3|ENSMUSG00000056770|12|109398443|109398591|-|exon	237	46	79	86
rodent|mouse|Setd3|ENSMUSG00000056770|12|109398443|109398591|-|up_3intron	728	210	509	869
rodent|mouse|Setd3|ENSMUSG00000056770|12|109398443|109398591|-|up_5intron	306	67	67	53
rodent|mouse|Setd3|ENSMUSG00000056770|12|109398443|109398591|-|up_exon	101	42	93	98
rodent|mouse|Sf3b3|ENSMUSG00000033732|8|113340055|113340260|-|dn_5intron	315	399	603	1068
rodent|mouse|Sf3b3|ENSMUSG00000033732|8|113340055|113340260|-|dn_exon	182	273	891	669
rodent|mouse|Sf3b3|ENSMUSG00000033732|8|113340055|113340260|-|exon	254	80	59	26
rodent|mouse|Sf3b3|ENSMUSG00000033732|8|113340055|113340260|-|up_3intron	179	52	20	79
rodent|mouse|Sf3b3|ENSMUSG00000033732|8|113340055|113340260|-|up_5intron	178	69	86	79
rodent|mouse|Sf3b3|ENSMUSG00000033732|8|113340055|113340260|-|up_exon	521	229	81	131
rodent|mouse|Sgms1|ENSMUSG00000040451|19|32217236|32217353|-|deep_dn	235	66	241	140
rodent|mouse|Sgms1|ENSMUSG00000040451|19|32217236|32217353|-|deep_up	19	5	23	12
rodent|mouse|Sgms1|ENSMUSG00000040451|19|32217236|32217353|-|dn_3intron	325	67	32	39
rodent|mouse|Sgms1|ENSMUSG00000040451|19|32217236|32217353|-|dn_5intron	360	152	67	56
rodent|mouse|Sgms1|ENSMUSG00000040451|19|32217236|32217353|-|dn_exon	374	64	16	15
rodent|mouse|Sgms1|ENSMUSG00000040451|19|32217236|32217353|-|exon	183	127	62	138
rodent|mouse|Sgms1|ENSMUSG00000040451|19|32217236|32217353|-|up_3intron	1528	244	685	2623
rodent|mouse|Sgms1|ENSMUSG00000040451|19|32217236|32217353|-|up_5intron	423	2696	3608	737
rodent|mouse|Sgms1|ENSMUSG00000040451|19|32217236|32217353|-|up_exon	257	11	3	18
rodent|mouse|Sigirr|ENSMUSG00000025494|7|148278870|148279036|-|dn_3intron	266	65	43	18
rodent|mouse|Sigirr|ENSMUSG00000025494|7|148278870|148279036|-|dn_5intron	325	805	1703	607
rodent|mouse|Sigirr|ENSMUSG00000025494|7|148278870|148279036|-|dn_exon	202	139	25	51
rodent|mouse|Sigirr|ENSMUSG00000025494|7|148278870|148279036|-|exon	472	131	45	73
rodent|mouse|Sigirr|ENSMUSG00000025494|7|148278870|148279036|-|up_3intron	171	122	98	67
rodent|mouse|Sigirr|ENSMUSG00000025494|7|148278870|148279036|-|up_5intron	93	199	232	81
rodent|mouse|Slc1a2|ENSMUSG00000005089|2|102607090|102607224|+|deep_dn	92	5	9	6
rodent|mouse|Slc1a2|ENSMUSG00000005089|2|102607090|102607224|+|deep_up	468	116	78	92
rodent|mouse|Slc1a2|ENSMUSG00000005089|2|102607090|102607224|+|dn_3intron	214	77	58	87
rodent|mouse|Slc1a2|ENSMUSG00000005089|2|102607090|102607224|+|dn_5intron	386	160	292	290
rodent|mouse|Slc1a2|ENSMUSG00000005089|2|102607090|102607224|+|dn_exon	492	3041	3377	1744
rodent|mouse|Slc1a2|ENSMUSG00000005089|2|102607090|102607224|+|exon	311	230	18	27
rodent|mouse|Slc1a2|ENSMUSG00000005089|2|102607090|102607224|+|up_3intron	490	171	253	820
rodent|mouse|Slc1a2|ENSMUSG00000005089|2|102607090|102607224|+|up_5intron	485	3984	1316	748
rodent|mouse|Slc1a2|ENSMUSG00000005089|2|102607090|102607224|+|up_exon	583	188	153	216
rodent|mouse|Slc35a5|ENSMUSG00000022664|16|45147381|45147684|-|dn_3intron	395	311	124	65
rodent|mouse|Slc35a5|ENSMUSG00000022664|16|45147381|45147684|-|dn_5intron	419	115	82	212
rodent|mouse|Slc35a5|ENSMUSG00000022664|16|45147381|45147684|-|dn_exon	1059	316	40	121
rodent|mouse|Slc35a5|ENSMUSG00000022664|16|45147381|45147684|-|exon	319	69	92	18
rodent|mouse|Slc35a5|ENSMUSG00000022664|16|45147381|45147684|-|up_3intron	521	72	91	27
rodent|mouse|Slc35a5|ENSMUSG00000022664|16|45147381|45147684|-|up_5intron	557	109	59	70
rodent|mouse|Slc35a5|ENSMUSG00000022664|16|45147381|45147684|-|up_exon	490	60	19	15
rodent|mouse|Slc35b1|ENSMUSG00000020873|11|95248522|95248555|+|dn_3intron	1116	361	390	1398
rodent|mouse|Slc35b1|ENSMUSG00000020873|11|95248522|95248555|+|dn_5intron	2319	444	189	383
rodent|mouse|Slc35b1|ENSMUSG00000020873|11|95248522|95248555|+|dn_exon	1567	1465	736	381
rodent|mouse|Slc37a4|ENSMUSG00000032114|9|44208572|44208897|+|dn_3intron	561	351	182	78
rodent|mouse|Slc37a4|ENSMUSG00000032114|9|44208572|44208897|+|dn_5intron	378	172	82	36
rodent|mouse|Slc37a4|ENSMUSG00000032114|9|44208572|44208897|+|dn_exon	223	83	122	89
rodent|mouse|Slc37a4|ENSMUSG00000032114|9|44208572|44208897|+|exon	312	127	87	60
rodent|mouse|Slc37a4|ENSMUSG00000032114|9|44208572|44208897|+|up_3intron	169	35	39	26
rodent|mouse|Slc37a4|ENSMUSG00000032114|9|44208572|44208897|+|up_5intron	930	533	550	568
rodent|mouse|Slc37a4|ENSMUSG00000032114|9|44208572|44208897|+|up_exon	693	1291	1385	1671
rodent|mouse|Slc9a8|ENSMUSG00000039463|2|167260282|167264099|+|deep_dn	777	139	24	34
rodent|mouse|Slc9a8|ENSMUSG00000039463|2|167260282|167264099|+|deep_up	304	94	111	36
rodent|mouse|Slc9a8|ENSMUSG00000039463|2|167260282|167264099|+|dn_3intron	260	211	88	97
rodent|mouse|Slc9a8|ENSMUSG00000039463|2|167260282|167264099|+|dn_5intron	482	80	12	27
rodent|mouse|Slc9a8|ENSMUSG00000039463|2|167260282|167264099|+|dn_exon	716	194	455	211
rodent|mouse|Slc9a8|ENSMUSG00000039463|2|167260282|167264099|+|exon	529	72	175	114
rodent|mouse|Slc9a8|ENSMUSG00000039463|2|167260282|167264099|+|up_3intron	134	165	203	144
rodent|mouse|Slc9a8|ENSMUSG00000039463|2|167260282|167264099|+|up_5intron	259	183	127	134
rodent|mouse|Slc9a8|ENSMUSG00000039463|2|167260282|167264099|+|up_exon	452	161	17	36
rodent|mouse|Slc9a8|ENSMUSG00000039463|2|167260282|167264099|+|utr	256	300	426	134
rodent|mouse|Slc9a8|ENSMUSG00000039463|2|167279632|167283302|+|up_3intron	599	259	501	415
rodent|mouse|Slc9a8|ENSMUSG00000039463|2|167279632|167283302|+|up_5intron	665	245	26	52
rodent|mouse|Slc9a8|ENSMUSG00000039463|2|167279632|167283302|+|up_exon	455	238	17	23
rodent|mouse|Slc9a8|ENSMUSG00000039463|2|167285149|167285254|+|dn_3intron	793	200	126	106
rodent|mouse|Slc9a8|ENSMUSG00000039463|2|167285149|167285254|+|dn_5intron	267	83	64	60
rodent|mouse|Slc9a8|ENSMUSG00000039463|2|167285149|167285254|+|dn_exon	626	352	124	366
rodent|mouse|Sorbs1|ENSMUSG00000025006|19|40444177|40444212|-|dn_3intron	456	594	329	613
rodent|mouse|Sorbs1|ENSMUSG00000025006|19|40444177|40444212|-|dn_5intron	465	140	44	97
rodent|mouse|Sorbs1|ENSMUSG00000025006|19|40444177|40444212|-|dn_exon	242	95	33	38
rodent|mouse|Sorbs1|ENSMUSG00000025006|19|40444177|40444212|-|exon	601	186	16	58
rodent|mouse|Sorbs1|ENSMUSG00000025006|19|40444177|40444212|-|up_3intron	443	115	70	94
rodent|mouse|Sorbs1|ENSMUSG00000025006|19|40444177|40444212|-|up_5intron	295	106	23	20
rodent|mouse|Sorbs1|ENSMUSG00000025006|19|40444177|40444212|-|up_exon	673	314	179	236
rodent|mouse|Sorbs2|ENSMUSG00000031626|8|46855900|46855944|+|dn_3intron	232	128	90	154
rodent|mouse|Sorbs2|ENSMUSG00000031626|8|46855900|46855944|+|dn_5intron	1543	877	1180	1995
rodent|mouse|Sorbs2|ENSMUSG00000031626|8|46855900|46855944|+|dn_exon	203	246	357	575
rodent|mouse|Sorbs2|ENSMUSG00000031626|8|46855900|46855944|+|exon	374	118	25	53
rodent|mouse|Sorbs2|ENSMUSG00000031626|8|46855900|46855944|+|up_3intron	267	317	1212	234
rodent|mouse|Sorbs2|ENSMUSG00000031626|8|46855900|46855944|+|up_5intron	718	301	277	2548
rodent|mouse|Sorbs2|ENSMUSG00000031626|8|46855900|46855944|+|up_exon	534	129	207	311
rodent|mouse|Sorbs2|ENSMUSG00000031626|8|46900068|46900225|+|deep_dn	264	433	975	479
rodent|mouse|Sorbs2|ENSMUSG00000031626|8|46900068|46900225|+|deep_up	251	95	75	107
rodent|mouse|Sorbs2|ENSMUSG00000031626|8|46900068|46900225|+|dn_3intron	506	458	1482	664
rodent|mouse|Sorbs2|ENSMUSG00000031626|8|46900068|46900225|+|dn_5intron	325	176	304	396
rodent|mouse|Sorbs2|ENSMUSG00000031626|8|46900068|46900225|+|dn_exon	198	131	352	915
rodent|mouse|Sorbs2|ENSMUSG00000031626|8|46900068|46900225|+|exon	618	374	88	115
rodent|mouse|Sorbs2|ENSMUSG00000031626|8|46900068|46900225|+|up_3intron	150	116	312	249
rodent|mouse|Sorbs2|ENSMUSG00000031626|8|46900068|46900225|+|up_5intron	449	324	349	304
rodent|mouse|Sorbs2|ENSMUSG00000031626|8|46900068|46900225|+|up_exon	211	16	15	18
rodent|mouse|Spata6|ENSMUSG00000034401|4|111478466|111478635|+|deep_dn	254	10	4	23
rodent|mouse|Spata6|ENSMUSG00000034401|4|111478466|111478635|+|deep_up	608	85	39	61
rodent|mouse|Spata6|ENSMUSG00000034401|4|111478466|111478635|+|dn_3intron	716	175	192	277
rodent|mouse|Spata6|ENSMUSG00000034401|4|111478466|111478635|+|dn_5intron	263	80	68	171
rodent|mouse|Spata6|ENSMUSG00000034401|4|111478466|111478635|+|dn_exon	144	113	516	99
rodent|mouse|Spata6|ENSMUSG00000034401|4|111478466|111478635|+|exon	691	194	257	993
rodent|mouse|Spata6|ENSMUSG00000034401|4|111478466|111478635|+|up_3intron	607	48	1	23
rodent|mouse|Spata6|ENSMUSG00000034401|4|111478466|111478635|+|up_5intron	260	51	21	233
rodent|mouse|Spata6|ENSMUSG00000034401|4|111478466|111478635|+|up_exon	446	1059	1263	781
rodent|mouse|Spata6|ENSMUSG00000034401|4|111478466|111478635|+|utr	270	64	89	94
rodent|mouse|Ssb|ENSMUSG00000068882|2|69704247|69704350|+|dn_3intron	269	25	31	100
rodent|mouse|Ssb|ENSMUSG00000068882|2|69704247|69704350|+|dn_exon	471	89	58	67
rodent|mouse|Ssb|ENSMUSG00000068882|2|69704247|69704350|+|exon	325	79	91	200
rodent|mouse|Ssb|ENSMUSG00000068882|2|69704247|69704350|+|up_3intron	318	48	42	37
rodent|mouse|Ssb|ENSMUSG00000068882|2|69704247|69704350|+|up_5intron	379	104	80	80
rodent|mouse|Stag1|ENSMUSG00000037286|9|100828442|100828534|+|up_3intron	1273	340	441	2487
rodent|mouse|Stag1|ENSMUSG00000037286|9|100828442|100828534|+|up_5intron	732	221	450	1127
rodent|mouse|Stag1|ENSMUSG00000037286|9|100830260|100830436|+|utr	293	147	92	91
rodent|mouse|Stag1|ENSMUSG00000037286|9|100832006|100832145|+|dn_3intron	537	108	71	142
rodent|mouse|Stag1|ENSMUSG00000037286|9|100832006|100832145|+|dn_5intron	843	121	154	172
rodent|mouse|Stag1|ENSMUSG00000037286|9|100832006|100832145|+|dn_exon	75	38	25	15
rodent|mouse|Stam2|ENSMUSG00000055371|2|52578731|52578829|-|dn_3intron	1305	1007	12831	1092
rodent|mouse|Stam2|ENSMUSG00000055371|2|52578731|52578829|-|dn_5intron	395	118	118	231
rodent|mouse|Stam2|ENSMUSG00000055371|2|52578731|52578829|-|dn_exon	398	78	137	96
rodent|mouse|Stam2|ENSMUSG00000055371|2|52578731|52578829|-|exon	135	36	32	51
rodent|mouse|Stam2|ENSMUSG00000055371|2|52578731|52578829|-|up_5intron	404	90	92	426
rodent|mouse|Stk25|ENSMUSG00000026277|1|95522358|95522543|-|dn_5intron	378	156	100	46
rodent|mouse|Stk25|ENSMUSG00000026277|1|95522358|95522543|-|dn_exon	307	59	55	118
rodent|mouse|Stx18|ENSMUSG00000029125|5|38497416|38497880|+|dn_3intron	826	217	300	800
rodent|mouse|Stx18|ENSMUSG00000029125|5|38497416|38497880|+|dn_exon	841	136	63	102
rodent|mouse|Stx18|ENSMUSG00000029125|5|38497416|38497880|+|exon	625	145	51	58
rodent|mouse|Stx18|ENSMUSG00000029125|5|38497416|38497880|+|up_3intron	302	71	44	46
rodent|mouse|Stx18|ENSMUSG00000029125|5|38497416|38497880|+|up_5intron	580	192	25	15
rodent|mouse|Stx18|ENSMUSG00000029125|5|38497416|38497880|+|up_exon	185	57	152	164
rodent|mouse|Syt7|ENSMUSG00000024743|19|10496885|10497007|+|dn_3intron	275	130	191	59
rodent|mouse|Syt7|ENSMUSG00000024743|19|10496885|10497007|+|dn_5intron	128	715	327	451
rodent|mouse|Syt7|ENSMUSG00000024743|19|10496885|10497007|+|dn_exon	288	297	304	369
rodent|mouse|Syt7|ENSMUSG00000024743|19|10496885|10497007|+|exon	286	240	53	21
rodent|mouse|Syt7|ENSMUSG00000024743|19|10496885|10497007|+|up_3intron	372	68	99	33
rodent|mouse|Syt7|ENSMUSG00000024743|19|10496885|10497007|+|up_5intron	301	513	427	646
rodent|mouse|Syt7|ENSMUSG00000024743|19|10496885|10497007|+|up_exon	175	92	54	65
rodent|mouse|Taf8|ENSMUSG00000023980|17|47630511|47630702|-|dn_3intron	82	93	85	42
rodent|mouse|Taf8|ENSMUSG00000023980|17|47630511|47630702|-|dn_5intron	750	506	357	131
rodent|mouse|Taf8|ENSMUSG00000023980|17|47630511|47630702|-|dn_exon	191	61	32	28
rodent|mouse|Taf8|ENSMUSG00000023980|17|47630511|47630702|-|exon	446	147	22	17
rodent|mouse|Taf8|ENSMUSG00000023980|17|47630511|47630702|-|up_3intron	248	86	59	18
rodent|mouse|Taf8|ENSMUSG00000023980|17|47630511|47630702|-|up_5intron	219	1607	1940	2093
rodent|mouse|Taf8|ENSMUSG00000023980|17|47630511|47630702|-|up_exon	257	67	39	63
rodent|mouse|Tank|ENSMUSG00000064289|2|61451708|61453197|+|deep_dn	800	270	107	561
rodent|mouse|Tank|ENSMUSG00000064289|2|61451708|61453197|+|deep_up	461	78	87	360
rodent|mouse|Tank|ENSMUSG00000064289|2|61451708|61453197|+|dn_3intron	649	156	193	358
rodent|mouse|Tank|ENSMUSG00000064289|2|61451708|61453197|+|dn_5intron	737	306	236	509
rodent|mouse|Tank|ENSMUSG00000064289|2|61451708|61453197|+|dn_exon	466	119	36	36
rodent|mouse|Tank|ENSMUSG00000064289|2|61451708|61453197|+|exon	706	75	71	68
rodent|mouse|Tank|ENSMUSG00000064289|2|61451708|61453197|+|up_5intron	934	233	226	1007
rodent|mouse|Tank|ENSMUSG00000064289|2|61451708|61453197|+|up_exon	239	89	145	211
rodent|mouse|Tank|ENSMUSG00000064289|2|61481772|61481842|+|dn_3intron	374	72	34	141
rodent|mouse|Tank|ENSMUSG00000064289|2|61481772|61481842|+|dn_5intron	223	23	16	44
rodent|mouse|Tank|ENSMUSG00000064289|2|61481772|61481842|+|dn_exon	206	50	19	38
rodent|mouse|Tank|ENSMUSG00000064289|2|61481772|61481842|+|exon	105	103	69	96
rodent|mouse|Tank|ENSMUSG00000064289|2|61481772|61481842|+|up_3intron	801	295	947	376
rodent|mouse|Tank|ENSMUSG00000064289|2|61481772|61481842|+|up_5intron	18	72	101	14
rodent|mouse|Tank|ENSMUSG00000064289|2|61481772|61481842|+|up_exon	181	165	267	230
rodent|mouse|Tex2|ENSMUSG00000040548|11|106381196|106381328|-|deep_dn	129	428	403	66
rodent|mouse|Tex2|ENSMUSG00000040548|11|106381196|106381328|-|deep_up	551	105	57	58
rodent|mouse|Tex2|ENSMUSG00000040548|11|106381196|106381328|-|dn_3intron	455	89	39	36
rodent|mouse|Tex2|ENSMUSG00000040548|11|106381196|106381328|-|dn_5intron	768	296	361	543
rodent|mouse|Tex2|ENSMUSG00000040548|11|106381196|106381328|-|exon	474	66	67	82
rodent|mouse|Tex2|ENSMUSG00000040548|11|106381196|106381328|-|up_3intron	405	47	22	12
rodent|mouse|Tex2|ENSMUSG00000040548|11|106381196|106381328|-|up_5intron	731	167	138	1506
rodent|mouse|Tgds|ENSMUSG00000022130|14|118516391|118517133|-|dn_3intron	357	32	60	38
rodent|mouse|Tgds|ENSMUSG00000022130|14|118516391|118517133|-|dn_exon	378	115	88	766
rodent|mouse|Tgds|ENSMUSG00000022130|14|118516391|118517133|-|exon	551	181	186	726
rodent|mouse|Tgds|ENSMUSG00000022130|14|118516391|118517133|-|up_3intron	53	11	41	12
rodent|mouse|Tgds|ENSMUSG00000022130|14|118516391|118517133|-|up_5intron	1511	448	1312	5104
rodent|mouse|Tgds|ENSMUSG00000022130|14|118516391|118517133|-|up_exon	543	116	206	376
rodent|mouse|Tgds|ENSMUSG00000022130|14|118526717|118526807|-|dn_3intron	96	70	26	65
rodent|mouse|Tgds|ENSMUSG00000022130|14|118526717|118526807|-|dn_5intron	751	93	61	127
rodent|mouse|Tgds|ENSMUSG00000022130|14|118526717|118526807|-|dn_exon	357	182	170	463
rodent|mouse|Tgds|ENSMUSG00000022130|14|118526717|118526807|-|exon	472	162	105	363
rodent|mouse|Tgds|ENSMUSG00000022130|14|118526717|118526807|-|up_3intron	150	21	64	63
rodent|mouse|Tgds|ENSMUSG00000022130|14|118526717|118526807|-|up_5intron	301	104	196	166
rodent|mouse|Tgds|ENSMUSG00000022130|14|118526717|118526807|-|up_exon	328	71	65	129
rodent|mouse|Timm44|ENSMUSG00000002949|8|4267254|4267340|-|dn_3intron	95	133	7	9
rodent|mouse|Timm44|ENSMUSG00000002949|8|4267254|4267340|-|dn_exon	689	150	111	95
rodent|mouse|Timm44|ENSMUSG00000002949|8|4267637|4267776|-|up_5intron	205	68	27	28
rodent|mouse|Timm44|ENSMUSG00000002949|8|4267637|4267776|-|up_exon	27	62	86	22
rodent|mouse|Tlk2|ENSMUSG00000020694|11|105108072|105108198|+|dn_3intron	567	113	102	237
rodent|mouse|Tlk2|ENSMUSG00000020694|11|105108072|105108198|+|dn_5intron	1503	241	170	712
rodent|mouse|Tlk2|ENSMUSG00000020694|11|105108072|105108198|+|dn_exon	226	181	30	15
rodent|mouse|Tlk2|ENSMUSG00000020694|11|105108072|105108198|+|exon	158	46	109	77
rodent|mouse|Tlk2|ENSMUSG00000020694|11|105108072|105108198|+|up_3intron	165	32	46	79
rodent|mouse|Tlk2|ENSMUSG00000020694|11|105108072|105108198|+|up_5intron	236	65	34	35
rodent|mouse|Tln1|ENSMUSG00000028465|4|43563059|43563250|-|dn_5intron	793	561	201	289
rodent|mouse|Tln1|ENSMUSG00000028465|4|43563059|43563250|-|dn_exon	755	324	122	152
rodent|mouse|Tln1|ENSMUSG00000028465|4|43563834|43563910|-|up_3intron	280	138	86	33
rodent|mouse|Tln1|ENSMUSG00000028465|4|43563834|43563910|-|up_exon	187	61	33	47
rodent|mouse|Tmem128|ENSMUSG00000067365|5|38658418|38658523|+|dn_3intron	281	309	461	515
rodent|mouse|Tmem128|ENSMUSG00000067365|5|38658418|38658523|+|dn_5intron	605	270	217	672
rodent|mouse|Tmem128|ENSMUSG00000067365|5|38658418|38658523|+|dn_exon	557	196	98	59
rodent|mouse|Tmem128|ENSMUSG00000067365|5|38658418|38658523|+|exon	1007	327	213	234
rodent|mouse|Tmem128|ENSMUSG00000067365|5|38658418|38658523|+|up_3intron	917	220	93	82
rodent|mouse|Tmem128|ENSMUSG00000067365|5|38658418|38658523|+|up_5intron	350	42	369	891
rodent|mouse|Tmem128|ENSMUSG00000067365|5|38658418|38658523|+|up_exon	550	119	72	259
rodent|mouse|Tmem128|ENSMUSG00000067365|5|38658418|38658523|+|utr	2308	543	666	2448
rodent|mouse|Tmem222|ENSMUSG00000028857|4|132825606|132826412|-|dn_3intron	288	80	20	21
rodent|mouse|Tmem222|ENSMUSG00000028857|4|132825606|132826412|-|dn_5intron	267	167	73	28
rodent|mouse|Tmem222|ENSMUSG00000028857|4|132825606|132826412|-|dn_exon	242	1275	2804	248
rodent|mouse|Tmem222|ENSMUSG00000028857|4|132825606|132826412|-|exon	16	219	83	7
rodent|mouse|Tmem222|ENSMUSG00000028857|4|132825606|132826412|-|up_3intron	261	288	548	510
rodent|mouse|Tmem222|ENSMUSG00000028857|4|132825606|132826412|-|up_exon	167	72	6	28
rodent|mouse|Tmem55a|ENSMUSG00000028221|4|14819490|14819646|+|dn_3intron	274	43	60	119
rodent|mouse|Tmem55a|ENSMUSG00000028221|4|14819490|14819646|+|dn_5intron	273	215	100	1395
rodent|mouse|Tmem55a|ENSMUSG00000028221|4|14819490|14819646|+|dn_exon	200	658	1428	2742
rodent|mouse|Tmem55a|ENSMUSG00000028221|4|14819490|14819646|+|exon	600	190	196	335
rodent|mouse|Tmem55a|ENSMUSG00000028221|4|14819490|14819646|+|up_3intron	625	171	19	26
rodent|mouse|Tmem55a|ENSMUSG00000028221|4|14819490|14819646|+|up_5intron	127	107	107	143
rodent|mouse|Tmem55a|ENSMUSG00000028221|4|14819490|14819646|+|up_exon	548	1830	1715	1058
rodent|mouse|Tnfsf10|ENSMUSG00000039304|3|27227975|27228020|+|deep_dn	15	47	219	43
rodent|mouse|Tnfsf10|ENSMUSG00000039304|3|27227975|27228020|+|deep_up	47	21	14	27
rodent|mouse|Tnfsf10|ENSMUSG00000039304|3|27227975|27228020|+|dn_3intron	40	66	14	3
rodent|mouse|Tnfsf10|ENSMUSG00000039304|3|27227975|27228020|+|dn_5intron	435	327	750	2721
rodent|mouse|Tnfsf10|ENSMUSG00000039304|3|27227975|27228020|+|dn_exon	819	182	333	293
rodent|mouse|Tnfsf10|ENSMUSG00000039304|3|27227975|27228020|+|exon	674	156	122	451
rodent|mouse|Tnfsf10|ENSMUSG00000039304|3|27227975|27228020|+|up_3intron	654	239	870	1133
rodent|mouse|Tnfsf10|ENSMUSG00000039304|3|27227975|27228020|+|up_5intron	170	48	32	48
rodent|mouse|Tnfsf10|ENSMUSG00000039304|3|27227975|27228020|+|up_exon	110	39	68	65
rodent|mouse|Tnfsf10|ENSMUSG00000039304|3|27227975|27228020|+|utr	185	39	61	32
rodent|mouse|Tpi1|ENSMUSG00000023456|6|124762639|124762723|-|dn_5intron	204	176	576	270
rodent|mouse|Tpi1|ENSMUSG00000023456|6|124762639|124762723|-|dn_exon	340	119	76	49
rodent|mouse|Tpi1|ENSMUSG00000023456|6|124762639|124762723|-|up_5intron	533	204	523	378
rodent|mouse|Tpi1|ENSMUSG00000023456|6|124762639|124762723|-|up_exon	370	132	157	294
rodent|mouse|Tpp1|ENSMUSG00000030894|7|112898323|112898518|-|dn_3intron	295	68	62	30
rodent|mouse|Tpp1|ENSMUSG00000030894|7|112898323|112898518|-|dn_5intron	808	233	69	104
rodent|mouse|Tpp1|ENSMUSG00000030894|7|112898323|112898518|-|dn_exon	330	120	11	24
rodent|mouse|Tpp1|ENSMUSG00000030894|7|112898323|112898518|-|exon	379	77	24	13
rodent|mouse|Tpp1|ENSMUSG00000030894|7|112898323|112898518|-|up_3intron	115	28	56	49
rodent|mouse|Tpp1|ENSMUSG00000030894|7|112898323|112898518|-|up_exon	421	130	29	22
rodent|mouse|Trak2|ENSMUSG00000026028|1|58963549|58963745|-|dn_3intron	336	65	72	87
rodent|mouse|Trak2|ENSMUSG00000026028|1|58963549|58963745|-|dn_5intron	667	171	642	1794
rodent|mouse|Trak2|ENSMUSG00000026028|1|58963549|58963745|-|dn_exon	294	71	82	51
rodent|mouse|Trak2|ENSMUSG00000026028|1|58963549|58963745|-|exon	1008	207	95	795
rodent|mouse|Trak2|ENSMUSG00000026028|1|58963549|58963745|-|up_3intron	440	81	157	685
rodent|mouse|Trak2|ENSMUSG00000026028|1|58963549|58963745|-|up_5intron	514	130	46	104
rodent|mouse|Trak2|ENSMUSG00000026028|1|58963549|58963745|-|up_exon	770	187	102	77
rodent|mouse|Tram1|ENSMUSG00000025935|1|13569771|13569892|-|dn_5intron	609	165	142	616
rodent|mouse|Tram1|ENSMUSG00000025935|1|13569771|13569892|-|dn_exon	1115	413	270	363
rodent|mouse|Tram1|ENSMUSG00000025935|1|13569771|13569892|-|exon	264	203	298	227
rodent|mouse|Tram1|ENSMUSG00000025935|1|13569771|13569892|-|up_3intron	756	208	461	1683
rodent|mouse|Tram1|ENSMUSG00000025935|1|13569771|13569892|-|up_5intron	661	141	225	583
rodent|mouse|Tram1|ENSMUSG00000025935|1|13569771|13569892|-|up_exon	1725	731	352	266
rodent|mouse|Trim37|ENSMUSG00000018548|11|87019435|87019557|+|dn_3intron	121	7	23	41
rodent|mouse|Trim37|ENSMUSG00000018548|11|87019435|87019557|+|dn_5intron	138	305	1455	290
rodent|mouse|Trim37|ENSMUSG00000018548|11|87019435|87019557|+|dn_exon	292	246	44	5
rodent|mouse|Trim37|ENSMUSG00000018548|11|87019435|87019557|+|exon	178	91	25	37
rodent|mouse|Trim37|ENSMUSG00000018548|11|87019435|87019557|+|up_3intron	219	18	18	13
rodent|mouse|Trim37|ENSMUSG00000018548|11|87019435|87019557|+|up_5intron	458	63	58	43
rodent|mouse|Trim37|ENSMUSG00000018548|11|87019435|87019557|+|up_exon	164	125	25	31
rodent|mouse|Trit1|ENSMUSG00000028653|4|122729309|122729418|+|dn_3intron	328	95	18	118
rodent|mouse|Trit1|ENSMUSG00000028653|4|122729309|122729418|+|dn_5intron	157	4	10	18
rodent|mouse|Trit1|ENSMUSG00000028653|4|122729309|122729418|+|dn_exon	195	95	143	147
rodent|mouse|Trit1|ENSMUSG00000028653|4|122729309|122729418|+|exon	383	66	50	57
rodent|mouse|Trit1|ENSMUSG00000028653|4|122729309|122729418|+|up_3intron	230	219	344	196
rodent|mouse|Trit1|ENSMUSG00000028653|4|122729309|122729418|+|up_5intron	521	122	89	202
rodent|mouse|Trit1|ENSMUSG00000028653|4|122729309|122729418|+|up_exon	320	62	117	102
rodent|mouse|Trmt2a|ENSMUSG00000022721|16|18252812|18252928|+|up_3intron	164	22	25	8
rodent|mouse|Trmt2a|ENSMUSG00000022721|16|18252812|18252928|+|up_5intron	413	118	245	270
rodent|mouse|Trmt2a|ENSMUSG00000022721|16|18252812|18252928|+|up_exon	286	159	203	201
rodent|mouse|Trmt2a|ENSMUSG00000022721|16|18253017|18253113|+|dn_5intron	291	96	52	28
rodent|mouse|Trmt2a|ENSMUSG00000022721|16|18253017|18253113|+|dn_exon	389	177	105	133
rodent|mouse|Tsta3|ENSMUSG00000022570|15|75756221|75756344|-|dn_5intron	175	175	40	47
rodent|mouse|Tsta3|ENSMUSG00000022570|15|75756221|75756344|-|dn_exon	955	242	302	471
rodent|mouse|Tsta3|ENSMUSG00000022570|15|75756221|75756344|-|exon	886	199	77	146
rodent|mouse|Tsta3|ENSMUSG00000022570|15|75756221|75756344|-|up_3intron	283	71	52	81
rodent|mouse|Tsta3|ENSMUSG00000022570|15|75756221|75756344|-|up_5intron	222	57	74	74
rodent|mouse|Tsta3|ENSMUSG00000022570|15|75756221|75756344|-|up_exon	450	185	94	153
rodent|mouse|Ttc13|ENSMUSG00000037300|8|127218730|127218840|-|dn_3intron	545	443	625	361
rodent|mouse|Ttc13|ENSMUSG00000037300|8|127218730|127218840|-|dn_5intron	1834	515	1671	2095
rodent|mouse|Ttc13|ENSMUSG00000037300|8|127218730|127218840|-|dn_exon	181	97	120	88
rodent|mouse|Ttc13|ENSMUSG00000037300|8|127218730|127218840|-|exon	974	103	12	13
rodent|mouse|Ttc13|ENSMUSG00000037300|8|127218730|127218840|-|up_3intron	106	55	32	31
rodent|mouse|Ttc13|ENSMUSG00000037300|8|127218730|127218840|-|up_5intron	212	126	96	72
rodent|mouse|Ttc13|ENSMUSG00000037300|8|127218730|127218840|-|up_exon	746	164	41	9
rodent|mouse|Ttc13|ENSMUSG00000037300|8|127221894|127221986|-|dn_3intron	1324	241	416	1759
rodent|mouse|Ttc13|ENSMUSG00000037300|8|127221894|127221986|-|dn_5intron	651	354	351	1985
rodent|mouse|Ttc13|ENSMUSG00000037300|8|127221894|127221986|-|dn_exon	144	92	85	76
rodent|mouse|Ttc13|ENSMUSG00000037300|8|127221894|127221986|-|up_3intron	593	164	41	64
rodent|mouse|Ttc13|ENSMUSG00000037300|8|127221894|127221986|-|up_5intron	246	120	46	109
rodent|mouse|Ttc13|ENSMUSG00000037300|8|127221894|127221986|-|up_exon	530	174	297	1331
rodent|mouse|Ttc14|ENSMUSG00000027677|3|33702372|33702527|+|dn_3intron	197	12	110	195
rodent|mouse|Ttc14|ENSMUSG00000027677|3|33702372|33702527|+|dn_5intron	307	22	24	33
rodent|mouse|Ttc14|ENSMUSG00000027677|3|33702372|33702527|+|dn_exon	216	118	166	1296
rodent|mouse|Ttc14|ENSMUSG00000027677|3|33702372|33702527|+|exon	426	129	54	102
rodent|mouse|Ttc14|ENSMUSG00000027677|3|33702372|33702527|+|up_3intron	900	234	930	2507
rodent|mouse|Ttc14|ENSMUSG00000027677|3|33702372|33702527|+|up_5intron	313	105	417	1550
rodent|mouse|Ttc14|ENSMUSG00000027677|3|33702372|33702527|+|up_exon	593	132	83	219
rodent|mouse|Ttc14|ENSMUSG00000027677|3|33702372|33702527|+|utr	337	153	64	331
rodent|mouse|Twf1|ENSMUSG00000022451|15|94411375|94411635|-|dn_3intron	708	202	223	197
rodent|mouse|Twf1|ENSMUSG00000022451|15|94411375|94411635|-|dn_5intron	1157	342	83	145
rodent|mouse|Twf1|ENSMUSG00000022451|15|94411648|94411798|-|up_3intron	583	213	55	243
rodent|mouse|Twf1|ENSMUSG00000022451|15|94411648|94411798|-|up_5intron	633	7617	14303	4811
rodent|mouse|Twf1|ENSMUSG00000022451|15|94414806|94414916|-|dn_3intron	787	97	188	435
rodent|mouse|Twf1|ENSMUSG00000022451|15|94414806|94414916|-|dn_5intron	59	64	20	3
rodent|mouse|Twsg1|ENSMUSG00000024098|17|66287141|66287240|-|deep_dn	100	16	24	40
rodent|mouse|Twsg1|ENSMUSG00000024098|17|66287141|66287240|-|deep_up	461	124	166	140
rodent|mouse|Twsg1|ENSMUSG00000024098|17|66287141|66287240|-|dn_3intron	239	29	17	31
rodent|mouse|Twsg1|ENSMUSG00000024098|17|66287141|66287240|-|dn_5intron	9	5	11	9
rodent|mouse|Twsg1|ENSMUSG00000024098|17|66287141|66287240|-|dn_exon	855	252	29	43
rodent|mouse|Twsg1|ENSMUSG00000024098|17|66287141|66287240|-|exon	353	705	822	271
rodent|mouse|Twsg1|ENSMUSG00000024098|17|66287141|66287240|-|up_3intron	661	293	1341	1501
rodent|mouse|Twsg1|ENSMUSG00000024098|17|66287141|66287240|-|up_5intron	320	144	90	88
rodent|mouse|Twsg1|ENSMUSG00000024098|17|66287141|66287240|-|up_exon	717	182	88	270
rodent|mouse|Ube2j2|ENSMUSG00000023286|4|155329531|155329674|+|dn_3intron	49	19	13	19
rodent|mouse|Ube2j2|ENSMUSG00000023286|4|155329531|155329674|+|dn_5intron	528	235	51	20
rodent|mouse|Ube2j2|ENSMUSG00000023286|4|155329531|155329674|+|dn_exon	172	28	14	14
rodent|mouse|Ube2j2|ENSMUSG00000023286|4|155329531|155329674|+|exon	116	71	36	30
rodent|mouse|Ube2j2|ENSMUSG00000023286|4|155329531|155329674|+|up_5intron	711	219	406	999
rodent|mouse|Ube2j2|ENSMUSG00000023286|4|155329531|155329674|+|utr	1123	238	231	680
rodent|mouse|Ube4a|ENSMUSG00000059890|9|44745716|44745829|-|dn_3intron	1107	312	615	343
rodent|mouse|Ube4a|ENSMUSG00000059890|9|44745716|44745829|-|dn_5intron	144	86	139	144
rodent|mouse|Ube4a|ENSMUSG00000059890|9|44745716|44745829|-|dn_exon	133	165	230	136
rodent|mouse|Ube4a|ENSMUSG00000059890|9|44745716|44745829|-|exon	784	188	131	303
rodent|mouse|Ube4a|ENSMUSG00000059890|9|44745716|44745829|-|up_5intron	288	203	126	164
rodent|mouse|Ube4a|ENSMUSG00000059890|9|44745716|44745829|-|up_exon	767	358	384	872
rodent|mouse|Uso1|ENSMUSG00000029407|5|92627362|92627460|+|dn_3intron	505	127	109	406
rodent|mouse|Uso1|ENSMUSG00000029407|5|92627362|92627460|+|dn_5intron	946	480	146	83
rodent|mouse|Uso1|ENSMUSG00000029407|5|92627362|92627460|+|dn_exon	360	188	398	416
rodent|mouse|Uso1|ENSMUSG00000029407|5|92627362|92627460|+|exon	256	95	37	58
rodent|mouse|Uso1|ENSMUSG00000029407|5|92627362|92627460|+|up_3intron	517	89	265	494
rodent|mouse|Uso1|ENSMUSG00000029407|5|92627362|92627460|+|up_5intron	635	197	277	249
rodent|mouse|Uso1|ENSMUSG00000029407|5|92627362|92627460|+|up_exon	409	126	81	244
rodent|mouse|Usp14|ENSMUSG00000047879|18|10017989|10018095|-|dn_3intron	489	129	304	704
rodent|mouse|Usp14|ENSMUSG00000047879|18|10017989|10018095|-|dn_5intron	358	39	83	118
rodent|mouse|Usp14|ENSMUSG00000047879|18|10017989|10018095|-|dn_exon	253	139	249	909
rodent|mouse|Usp14|ENSMUSG00000047879|18|10017989|10018095|-|exon	511	117	76	132
rodent|mouse|Usp14|ENSMUSG00000047879|18|10017989|10018095|-|up_3intron	321	85	235	589
rodent|mouse|Usp14|ENSMUSG00000047879|18|10017989|10018095|-|up_5intron	230	64	22	49
rodent|mouse|Usp14|ENSMUSG00000047879|18|10017989|10018095|-|up_exon	550	96	87	187
rodent|mouse|Vps37a|ENSMUSG00000031600|8|41614463|41614563|+|dn_3intron	26	3	16	46
rodent|mouse|Vps37a|ENSMUSG00000031600|8|41614463|41614563|+|dn_5intron	692	114	160	399
rodent|mouse|Vps37a|ENSMUSG00000031600|8|41614463|41614563|+|dn_exon	359	290	82	53
rodent|mouse|Vps37a|ENSMUSG00000031600|8|41614463|41614563|+|exon	306	90	54	117
rodent|mouse|Vps37a|ENSMUSG00000031600|8|41614463|41614563|+|up_3intron	361	117	86	221
rodent|mouse|Vps37a|ENSMUSG00000031600|8|41614463|41614563|+|up_5intron	387	40	29	14
rodent|mouse|Vps37a|ENSMUSG00000031600|8|41614463|41614563|+|up_exon	298	70	65	55
rodent|mouse|Vps54|ENSMUSG00000020128|11|21192027|21192134|+|dn_3intron	262	76	66	169
rodent|mouse|Vps54|ENSMUSG00000020128|11|21192027|21192134|+|dn_5intron	291	26	42	496
rodent|mouse|Vps54|ENSMUSG00000020128|11|21192027|21192134|+|dn_exon	318	94	120	115
rodent|mouse|Vps54|ENSMUSG00000020128|11|21192027|21192134|+|exon	61	20	20	63
rodent|mouse|Vps54|ENSMUSG00000020128|11|21192027|21192134|+|up_5intron	588	112	103	379
rodent|mouse|Vps54|ENSMUSG00000020128|11|21192027|21192134|+|up_exon	1983	295	440	660
rodent|mouse|Vta1|ENSMUSG00000019868|10|14407420|14407514|-|deep_dn	710	144	105	1598
rodent|mouse|Vta1|ENSMUSG00000019868|10|14407420|14407514|-|deep_up	433	161	790	675
rodent|mouse|Vta1|ENSMUSG00000019868|10|14407420|14407514|-|dn_3intron	355	50	54	66
rodent|mouse|Vta1|ENSMUSG00000019868|10|14407420|14407514|-|dn_5intron	991	2862	10711	6416
rodent|mouse|Vta1|ENSMUSG00000019868|10|14407420|14407514|-|dn_exon	275	105	337	585
rodent|mouse|Vta1|ENSMUSG00000019868|10|14407420|14407514|-|exon	1539	333	723	1820
rodent|mouse|Vta1|ENSMUSG00000019868|10|14407420|14407514|-|up_3intron	78	5	15	5
rodent|mouse|Vta1|ENSMUSG00000019868|10|14407420|14407514|-|up_5intron	142	128	33	3
rodent|mouse|Vta1|ENSMUSG00000019868|10|14407420|14407514|-|up_exon	361	128	51	40
rodent|mouse|Wdr37|ENSMUSG00000021147|13|8834543|8834684|-|dn_3intron	329	173	262	305
rodent|mouse|Wdr37|ENSMUSG00000021147|13|8834543|8834684|-|dn_5intron	636	172	24	152
rodent|mouse|Wdr37|ENSMUSG00000021147|13|8834543|8834684|-|dn_exon	297	139	27	93
rodent|mouse|Wdr37|ENSMUSG00000021147|13|8834543|8834684|-|exon	803	293	258	478
rodent|mouse|Wdr37|ENSMUSG00000021147|13|8834543|8834684|-|up_3intron	425	136	117	300
rodent|mouse|Wdr37|ENSMUSG00000021147|13|8834543|8834684|-|up_5intron	737	291	752	2408
rodent|mouse|Wdr37|ENSMUSG00000021147|13|8834543|8834684|-|up_exon	543	253	51	20
rodent|mouse|Wdr37|ENSMUSG00000021147|13|8834543|8834684|-|utr	14	8	4	19
rodent|mouse|Wdr67|ENSMUSG00000022364|15|57793624|57793818|+|dn_3intron	331	209	141	166
rodent|mouse|Wdr67|ENSMUSG00000022364|15|57793624|57793818|+|dn_5intron	552	195	152	90
rodent|mouse|Wdr67|ENSMUSG00000022364|15|57793624|57793818|+|dn_exon	299	96	67	101
rodent|mouse|Wdr67|ENSMUSG00000022364|15|57793624|57793818|+|exon	230	48	13	19
rodent|mouse|Wdr67|ENSMUSG00000022364|15|57793624|57793818|+|up_3intron	462	91	280	142
rodent|mouse|Wdr67|ENSMUSG00000022364|15|57793624|57793818|+|up_5intron	981	332	201	427
rodent|mouse|Wdr67|ENSMUSG00000022364|15|57793624|57793818|+|up_exon	457	132	286	455
rodent|mouse|Wdr75|ENSMUSG00000025995|1|45868886|45869044|+|dn_3intron	642	124	106	306
rodent|mouse|Wdr75|ENSMUSG00000025995|1|45868886|45869044|+|dn_5intron	39	1	9	19
rodent|mouse|Wdr75|ENSMUSG00000025995|1|45868886|45869044|+|dn_exon	265	61	65	53
rodent|mouse|Wdr75|ENSMUSG00000025995|1|45868886|45869044|+|exon	295	124	120	358
rodent|mouse|Wdr75|ENSMUSG00000025995|1|45868886|45869044|+|up_3intron	996	99	53	914
rodent|mouse|Wdr75|ENSMUSG00000025995|1|45868886|45869044|+|up_5intron	320	202	437	271
rodent|mouse|Wdr75|ENSMUSG00000025995|1|45868886|45869044|+|up_exon	832	186	193	201
rodent|mouse|Wdr81|ENSMUSG00000045374|11|75257757|75257936|-|dn_3intron	420	143	66	29
rodent|mouse|Wdr81|ENSMUSG00000045374|11|75257757|75257936|-|dn_5intron	705	144	111	138
rodent|mouse|Wdr81|ENSMUSG00000045374|11|75257757|75257936|-|exon	94	331	135	90
rodent|mouse|Wdr81|ENSMUSG00000045374|11|75257757|75257936|-|up_3intron	132	56	132	19
rodent|mouse|Wdr81|ENSMUSG00000045374|11|75257757|75257936|-|up_5intron	522	95	51	104
rodent|mouse|Wdr81|ENSMUSG00000045374|11|75257757|75257936|-|up_exon	481	324	285	358
rodent|mouse|Wipf3|ENSMUSG00000086040|6|54439002|54439103|+|dn_3intron	80	29	25	35
rodent|mouse|Wipf3|ENSMUSG00000086040|6|54439002|54439103|+|dn_5intron	178	158	43	83
rodent|mouse|Wipf3|ENSMUSG00000086040|6|54439002|54439103|+|dn_exon	250	156	82	26
rodent|mouse|Wipf3|ENSMUSG00000086040|6|54439002|54439103|+|exon	341	128	45	63
rodent|mouse|Wipf3|ENSMUSG00000086040|6|54439002|54439103|+|up_3intron	167	73	62	39
rodent|mouse|Wipf3|ENSMUSG00000086040|6|54439002|54439103|+|up_5intron	496	377	88	59
rodent|mouse|Wipf3|ENSMUSG00000086040|6|54439002|54439103|+|up_exon	300	188	194	548
rodent|mouse|Wls|ENSMUSG00000028173|3|159574724|159574807|+|up_3intron	1381	368	239	1394
rodent|mouse|Wls|ENSMUSG00000028173|3|159574724|159574807|+|up_5intron	323	74	373	304
rodent|mouse|Wls|ENSMUSG00000028173|3|159574724|159574807|+|up_exon	702	87	69	190
rodent|mouse|Wls|ENSMUSG00000028173|3|159574724|159574807|+|utr	306	103	61	50
rodent|mouse|Wls|ENSMUSG00000028173|3|159576725|159576868|+|dn_3intron	176	116	116	106
rodent|mouse|Wls|ENSMUSG00000028173|3|159576725|159576868|+|dn_exon	1156	281	270	718
rodent|mouse|Zeb1|ENSMUSG00000024238|18|5748239|5748853|+|deep_dn	214	80	67	42
rodent|mouse|Zeb1|ENSMUSG00000024238|18|5748239|5748853|+|deep_up	139	32	20	39
rodent|mouse|Zeb1|ENSMUSG00000024238|18|5748239|5748853|+|dn_5intron	189	124	351	352
rodent|mouse|Zeb1|ENSMUSG00000024238|18|5748239|5748853|+|dn_exon	600	332	1982	409
rodent|mouse|Zeb1|ENSMUSG00000024238|18|5748239|5748853|+|exon	57	84	108	63
rodent|mouse|Zeb1|ENSMUSG00000024238|18|5748239|5748853|+|up_5intron	115	9	5	18
rodent|mouse|Zeb1|ENSMUSG00000024238|18|5748239|5748853|+|up_exon	111	54	45	83
rodent|mouse|Zfp259|ENSMUSG00000032078|9|46084875|46085300|+|up_exon	195	240	160	171
rodent|mouse|Zfp692-ps|ENSMUSG00000037243|11|58123920|58123998|+|dn_3intron	138	139	51	43
rodent|mouse|Zfp692-ps|ENSMUSG00000037243|11|58123920|58123998|+|dn_5intron	407	1346	3660	631
rodent|mouse|Zfp692-ps|ENSMUSG00000037243|11|58123920|58123998|+|dn_exon	298	3021	4883	1043
rodent|mouse|Zfp692-ps|ENSMUSG00000037243|11|58123920|58123998|+|exon	121	77	72	66
rodent|mouse|Zwilch|ENSMUSG00000032400|9|64008625|64008783|-|dn_3intron	689	211	485	231
rodent|mouse|Zwilch|ENSMUSG00000032400|9|64008625|64008783|-|dn_5intron	704	430	362	214
rodent|mouse|Zwilch|ENSMUSG00000032400|9|64008625|64008783|-|dn_exon	334	138	28	73
rodent|mouse|Zwilch|ENSMUSG00000032400|9|64008625|64008783|-|exon	330	386	278	387
rodent|mouse|Zwilch|ENSMUSG00000032400|9|64008625|64008783|-|up_3intron	361	174	963	769
rodent|mouse|Zwilch|ENSMUSG00000032400|9|64008625|64008783|-|up_5intron	810	217	72	457
rodent|mouse|Zwilch|ENSMUSG00000032400|9|64008625|64008783|-|up_exon	331	49	10	15
